hedge,sentence
少し,10年も前の事ことなので今更ですが、[[ノート:神田教会]]にあるロマネスク様式とルネサンス様式の議論について、少し書き込みをさせて頂きました。
ちょっと,:ちょっとフランス語が話せるでしょう！
とっても,<font title=にほん>日本</font>はとっても<font title=たのしい>楽しい</font>な<font title=くに>国</font>です。
あまり,日本語はあまり分かりません日本のWIKIPEDIAに手伝いたいです。
あまり,:さて、恥ずかしながら私はまだカテゴリ関係の仕様や取り決めについて正直なところあまり詳しくありません。
若干,先日、sutou様が[[班田収授法]]に班田収授の弛緩の理由を加筆なさったのを拝見いたしましたが、誠に失礼ながら、若干の疑義を感じました。
大変,自分も浅学の身ですので、失礼な意見を書いてしまったかも知れませんが、ご寛恕頂ければ大変幸せます。
少し,まだまだ解らないことがたくさんありますが、少しずつ理解できていければと思います。
かなり,かなりベテランの方のご様子。
少し, ご案内いただいたガイドラインなどをじっくり読み返しながら、少しずつ慣れていきたいと思います。
少し,これから少しずつですが執筆していきたいと思います。
非常に,この点、私も、[[User:Calvero]]さんや[[User:Ks_aka_98]]さんのご意見と同様に、専門分野での「常識」であっても、ウィキペディアの記事とする際に、参考文献の記載は必要だと思います<small>（というのは、Nekosuki600さんはご承知の通り、「刑事法」（実体法である「刑法」、手続法である「刑事訴訟法」、その他「特別法」も含む）の分野では、判例と、それぞれの学者（学説）や実務家（検察官、弁護士、裁判官それぞれ）の間で、非常に大きな見解の相違ないし対立があるからです。
とても,このため、「誰がどこで述べたことか」ということ（つまり出典）を明示することが、とても重要であると考えられます。
とても,そうすると、日本語版ウィキペディアの記事の質の向上にとても貢献できると思います。
非常に,しかし、Nekosuki600さんにお知らせしたとおり、日本語版ウィキペディアでは、記事編集の根幹に関わる規約の整備等が、英語版に比べて非常に遅れています。
とても,とても感謝をしております。
とても,まだ中学生であるにもかかわらず、きちんと挨拶を返していらっしゃるので、とても礼儀正しくて感心しました。
相当,[[User:Suisui]]さんは、大人ですが、何人ものユーザーが、相当に長い間、辛抱強く、[[Wikipedia:コメント依頼/Suisui20070111]]で回答をお待ちしている方です。
とても,とても役に立ちました。
とても,[{{fullurl: 利用者‐会話:タカカ上等兵|oldid=6840144}} 2006年7月26日のSuisuiさんのウェルカムメッセージ]が、どこでどのような役に立ったのか、とても不思議に思いました。
十分,プロバイダに通報するとしても、１週間という短い期間でなされた行為について何らかの対処を求めるというのはあまりに不十分であるし、プロバイダから「長期に渡って継続している証拠を提出してください」と言われるのは当然で、言われれば現時点の基準ではそれまでです。
あまり,プロバイダに通報するとしても、１週間という短い期間でなされた行為について何らかの対処を求めるというのはあまりに不十分であるし、プロバイダから「長期に渡って継続している証拠を提出してください」と言われるのは当然で、言われれば現時点の基準ではそれまでです。
非常に,広域ブロックの巻き添えをくって自宅からの@niftyの接続がブロックされてしまっており非常に迷惑しています。
ずいぶん,:ずいぶんと的外れのレスのように思えますが？
非常に,加えて自分は先月末にウィキペディアに来たばかりで、よく勝手のわからないうちにブロックを受けてしまい、最初は非常に当惑しました。
非常に,私も@niftyの当該IPへの広域ブロックが原因で、今月上旬より自宅からの投稿ができず非常に困惑しているものです。
少し,（インデント戻し）口論に首を突っ込むつもりはありませんが、あまりにもひどいので少しだけコメント。
あまり,（インデント戻し）口論に首を突っ込むつもりはありませんが、あまりにもひどいので少しだけコメント。
あまり,::ウィキペディアに精通されているKazutokoさんにとっては、私（私たち）の発言や記載の仕方が「あまりにもひどい」「礼儀を全くわきまえない」と映ったかもしれませんね。
大変,Suisuiさんに伺うのは大変恐縮なのですが、ご存知でしたらご教示いただけると幸いです。
大変,メッセージを頂いてからもう半年以上もたってしまい、大変恐縮ですがこの場を借りてお礼を申し上げます。
少し,<br>ウィキの仕組みを少しかじってやっとメッセージをお返しできるようになりました。
あまり,自分はあまり他の人と話すことがないので会話はしばらく休ませて頂きます。
あまり,私はあまりにあなたが私に対して@niftyの広域IPレンジブロックについてCU依頼の提案を行なったと主張するものですから、直接にはDIONのそれについて賛成をし、@niftyについてはコメントとして付記したというだけという旨を記述しただけです。
少し,私は、少し前に、[[Wikipedia‐ノート:広域ブロック]]や、[[MediaWiki‐ノート:Blockedtext]]等の議論に加わって、[[Wikipedia:広域ブロック]]や、[[MediaWiki:Blockedtext]]の修正等のお手伝い等をしました。
十分,このため、色々と不十分な点があると思っています。
十分,<small>個人的には、荒らしのIPが公開されないのに対して、善良な「巻き添え」ユーザーは、IPを不特定多数に公開しなければ穴開け依頼ができないという、今の規約では、均衡を欠くだけでなく、「[[:m:Privacy_policy/Ja]]」から考えても、まだ不十分だと、実は思っています。
あまり,</small>ただ、[[Wikipedia‐ノート:広域ブロック#残りの課題]]などの議論はあまり進んでいません。
少し,これらの議論に今後、通常の理解力と協調性を備えた、新しいユーザーが多く加われば、もう少しスムーズに規約が整備できるのかも知れません。
少し,もしよろしければ、広域ブロックが解除され、少しウィキペディアに慣れてからでも、Wikipedia空間のノートページなどものぞいてみられてください。
非常に,非常に少数の人間の合意「らしきもの」つまり、後の弁明を見てみれば、通りすがりの人間やらが適当にあいうちを打っているレベルのコメントをそれを合意とみなし、裁量で１３万人利用のプロバイダを半年広域ブロックしたということです。
少し,<small>本論から少し逸れたコメントを除去しました。
大変,忙しい忙しいといいながらたまの管理行為はこうやって多大な混乱を引き起こし、後々のサポートも一切なしというのならば、何も仕事してくれないほうがよほどコミュニティへの貢献になるし、方法論を厳密に適用すればNGでルールの例外処置改変など手間がかかり整合性を取るのが大変であるのならば、日本語版利用者からやめてくれという声が集まった時点て辞任すればよいでしょう。
十分,::範囲ブロックの巻き添えになっている方々、および Suisui さんには、私が行ってしまった不十分な情報に基づくCU・ブロック依頼のためにご迷惑をおかけしまして、申し訳ありません。
十分,十分通報に値する荒らし行為だと考えられます。
それなり,また、@niftyには個人的に連絡を取っていますが、管理人がＩＰを報告すれば、それなりの対処が行われる模様です。
非常に,先程新規アカウントの確認をしていたところ、[[User:Suisui·|Suisui·]]という非常に紛らわしいユーザーを発見いたしました。
あまり,投稿したくても投稿できないなんて、あまりにも悲しいじゃないか！
結構,'''抵抗を感じられる場合は無視して頂いて結構です。
とっても,あなたはとってもいい人だと思います。
結構,貴方の文章は日本語的に間違っている物が結構目に付くのですが……。
とても,約9年の時を経てウィキペディア日本語版に戻ってきてくださったことをとてもうれしく思います。
少し,調子が出てきたら少しずつ。
非常に,ウィキペディア日本語版の運営にも深く関与する理事会の[[:m:Wikimedia Foundation elections/2021/Candidates/ja|候補者]]の選出に際し、投票資格をお持ちの数少ないユーザーの一人であるSuisuiさんのご意見を反映することは非常に重要だと考えています。
ある程度,以前、ある程度中心的な役割をしておられたSuisuiさんには、よいことにせよ悪いことにせよ、現在の状況についてある程度責任もおありだと思うので、参加をお願いします。
とても,title=%E3%83%8E%E3%83%BC%E3%83%88:%E3%82%A6%E3%82%A3%E3%82%AD%E3%83%9A%E3%83%87%E3%82%A3%E3%82%A2%E6%97%A5%E6%9C%AC%E8%AA%9E%E7%89%88&oldid=81829809#%E6%97%A5%E6%9C%AC%E8%AA%9E%E7%89%88%E9%96%8B%E5%A7%8B%E3%81%AE%E6%97%A5%E4%BB%98%E3%81%AA%E3%81%A9%E3%81%AB%E3%81%A4%E3%81%84%E3%81%A6 ウィキペディア発足時期のご考察]、とても興味深く拝読し、植物の原種を探り当てるような、地道で粘り強いご貢献に感謝申し上げます。
大変,改めて大変な労作をまとめられたのだと感じ入りました。
かなり,疫病や戦争によって、2014年ぐらいまで参照できていたUseModWikiなどのネット上のリソースもインターネットからかなり失われました。
とても,それにつけても Wikipedia はとてもよく作り込まれた Wiki ベースの Web アプリですね。
ちょっと,　ちょっと急な話なんですが、ウィキペディアの初期の様子を知っている方に、ということなので。
大変,古い画像が発見されたために大変申し訳ございませんが、該当する画像（ファイル）（'''[[:Image:Ryogoku sta1.jpg]]'''）には撮影者などの出典が明記されていないため、著作権の状態が明らかになっておりません。
ある程度,　フィルムカメラでも発生するが、こちらはフィルムの乳剤の厚みによってある程度は吸収されます。
非常に,ウィキペディア日本語版の運営にも深く関与する理事会の[[:m:Wikimedia Foundation elections/2021/Candidates/ja|候補者]]の選出に際し、投票資格をお持ちの数少ないユーザーの一人であるTom-aさんのご意見を反映することは非常に重要だと考えています。
あまり,"サーバの関係上まだあまり大っぴらにできないのですが
"
ちょっと,もうちょっと整備して年とか年代とかも公開する予定です。
大変,　大変参考になりました。
十分,Wikipediaのよくないところのひとつは必要なCreditが十分に個人に与えられていないです。
ちょっと,:これはちょっと違います。
少し,もう少し、Googleで調べてみたところ、Heian Jogakuin Universityの方が正しそうに思えます。
少し,あのような決定をするまでには迷うことなどもあったのではないかと思いますが、設立時にも少し書きましたが、ウィキペディアが特定個人のユーザに依存してしまうとか、何かを義務として課すのはよくないと思うので、Hoge-さんの都合がつかなくなれば他の人なり財団なりが、他の形で工夫してやっていくのがよいと思います。
少し,完全に閉鎖されるのはもう少し先だそうですが、とにかく今まで管理・運営お疲れ様でした。
ある程度,"*#既存の一部の駅の解説記事について、内容にある程度の基準を設定し、この基準に達しない記事を削除する案について賛否とその基準の設定　　[[利用者:藤井三方|藤井三方]] 2005年4月16日 (土) 04:03 (UTC)
"
ちょっと,* ちょっと忙しいのと、こちらに来ると時間を使いすぎちゃうので、しばらく来ていませんでした。
かなり,Setuさんの説明がかなり秀逸で、それをそのまま持って行こうと思ってまして･･･。
ちょっと,ちょっと時間が出来て来たので、ヰキペヂア中毒が再発することを心配しつつ。
少し,少し前に[[Wikipedia:削除依頼_2004年12月#ブラックホール]]に書かれていたコメントにお返事書きました。
十分,"古い記事で当時十分文書などが整備されていなかったものですが、
"
大変,"大変古い話で恐縮なのですが、Setuさんが2003年3月29日 (土)に立ち上げられたバリ島の記述において、
"
少し,:会話ページですし、少し書かせてもらっても良いかな、と思うのでお邪魔します。
ちょっと, 日本語で直接書く場合は手間になるので、しなくても良いと思いますが、英語から翻訳するときはちょっとした手間で便利な事になるのでって感じです。
あまり,限りあるサーバリソースを使っている現状を考えると、リダイレクトは減らすべきものであって、英語と日本語で２重に項目を作るのはあまりおすすめできません。
かなり,資源的にはかなりきついのでしょう。
十分,英語の単語で検索できる、日本語版の記事名が分かるなどは普通に言語間リンクで解決できているのですが、それでは不十分でしょうか？
ちょっと,私たちが記事を書く時によく調べたり、ちょっと気をつけるだけでいいのですから、そこを省くために限りあるリソースを食いつぶすのはあまり・・・。
あまり,私たちが記事を書く時によく調べたり、ちょっと気をつけるだけでいいのですから、そこを省くために限りあるリソースを食いつぶすのはあまり・・・。
あまり,:翻訳の仕方、ですが、英語の１文と日本語の１文を続けて書くのは非常に見にくく、Wikipedia上を眺めていてもあまり一般的では無い気がします。
非常に,:翻訳の仕方、ですが、英語の１文と日本語の１文を続けて書くのは非常に見にくく、Wikipedia上を眺めていてもあまり一般的では無い気がします。
結構,:*一度上の手順を試して頂けると分かるかも知れませんが、結構簡単で、流れ的にいろいろな事が自動的に起きます。
あまり,"日本語と英語で別々に存在するだけでも冗長がおおきいのに、それ以上増やすのあまりにも重複が激しいと思い、そうなるよりは英語は英語で作ればいいじゃないの、と思ってお邪魔してみました[[利用者:Suisui|suisui]] 23:25 2003年3月13日 (UTC)
"
すごく,:ですが、これは杞憂で、とりあえず、英語版がすごく充実していると感じることが多いので、英語版の翻訳者への情報の提供と言う意味で、「記事を翻訳するときには、英語のタイトルも日本語版ウィキペディアにいれておく」は便利だと思います。
少し,少しずつでも 私から手を加えていこうと思っていますので、気長にお待ちください。
とても,:全部翻訳はとてもできないので、冷や汗かきながら中学生英語で補足してきました。
ちょっと,ラテン文字転写がちょっと一般的ではない方式で誤解なさったのかもしれませんが。
結構,[[京都・ハーバード方式]]といいまして、私は結構便利な表記だと思うのですが、意外と普及していないんですよ。
あまり, ひょっとしたらあまり活動できないかもしれませんが、どうか今後とも宜しくお願い致します。
あまり,まあ、いずれも古い史料ですので、あまり信憑性は無いかもしれません。
かなり,実はあれから検索エンジンで検索してみたんですが、ウィキペディアからの引用と見られる「1484年説」がかなりヒットしてしまい、今更ながら後悔しています。
あまり,要は、、あまり、お気に病まれませんよう・・。
あまり, まあ、私もタロティストというほどタロットに詳しくないもので、あまりお役に立てないかもしれません。
ちょっと,もっと一貫して研究していれば、今頃はちょっとしたマニアになれてたんでしょうけどね。
少し,もう少し調べてみて（英語は殆ど読めませんが洋書なども・・）確認が取れないようであれば、一旦除去しておくことに致します。
非常に,私は問題の利用者の行動を[[ノート:ヨット (ギリシア文字)]]で偶然見つけて、それ以降対処に当たっていましたが、Peehyoro Acalaさんが[[ウガリット文字]]での問題発生を荒らし報告にお知らせいただいたときまで、まさかそれ以前にも別の文字の存在主張をしていたとはつゆ知らず、大変助かったのと同時に非常に驚きました。
大変,私は問題の利用者の行動を[[ノート:ヨット (ギリシア文字)]]で偶然見つけて、それ以降対処に当たっていましたが、Peehyoro Acalaさんが[[ウガリット文字]]での問題発生を荒らし報告にお知らせいただいたときまで、まさかそれ以前にも別の文字の存在主張をしていたとはつゆ知らず、大変助かったのと同時に非常に驚きました。
大変,::私は、梵語に関する資料を持ってなく、大変勉強になりました。
ちょっと,"漢数字洋数字が入り乱れるのはちょっと…[[利用者:G|G]] 14:40 2003年7月18日 (UTC)
"
あまり,百科事典では普通、紙数の関係で日本史の日付まではあまり書かないでしょうが、ウィキペディアだから日付まで細かく記すとなると、漢数字で区別するのが最善だと思います。
あまり,:ウィキペディアというか、日本の学校教育が、和暦と西暦（とくに月日）の関係や「和暦」そのものをあまり深く教えてこなかったので、西暦年と和暦月日を混用してしまうというおかしなことになってしまったわけです。
非常に,ただ、記事中に国名が書かれていないのは、非常に細かくて繁雑だからでしょう。
少し,少し自粛されては。
十分,人気芸能人やスポーツ選手をはじめ、マスメディアや巷で話題になった人は、毎年出る「年鑑」や「百科事典」でも特集を組んで取り上げられているので、ウィキペディアで取り上げる意義は十分あります。
ちょっと,ちょっと無知をさらしてしまいました。
ちょっと,数学の記事を書けるほど勉強はしていないのでちょっと気が引けますが WikiProject　Mathematics のノートにでも持っていってみようと思います。
あまり,別に詳しいわけではないので、あまり正確にお答えすることはできません。
あまり,:というようなものではないですよね... 浅知恵を駆使して邪推をたくましくしてもあまり得るところがないので、この辺でやめておきます。
非常に,:今回の件では、オリジナルのサイトで“監　督　賞：”・“脚　本　賞：”の様になっている部分までそっくりコピーしてきていたため、非常に気になったということもあります。
少し,僕も少し前、GNU_FDLの日本語訳を読もうと思ったらOpensourceが落ちていました。
結構,それから、管理用ページが使えなくなっていますが、ダブルリダイレクトとか自己リンクの類は掃除しないと結構すぐに溜まってしまうものなんでしょうか？
ちょっと,":管理ページの機能が使えない以上、現在どのくらいあるのかちょっとわかりませんね……
"
やや,ただ、Queryがややこしくて僕にはよくわからない部分がありますが。
ちょっと,自己回帰リンクもできるようなのですが、データベースへの負担が多少大きいかも知れないので、ちょっと誰かに相談してからにしようと思います。
多少,自己回帰リンクもできるようなのですが、データベースへの負担が多少大きいかも知れないので、ちょっと誰かに相談してからにしようと思います。
多少,ローカルに環境を持てるならば、(多少過去の状態になりますが)データベースをダウンロードして調査できると思いますが、私はこの対応はできません。
ちょっと,ただ、ちょっとあれな部分とかあるのでその辺アレンジしますが。
相当,　私はタイ語は判読できませんが、友人によりますとたとえばタイ国版の皇室に関する記事では、日本語の敬語に相当する表現が使われているとのことです。
やや,前回の編集からやや時間が経過していた、IPアドレスが異なっていた、更に要約欄に記載がなかったために00:49(UTC)以前の編集に遡ってチェックしておりませんでしたので「Three Revert 細則」(二人のユーザー(一方または他方が同一プロバイダのIPアドレスや捨てハンの場合を含む)の間での差し戻し)に反した処置となってしまいました。
ちょっと,ちょっとやってみましょうか?
大変,大変お久しぶりです。
結構,覚えているもの、判るものだけで結構ですのでよろしくお願いします。
かなり,ただいま[[Wikipedia:削除依頼/GFDL上問題のある関連文書]]および[[Wikipedia:削除依頼/GFDL上問題のあるリダイレクト]]という削除依頼が依頼されており、Lupinoidさんがかなり以前に編集された[[Wikipedia:決まり文句集]]（現在はリダイレクト）におきましても、初版で翻訳時の履歴継承がないことによるGFDL違反が指摘されています。
ちょっと,法律関連でちょっと疑問に思っていることがあるんですが、質問してみてもよいですか？
やや,）の問題はややこしくて。
大変,いえ、大変参考になりました。
少し,とりあえずアメリカの著作権法についてもう少し注意を払うことにします。
ちょっと,<br>メーリングリストでちょっと尋ねて見たところ、カリフォルニアの基準で問題のないコンテンツなら削除しなくていいんだ、という意見が返ってきたのですが、そういうものでしょうか。
大変,大変参考になります。
やたら,言論の自由を重んじようとするウィキペディアとしては管理者にやたら削除してまわって欲しくないところでしょうが、やはりそうなりますか。
非常に,またまた非常に参考になるお返事、どうもありがとうございます。
結構,結構です。
大変,:大変有難うございました。
大変,ご挨拶に伺う時にはいつもお願いやご相談ばかりのようで大変恐縮なのですが、ひとつご相談したいことがあります。
結構,"なお、このウィキメールは多数の利用者様へ送信していますので、返信は結構です（＾人＾） --[[利用者:Σ64|Sigma64]] 2012年1月5日 (木) 00:27 (UTC)
"
若干,わざわざ写真を投稿頂いている方への敬意が若干欠けているようにも感じられます。
十分,単に機械的に通知をするのではなく、投稿者に十分御納得頂けるよう、配慮頂ければ幸いです。
かなり,しかし、写真をもらったのはかなり以前の話ですので、いきさつを忘れてしまいました。
いささか,"いません）あたりですが、あの記事は私がでっちあげたスタブなので、いささか忸怩たる
"
十分,大学の図書館で調べるので、資料は十分にあります。
あまり,ウィキペディアは宣伝の場所ではなく百科事典を作成するプロジェクトなので、記事名とあまりに関係のない内容であれば、削除されてしまうと思います。
十分,ただ、どのページも書き換えられる可能性はありますので、「おまかせ表示」を押さなくとも質の低い書き込みに遭遇する可能性は十分にあるのです。
少し,:）[[オランダ]]の記事に少し前にあった編集で、アーティストなどの表記についてのものなんですが：　http://ja.wikipedia.org/w/wiki.phtml?
少し,::僕はゴッホならヴァン・ゴッホ、と表記することしか思いつかないような門外漢ですが、Ryojiさんはその辺りもう少し詳しかったような気がしたのですが、よい案などありますか？
あまり,:あまりお役に立たないかもしれませんが、こんなところです。
あまり,原語読みにあまりこだわりすぎると、誰も知らない表記になってしまうことがありえますし、不便にならない範囲で適用するのが良いように思います。
やや,:余談ですが美術関係の人名のアルファベットの綴りや、複数の名前（表記ではなく）がある場合の確認には、やや英語圏よりではありますが [http://www.getty.edu/research/tools/vocabulary/ulan/ Getty Union List of Artist Names](ULAN) というのを使ってます。
結構,どこからもリンクされていないリダイレクトは結構な数存在しているようで、問題ないと思いますよ。
多少,リダイレクトにリンクが張られている状態よりも、記事そのものにリンクが張られている状態の方が多少よい、という考えの人もいるようなので、その立場からはリダイレクトはどこからもリンクが張られていなくてもそれでいいのだ、ということになると思います。
結構,[[利用者:Tomos|Tomos]] 17:16 2003年7月6日 (UTC) （このメッセージも消して下さって結構です。
かなり,（他にもかなりいろいろあると思うのですが、思い出せません。
かなり,[[阪大坂]]に移動してかなり書き換えました。
ちょっと,"ちょっと（かなり）理解し難いのですが・・・
"
かなり,"ちょっと（かなり）理解し難いのですが・・・
"
いささか,複数の表記が可能な場合であれば、提案をして合意を形成するのは当然ですが、表記にいささかの問題も起こりえないような状況であれば、直ちに改名して然るべきでしょう。
少し,」と言っていますが、あなたは方針を見ずに独断で物事を進めることが多い気がしますが、[[利用者:HATARA KEI|この方]]のようにもう少し慎重に行動してほしく思います。
十分,方針を十分理解したうえで、「何が一番大切なのか」を第一に考えているだけです。
結構,"==　写真削除も結構ですが　==
"
結構,削除も結構ですが未だに科学館にあると思って訪ねる方が迷惑されますのでこのままの記載とします。
少し,もう少しウィットとユーモアと上質な批判精神に富んだ方たちと思っていましたが。
結構,アンサイクロペディアは、結構好きなサイトなんですけどね。
それなり,ウィキペディアでそれなりの位置を占めたいのなら、[[Wikipedia:方針とガイドライン|ウィキペディアの基本方針]]を100回音読してから、顔を洗って出直してきてください。
結構,: ウィキペディアというのは、誤解されがちですが、誰でも自由に参加できるがゆえに結構不自由です。
十分,誰かが、ウィキペディアを自分の撮った（稚拙な）写真のギャラリー代わりにしようと思っても、百科事典に掲載する写真として不十分（ウィキペディアの画像は、その項目の扱う主題の説明のためにあります。
少し,それをまともに知りもせず（知ろうともせず）、アンサイクロペディアと同じ方針で動いているかのように勘違いされているようなので、まずあなたがすべきことを「少々大げさ」に表現しただけなんですけどね（まあ、こういうジョークが通じる相手かどうか、もう少し相手を見てから言うべきでした。
あまり,"具体的に申し上げれば、私は前述のカンザスシティの件では、スタブを分割してサブスタブを2つ作ってもあまり意味が無いので、[[:en:Kansas City, Missouri]]と[[:en:Kansas City, Kansas]]の翻訳を基に[[カンザスシティ (ミズーリ州)]]と[[カンザスシティ (カンザス州)]]の2記事を新たに立項し、もとの<nowiki>[[カンザスシティ]]</nowiki>は[http://ja.wikipedia.org/w/index.php?"
いささか,久々に議論らしい議論に首を突っ込んでみたわけですが、今回の件は、話が堂々巡りをしてしまって、いささか疲れました。
あまり,同人誌にはあまり触れる機会がないのですが、そんな私でもこの作品は知っています。
あまり,以前から気になったいたのですが、私の問いかけにKoneさんはあまり好意的に回答していただけないように感じています。
結構,: 私を荒らしか何かと認識なさり、荒しごときの質問には回答する必要はないとお考えでしたら、そうおっしゃっていただければ結構です。
少し,:それさえなければ、もう少し軟らかい対応ができたのにと思います。
十分,要は双方誤解があるように見受けられますので、双方とも言葉遣いに十分な配慮をお願いします。
ちょっと,記事名のルールだと基本的に営業開始を基準とするルールとなっておりますが、このカテゴリではどのような運用をするのか、ちょっと気になりましたので質問させていただきました。
相当,また、営業開始基準では、実際の製造・竣功と相当タイムラグがある場合があり、カテゴリ名を「○○年製の鉄道車両」としている以上、そのカテゴリ名との齟齬を極力生じないようにしないと混乱を生じると思います。
あまり,ご提案の10年区切りについては、あまりにも長すぎるよなあというのが率直な感想です。
多少,多少無理をしても、1年単位でいきたいなあとは率直なところです。
ちょっと,その後、他の方も製造年カテゴリの作成などを行なう方が出てくるようになっていますが、ちょっと気にかかった部分がありました。
相当,ロンドン地下鉄の車両記事に製造所年のカテゴリをおそらく記事中の営業開始日を参考に追加してくださっていますが、ロンドン地下鉄の車両の場合、車両が製造されてから営業開始するまでに相当時間が開く事例が少なからずあり、営業初年は必ずしも製造初年ではありません。
あまり,日本語版Wikipediaでは営業入りした日を基準にすることが多いので記事中には営業入りした日だけを書いて製造された年はあまり書かずに編集してきていますので、同様の編集をされる場合は記事に書いてあるのが「営業入りした年なのか」「製造された年なのか」のご確認をお願いできればと思います。
結構,: こういう作業をしていると、製造に関する事項など基礎的な事項が抜けている車両記事が結構多いのに驚かされます。
あまり,:Cassiopeia-Sweetさんへのお答えでも述べましたが、これをあまり厳格に運用してしまうと、実態（あるいは感覚）とかけ離れてしまうと思います。
ある程度,ある程度弾力的に運用したほうが良いとは、先に述べたとおりです。
十分,: そのあたりの事情は、十分承知した上での編集です。
十分,また、「羽島駅 (曖昧さ回避)]]は無用の長物とおっしゃいますが、曖昧さ回避のためのページとして十分に機能します。
ちょっと, 確かに何件かここで事故が起きたことがあると聞いたことはありますが、1885年かどうか私は知らないですし、本文でも説明されていない年のカテゴリに属するのは意味がちょっと分からないです。
結構,あちらの議論に割り込んでくださっても結構ですが、私は議論の相手とは認識しませんので、あしからずご了承ください。
少し,少し上のほうであなた御自身が記された、「人間は感情の動物であることを忘れないでいただきたい。
大変,本通駅の統合の際、大変お世話になりました。
十分,しかしながら、提供された画像は正面からの1枚のみで、（ご提供くださった方には悪いのですが）百科事典に載せる画像としては甚だ不十分と考えています。
大変,いつも大変お世話になっております。
あまり,さて、Koneさんが初版投稿者となっている[[名寄本線]]および[[岩内線]]について、[[利用者:HOPE|HOPE]]さんが[[プロジェクト‐ノート:鉄道/路線#検証可能性に著しい問題がある路線記事について]]で出典があまりないことを問題視しており、このうち名寄本線については[[ノート:名寄本線]]にて近く出典がない部分の大幅な削除する予定であることを通告してきております。
十分,だけで十分です。
とっても,一般の利用者の方にとっても、曖昧だとわかりにくいかと思いますので、記事名の制約に従い、タグを貼り付け、記事を「羽島郡笠松町米野の、北派川にかかる」に訂正したいと思います。
大変,:: 貼り付けるべきタグの種類については、私に間違いがあったようで、大変失礼致しました。
非常に,== あなたはランダムにウィキメディア財団のコミュニティテックチームの非常に簡単なアンケートに選択されました！
非常に,最終時点でどのような状況であったか、どのように消滅したかは、郡の現状を記述するうえで非常に重要な要素であり、本文中で明確に記述されるべき考えます。
十分,申し遅れましたけど、どのように消滅したかは、最初の部分と沿革の項目で二度同じ事が書かれているので、沿革の項目にて記載するだけで十分です。
非常に,Bigbang19さんが編集されたように当該部分を削除してしまうと、消滅の事情について非常に煩雑な（数百年分の）沿革を最後まで読まなくてはならなくなり、可読性に支障を生じます。
あまり,明らかに荒らしであるならともかく、異議に対してろくな説明もせずに「自分と意見が違うから排除しなければならない」というのは、あまりに乱暴すぎませんか。
大変,大変失礼いたしました。
十分,それに対する知識のない「門外漢」に十分考慮して書かれるべきです。
相当,[[大東亜共栄圏]]にて2017年3月22日 (水) 03:57時に日本→大日本帝国への編集を行い、私が差し戻させていただいたものを再び同様の編集を繰り返されておられますが、「日本」表記だったものをノートの合意なく「大日本帝国」へ編集するのは[[プロジェクト‐ノート:日本史/過去ログ2|過去合意]]に相当し、当該部分に付き差し戻しを行った次第です。
大変,大変申し訳ありませんでした。
十分,と言いますのも、Koneさんは、削除した理由について「発音記号で十分。
十分,「発音記号で十分」とされていますが、デュエットの英語の発音記号は、米国英語 [duːét]、英国英語 [djuːét]または[djuːuːét]と、米国と英国で異なります。
十分,英国英語の発音[djuːét]のみを記載するだけで、本当に十分なのでしょうか。
十分,たとえば、[[1984年の鉄道]]には、この年の開業・廃止路線が列挙されているわけで、これで十分ではないのですか。
十分,誘導先の関連項目については、誘導先からリンクすれば十分なのであって、それを、曖昧さ回避のためのページに置いておくことは、先ほども申し上げましたように、読者に無用の混乱を招くだけです。
十分,[[藤枝駅]]と新日邦藤枝駅南口開発プロジェクト(※脚注等が不十分との理由でリダイレクト化されまた)のページを荒らそうとしたわけではありません。
十分,それで十分では？
十分,:: まったく十分じゃないです。
少し,もう少し、まともな議論のできる方と思っていましたが、失望しました。
少し,曖昧さ回避のためのページが何のために設置されているのかを、もう少し真剣に考えていただきたい。
十分,自分の持論が十分に合理的であると判断すればこそ、同様の編集を続けてきましたし、今後もそうするつもりです。
十分,あなたの主張は、根拠を示せとの一点張りですが、それに対する私の考え方は説明は十分しています（方針文書がないことなど、百も承知です。
いささか,もし、先に「告げ口」をした方が最終的に利を得るのであるのならば、いささか公平を欠いてはいないでしょうか。
あまり,私の「曖昧さ回避のためのページは、水先案内のみに特化すべき」という考えは変わりませんが、私がウィキぺディアに参加する目的に照らし、あまりに瑣末で馬鹿馬鹿しいのでやめておきます。
少し,当該ノートでも申し上げましたが、もう少し冷静に発言していただけないでしょうか。
少し,私も当該議論を拝見しましたが、少しヒートアップが目立つように感じます。
大変,Koneさんの理想はお察ししますし過去に私も[[アメリカン]]の曖昧さ回避で過剰な内部リンクを追加しKoneさんに修正していただいているので私から申し上げるのは大変心苦しいのですが、どうか「落とし所」を無理なく探っていただければと思いコメントさせていただきました。
かなり,「全保護」はかなり強烈な措置であり、容易には実施できません。
大変,ただ、ずっと頑張るのは大変ではありませんか。
非常に,非常に危ない状況であると判断したため、[[Wikipedia:投稿ブロック依頼/Kone]] を提出させて頂きました。
あまり,さて、あなたの言動を見るにあまりにヒートアップなさっているので3日間のクールダウンブロックとしています。
少し,ここ数日、管理者の方の荒らしへの対処が早くなり、苦言を呈した甲斐が少しはあったのかなと感じております。
結構,::記事の今後の編集方針についてはそれぞれの記事のノートページで検討されれば結構ですが、本質的に同じ問題が「度重なっている」こと、そしてそれが個人によるオンライン上の編集行為だけではなく、アウトリーチの場において初心者へのレクチャーに及んでいることから危惧される悪影響について、苦言を申し上げています。
少し,コメント依頼が並行することになりますので、少し待ったほうがいいのだろうかと思っていましたが、Araisyoheiさんが後述の決断を下すにあたり必要なようであれば、早期に合意形成のためのコメント依頼を提出することは可能です。
十分,一方で、結果として記事の性質の把握が十分でなく、自治体側のウィキプロジェクトにおける個別の議論や運用実態まで確認できていなかったことは事実であり、その点については私の確認不足であったと認識しております。
十分,すなわち、私の判断の前提となった参照情報に不十分な点があったことが、結果として状況の誤解につながった、という趣旨です。
十分,:また、ノートに寄せられていたご指摘につきましては、当時、通知の確認が十分でなかったこともあり、対応が遅れました。
十分,参照すべきプロジェクトや既存の議論の確認が不十分であった点、ならびに初動対応が後手に回った点はいずれも私の確認体制の甘さによるものであり、その結果として、ご負担が発生したことについては、真摯に受け止めております。
十分,:さらに、これまでの議論の過程において、私自身の受け止めや応答が、結果として逐一十分に整理されたものになっておらず、そのことが誠実さに欠ける印象を与えてしてしまった点についても反省しております。
十分,ご指摘の意図や問題点を十分に咀嚼しきれないまま応答を重ねてしまったことが、議論の停滞や不信感の拡大につながった側面があったという認識を持っております。
少し,もう少し早くコメントするつもりでしたが、下の議論を踏まえて内容を再検討したりしていて遅れていました（師走で忙しいのもありますが...）。
やたら,{{返信}} きちんと考えるべき問題なのにやたら回答が早いと思ったら……。
いささか,京丹後市の方の苦情を受けてのことでしたら、Araisyoheiさんにクレームを入れた方は、Araisyoheiさんが対応されたことで多少の満足は得たでしょうから、その後もなおこの件に起因してウィキペディア・コミュニティへの反感が強まっているのは、いささか不自然に思います。
多少,京丹後市の方の苦情を受けてのことでしたら、Araisyoheiさんにクレームを入れた方は、Araisyoheiさんが対応されたことで多少の満足は得たでしょうから、その後もなおこの件に起因してウィキペディア・コミュニティへの反感が強まっているのは、いささか不自然に思います。
十分,その検討をする時間は十分にあったはずです。
大変,":新参者の立場からお二方に意見するのは大変恐縮ですが、[[Wikipedia:法的な脅迫をしない]]には、
"
あまり,今月にも同様に管理者の肩書で講師活動[https://okunoto-archive.jp/202512/223/]をされるようですが、同様の実績の流用で関係地域の方々に心痛をかけ、コミュニティを巻き込んでの批判を招いておきながら、なんの説明もなく、批判要因であるウィキペディア管理者の肩書を私的に使っての活動だけは続けておられるのは、あまりに利己的で人道に悖る態度に思います。
非常に,:::::[[Wikipedia:管理者]]によれば、管理者は「コミュニティからの信任投票にて一定の信任を得」ているとされていますが、このような倫理観がほんとうにコミュニティに肯定されているのか、今後のアウトリーチの是非を検討するためにも、私も確認したい思いが非常に強くなっていますし、本件についてはなんらかのけじめを付けていただかないことには関係地域のほうが収まりません。
少し,しかし、Wikipedia管理者は本来Wikipediaの維持管理のための特務作業員ですから、その信任・不信任の判断基準は、コミュニティの方針やガイドラインの理解度や判断力であって、個人の人間性は無関係のようにも思われるので、Araisyoheiさんの外部での問題行動がコミュニティの信頼を損なっていることの是非を、管理者としての信任・不信任で問うのは少し飛躍しているようにも思います。
十分,::::::助成金報告について、Metaのノートにおいて、説明が不十分ではないかとのご指摘があることは確認しております。
非常に,非常に不愉快です。
ちょっと,ですが、有名ですのでちょっと勉強すればすぐに出てくるでしょうから一部伏字にします。
かなり,:それでも私が女に見えたのなら、私の中立性はかなりのものだということです。
非常に,私は、書き込んだことを非常に後悔しています。
かなり,私が書いた箇所もかなり端折って書いた部分もあります。
かなり,"投げかけて逆切れしている 133.46.71.117 さんは、かなり偏向
"
少し,こちらは少しは加筆できそうなので、もう少し勉強してそのつながりから、いつか1段落ぐらい加筆できるようになりたいところです。
少し,もう少し画像撮り直したほうが良いですかね。
あまり,あまり関係ないですが、トンボの視力はあまり良くないと聞いたことがあるような気もします。
大変,<br>ところで、大変申し訳ありません、どうやら手が滑ったようです。
大変,大変失礼致しました。
大変,表記の編集拝見し、大変面白く読ませて頂きました。
やや,）がやや文章の流れから浮いている事情もあるんですよね。
少し,まあPNG化する時点で少しアナログっぽくなる気もしますが。
少し,文面からFeZnさんが撮影されたものだろうと推察できるとは感じるのですが、メインページへの掲載された際を考えると、（私だけかもしれませんが、）少し躊躇しています。
少し,なんだかこそばゆい感じがします（汗）この手の写真（実のところ、あと少ししか出せそうにないですが）は総てFeZn自身による撮影ですが、書き方がいまいち不明瞭でした m(_ _)m ので追記しました。
ちょっと,テンプレートの入れ方すら忘れていたので、もうちょっとリハビリしてみます。
非常に,私も非常に百科事典的で見習うべき一枚だと思い一票入れさせていただきました。
大変,大変恐縮です。
少し,仕事の超絶多忙期間が終わったので、ぼちぼち少しずつペースアップしていきたいな……と思っています。
相当,僕自身、昨今本業ばかりしていて（当然と言えばそれは当然ですが）この界隈の動きが分かっていない上にもとより位置付けが予備人員的なもの（なので外してもらうかと昨年来思案中）ですが、今ちらと見てみると当該の案件には膨大な背景があるようですので、そのあたりを精読してから（ここで相当に時間がかかりそうで、大抵の問題は僕が読んだり考えたりしている間に消えてしまうのですが）なおそのとき問題が残存していれば、詳細お返事したいと思います。
かなり,かなり長い間Wikipediaを離れていたので、きちんとしたお返事をしたためる機会を逸してしまいました。
あまり,:ただ、その前の時点を考えても、この2年ほどはアクティブなユーザーでは無かったので、あまり最近のWikipediaについては適切なお答えができそうにない、というのが正直なところです……。
少し,来年に入ったら少し再開できる予定なので、その際に改めて考えてみたいと思います。
かなり,"Wareのページもかなり放置していました……
"
あまり,)は、あまり意味がないですね(^^; 良く見てみると、オプションにはもっといろいろなチェックボックスがあるようなので、これ以上変な知ったかぶりをしないよう、いろいろ勉強してみます。
少し,最近、少し仕様が変わったようなのでちょっと情報が古い部分もあるかも知れないですが。
ちょっと,最近、少し仕様が変わったようなのでちょっと情報が古い部分もあるかも知れないですが。
あまり,実は私は英語があまり得意ではないので(汗)、オプションの文を読むのに 30秒/センテンス くらいかかっていたのです。
かなり,「英語版を翻訳して、nnhの下書きを一部利用」となっていますが、かなりの部分が私の下書きに基づいているように見えます（下書きは英語版の翻訳そのままではなく、構成を大幅に変更し、文章を追加しています）。
若干,新発見があったのかと思ったので若干残念ですが、今後の編集の参考にさせていただきます。
非常に,仮アカウントがどのくらい機能しているか、私たちは今後どのような改善ができるか把握しようとしており、このアンケートに参加していただけるなら、非常に意義があります。
十分,将来的に、独立した信頼できる情報源が十分に揃った段階で、改めて記事化の可否を検討したいと考えております。
少し,これを機会に、少し考えて頂ければ、と思います。
少し,"== 少し落ち着いてもらえないか ==
"
少し,気持ちは分からないでもないが、少し落ち着いてもらえないだろうか。
少し,:正直、僕も少し気になることがあります。
ちょっと,:あ、でも発言の順序を入れ替えるのはちょっと混乱することがあるので慎重にやってもらえるとありがたいです。
ちょっと,"::まあ、我ながら表現がちょっと大げさだったかなとは思いますが・・・(^^;
"
とても,そういう思いがあれば、とても↓こんな真似↓はできないのではないでしょうか。
結構,::うまくいくよう、良い記事が出来るよう、行動で示していただければ結構です。
非常に,本項目が項目として存続すると、あらゆる大差試合、あらゆる強豪国の敗戦について記事化を許すこととなり、非常に危険です。
かなり,TF-geneさんがこの記事を書かれたのはかなり前になりますが、最近の編集にも似たものがありましたので、お願いに上がりました。
非常に,非常に細かい種類分けは便利なのでしょうが、素人にはどんなものか想像つかないと思います。
あまり,削除依頼を出すまでも無いという気はするのですが、白紙化のまま放置というのもあまりよろしくないように思うのですが……。
かなり,ご気分を害されないとよろしいのですが、今回はかなりたくさんの方にこのお知らせを差し上げています。
かなり,さて、今週に入ってから貴殿の編集を見ていると、[[日本における市外局番の変更 ‎]]、[[電話番号逼迫対策]]、[[日本の市外局番]]などの記事の間で記述の転記を行ったり、[[:Category:ラジオの相談番組]]を[[:Category:電話]]の配下に入れる編集を行うなど、単独で変更するにはかなりの規模になっているように見えます。
かなり,"秀の介さんがかなり前に書かれた[[ジャン・アンリ・ファーブル]]の項目について
"
あまり,私のところもあまり通信環境はよくありませんが、早朝のすいている時間帯に更新作業をしております。
大変,大きな記事をその都度開くと大変ですから更新作業がなるべく少なくなるようにしています。
大変,:ところで、路線記事の表化（テーブル化）が流行っているようですが、見やすいですけど駅・列車種別の追加や削除などのメンテナンスが大変そうな気がします。
大変,:駅一覧のテーブル化はメンテが確かに大変です・・・。
ある程度,今度、[[Wikipedia:ウィキプロジェクト 鉄道|ウィキプロジェクト 鉄道]]である程度作った方が望ましいのではないでしょうか？
あまり,自分はまだWikipedia参加開始から約1箇月、そして鉄道関係にはさほど詳しくはないので、あまり文句を言うわけにはいきません。
かなり,ご気分を害されないとよろしいのですが、今回はかなりたくさんの方にこのお知らせを差し上げています。
大変,:管理者への推薦の件、大変光栄に存じますが、今回は辞退させていただきます。
あまり,通信環境がよくないので、せいぜい早朝の数時間かだけ繋いで記事を弄っているだけでして、管理業務にあたる時間もあまりとれません。
少し,駅の記事につきましては、基本だけ作成し、次に補強するまでの間に別の利用者に加筆していただくという構想があったのですが、昨日も本日も少しの補強にとどまりました。
少し,少しずつで結構です。
結構,少しずつで結構です。
大変,いつも雑草取りで大変ご迷惑をおかけ致しております。
ちょっと,が、実際に現地を訪れてみての感想は、やはり同一駅と見るのはちょっと無理があるような気が致します。
大変,上記の件は大変失礼いたしました。
結構,これが伊予鉄道が敷設した危険防止柵の内側なので見ていて結構危ないのですが、これは伊予鉄道は黙認（というか半ば承認）していることのようです。
結構,新鮮な農産物を結構リーズナブルな価格で手に入れることが出来ると好評なようです。
ある程度,"#既存の一部の駅の解説記事について、内容にある程度の基準を設定し、この基準に達しない記事を削除する案について賛否とその基準の内容について　　[[利用者:藤井三方|藤井三方]] 2005年4月16日 (土) 04:03 (UTC)
"
ある程度,また、これは「ロマンスカー」の辞典的な定義である「2人掛け座席」の名称について（おそらく対象は椅子なのかもしれませんが）、当然専門外というのも考慮しますが、ある程度社会的な風俗でお答えできる範囲で構いませんので名称について何かお知りになっていることがあれば[[Wikipedia‐ノート:ウィキプロジェクト 鉄道/「ロマンスカー」での列車名記事との分離について]]で構いませんので、お答えできれば御願いいたします。
ちょっと,[[利用者:Tsk|Tsk]] 04:58 2003年12月5日 (UTC)あそこは短い記事中のその又「白紙記事」置き場だったのでちょっとどけてみました。
結構,（これが結構面倒で、忘れることもあるんですが。
少し,（プライバシー侵害や名誉毀損などは、もう少し緊急対応でもいいんじゃないかと僕は思います。
大変,削除依頼において発言をいただけるのは大変ありがたいのですが、削除/存続の判断を下す際に扱いに困りますので、削除依頼の冒頭にある書式を守ってくださいますようお願いします。
いささか,その後も何がおっしゃりたいのかいささか不分明でしたので、できれば削除の方針に添った理由で補筆をお願い出来ますでしょうか。
結構,今回の行動で、私が管理者として不的確であるとおっしゃるならば、その解任の動議をしていただいて結構です。
あまり,今回の該当項目における投稿者のリンク行動があまりに異常であったので（←それはみていただければご理解いただけるかと思いますが）、すぐに投稿者のノートに対して書き込みする予定でしたが、どうしようもい事情があったので、あえて保護をかけました。
ちょっと,エッセイ的な内容はまだしも、今回のリンクに関する行動は、ちょっと見過ごすことが出来なかった、ということです。
十分,該当投稿者によって起こされた赤リンクが不適切であるという説明をノートに書くべきであるということは十分理解しており、それを書くべきが最善であるということは理解していたのですが、それについては再開時にも行っており、同様のことを竹麦魚さんがされていることを確認いたしました。
少し,要約欄にコメントを書かれておられますが、失礼ながら少し丁寧さに書ける言葉遣いであるように思いました。
少し,お互い齢を重ねているなら、もう少し大きな懐で接しませんか？
あまり,::あまり具体的になると、重箱の隅を突付く様で小姑的かと思い、お分かりいただけるかと思ったのですが、残念ながら具体的でない、とのご指摘をいただきましたので、一呼吸おいてから書き込みさせていただきます。
多少,単に権限が多少付与されているだけとはいえ、兎角管理者ともなれば例え瑣末なことであったとしてもその言動が注視され、無用の軋轢を生むことにもなりますので、誠に老婆心とは存じますが、趣旨ご拝察の上、何卒賢明な対応をなされますよう御依頼申し上げます。
結構,管理者を辞任するのは結構なんですが、いくらなんでも手前勝手じゃないでしょうか。
あまり,2chの本スレではシグネチャーがあるとかないとかで無効じゃないかとか騒いでるのもいるみたいですし、生一本な性格はそれはそれで誉められる点かもしれませんが、あまりに性急な行動はやはり『ばかたれ』以外の何者でもないんじゃないかな、と思います。
いささか,）と言う表現を削っておられますが、あの瞬間において「感動的」であった歴史的事実は動かしがたい上に、その事実を取っ払って、「ベルリンの壁崩壊」が東欧革命の代名詞として扱われる事を説明するにはいささか無理があると思うのですがどうでしょうか？
少し,私自身FA選考に関しては、保留意見をつけていますが、レバノンについての加筆は、もう少し時間をください。
ある程度,::個人的な意見で恐縮ですが、WW2については、ある程度、大項目主義で走っていっていいと思います。
ある程度,[[トンガ作戦]]や[[盧溝橋事件]]などの作戦や事件の重要項目はある程度、軍事に詳しい方が項目を充実させているので、固有名詞がついている作戦や事件はそれらの項目に任せつつ、原因、影響、結果といった独立した項目になりづらいものを徹底的に盛り込むべきだと考えています（早速、私のお誘いに対して、スウェーデンが充実しているのは確認できるかと思います）。
ある程度,これで、欧州連合への道筋がある程度、読者の方も理解できるのではないでしょうか。
結構,ただ、どう記述をするかとなると結構、書き方が難しいかもしれません。
ある程度,そこで、参考文献・堀口松城『レバノンの歴史』（明石書店、2005）を順番に読み砕いていって、レバノンの大統領の項目を新規で作って、上記3人の大統領の項目を作った段階で、ある程度の加筆が可能になったので、書き足したというしだいです。
結構,私宛のノートに何でも結構ですので、ご記入していただければ幸いです。
相当,WW2の選考についてですが、0null0さんが投票しなさった時よりは相当加筆・修正を加えました。
大変,大変申し訳ないですが、書き込みの大半が日本語として理解できませんので回答することは拒否します。
十分,十分な確認をせずに無礼を働きまして大変申し訳ありませんでした。
大変,十分な確認をせずに無礼を働きまして大変申し訳ありませんでした。
非常に,この記事は非常に扱いが難しいものですので、作成当時の事情を知る0null0さんのご意見が重要なのではないか、と考えています。
少し,長くなりましたが、戦車関連には少しこだわりがあったため、見落としや甘さがあったなら反省しております。
十分,応援は励みになりますし、私に対しての興味がない/共感できないというコメントも十分理解しました。
少し,　それ以前に少し考えればわかることではないのか？
相当,ざっと見た場合、私流の編集をしてもいいのだがそうすると相当の反発もありえるので、すこし保留します。
非常に,ウィキペディア日本語版の運営にも深く関与する理事会の[[:m:Wikimedia Foundation elections/2021/Candidates/ja|候補者]]の選出に際し、投票資格をお持ちの数少ないユーザーの一人である0null0さんのご意見を反映することは非常に重要だと考えています。
少し,このケースとは少し違うようですが、[[Wikipedia:ウィキペチケット]]にも「古い批判は消去するか要約して下さい」というような項目がありますし。
ちょっと,ちょっと気になったので。
あまり,私が提示した基準があまりにも曖昧なのは自覚していますし。
少し,2003/09/18 ロールプレイングゲーム：欧米的情報を少し追加。
少し,ご存知の通り私は誤字脱字、データの抜け落ち少し多いです。
非常に,ウィキペディア日本語版の運営にも深く関与する理事会の[[:m:Wikimedia Foundation elections/2021/Candidates/ja|候補者]]の選出に際し、投票資格をお持ちの数少ないユーザーの一人であるFxさんのご意見を反映することは非常に重要だと考えています。
少し,時間の関係でまとめて作れないのですが、少しずつ作っていこうと思います。
かなり,ご気分を害されないとよろしいのですが、今回はかなりたくさんの方にこのお知らせを差し上げています。
あまり,そうかあ、ここ数日あまり見ないと思っていましたが、こんな会話があったのですね。
大変,地味で大変な作業だとは思いますが、今後も頑張っていただければ、と思っています。
ちょっと,私もちょっとずつ作業していますので、Yukichinさんの活動は注目しています。
とても,YukichinさんがまたWikipediaで活発に編集されているのを拝見してとてもうれしく思いました。
少し,約一年余り諸事多忙でしたが少しはゆとりもできたのでまた始めてみました。
かなり,かなりおかしかったようですね。
あまり,自分はNHL関係に興味がありつつも、知識がないのであまりお役に立てそうにありませんが、Yukichin様のリクエストがございましたら精一杯頑張りますので、ご遠慮なくお申し付けください。
結構,回答できる範囲で結構ですので、Yukichinさんにもご協力いただければうれしく思います。
結構,結構長くWikiやっているつもりだけれど、特殊な操作の経験がほとんどなく、いつまでたっても進歩がない古い人間です。
ちょっと,テニス界の「オープン化」という歴史的な転換点があったし、暫定的な変更があった大会も多く、その辺りの解説が大変だから、こちらはちょっとひと休み。
大変,テニス界の「オープン化」という歴史的な転換点があったし、暫定的な変更があった大会も多く、その辺りの解説が大変だから、こちらはちょっとひと休み。
あまり,私もあまり知りませんが、さまざまな産業用レンズが作られておりますが、一般にはあまり知られていません。
少し,もう少し開くと「機械的に選別可能」となりましょうか。
かなり,ほかの方がかなりのペースで作業されておりますので、当該記事[[ノート:イタリア共和国の地域]]に、手順と根拠となるドキュメントの提示を含めた簡単な寄稿をいただけるとありがたく存じます。
ちょっと,"まだ、日本語化されていませんが[[w:en:Wikipedia:Protection policy]]には、""Admins should not protect pages which they have been involved with (involvement includes editing the page or expressing opinions about the article on the talk page)."" とあるので自分の書いたページを自分で保護するのはちょっとまずいと思います。"
結構,上を記入した後、結構長い間ウィキにいたのですが、まさか返事がこんなに速く帰ってくるとは思わず、ウォッチリストをチェックしてませんでした、すみません。
とても,*難しい削除依頼の案件が出た際に、積極的に発言して頂いたことにはとても感謝しています。
非常に,*また、GFDL についてあれこれ考えていたことを踏み込んで議論できる相手を得たこと、非常に幸運に思っています。
結構,URLだけの官公庁の記事を作成していただいていますが、Wikipediaはリンク集ではありませんので、[[スタブ]]でも結構ですから、記事を書いていただけるとありがたいです。
かなり,議論の邪魔にしかなりませんので、あしからず。
十分,選挙結果による議席変動なども書けば、十分記事になり得る思われます。
少し,最近よく報道されているようでもなさそうなので、私見ですが[[最近の出来事]]としては少し｢小さい｣かなと思います。
ちょっと,と、いうよりそもそもメインページのその場所は「最近の出来事」に関する「注目の記事」のはずが、記事がないのはちょっと変かなと思いました。
少し,">最近の出来事としては少し｢小さい｣かなと思います
"
ちょっと,>「注目の記事」のはずが、記事がないのはちょっと変かなと思いました。
ある程度,最低限ある程度は調べて書くべきだと思うこのごろです。
あまり,::誤解もありますから、あまり推奨はできません。
ちょっと,ちょっとそれはどうなのかな、という気がいたします。
ずいぶん,と申しますか、執筆用のファイルをすでにたくさんハードディスクに蓄積していて、その中に[[香山リカ (精神科医)]]さんのファイルはずいぶん前から用意しておりました。
ちょっと,ただ、わざわざご提案いただいき、ちょっと検討してみようと思いました。
ちょっぴり,……つまり、ご提案のおかげで、ちょっぴり執筆意欲が湧いたということになります。
非常に,判断しようにも、「Opponent氏がどうこうではなく、Opponent氏の周辺にステハンが介在していることを私は非常に疑問に思っている」と。
非常に,非常に心苦しいことであることを吐露せねばならないが、貴君を支持している人物の多くがステハン（その場だけでほかに利用しないハンドル）であることがほとんどであったことが発端である。
非常に,それを見て私は疑念をもった次第である（ネット上ではこういうことは非常に多いのだ）。
非常に,非常に面倒なことではあるが、すます。
ちょっと,Opponentさん、ちょっと確認なんですが、[[:画像:Che.png]]は初めてアップされたんですよね？
いささか,さらに「特定分野」「濃厚な」「こだわり」というご指摘も、いささか困惑気味です。
ちょっと,　[[レニ・リーフェンシュタール]]と[[ハンス・アイスラー]]以外は、たまたま関心があったから（そして、よく知らなかったから）ちょっと調べてみた、という程度にすぎません。
結構,書きかけのまま止まっている記事が結構ありますが、その多くは詳しく知っていて、書き始めるときりがないと嘆息して手を付けられないものが大部分です。
少し,もともと知らなかったものへの好奇心→オンライン検索で調査→関連書籍の読書→読書で広がった知識を利用して再検索、といった循環を繰り返しているうちに、ついでに少し書いておこうか、と思って執筆した記事は少なくありません。
結構,で、それを指摘すると「勝手に直していただいて結構」と仰いますよね。
若干,若干変則的な選択肢構成ですので、Aの後Cがよい等の形でも構いません。
非常に,ましてや「Mikihisa関連」の議論で中心的な役割を果たされたOpponent様が、事もあろうにMikihisa様と大差ない対応をしてしまっているようにも見えてしまい、非常に残念に思っております。
あまり,わたくしに弁護士資格があれば、無料でも受任したくなる（あまりにも容易な）事件です、と申し上げただけです。
ちょっと,もうちょっとマイルドな表現をお願いしてもよろしいでしょうか。
多少,フォーラム内での論争中の罵倒合戦で生じた損害賠償事件で事案は多少異なりますが、一審判決および二審判決はいずれも「シスオペにおいて、その運営・管理するフォーラムに、他人の名誉を毀損する発言が書き込まれていることを具体的に知ったと認められる場合には、当該'''シスオペには、その地位と権限に照らし、その者の名誉が不当に害されることがないよう必要な措置<small>（引用者註: 削除措置）</small>をとるべき条理上の作為義務があった'''と解するべきである」と認定しております。
多少,:事案は多少異なると申し上げました。
十分,訴訟提起者から被告として指名される可能性は十分ありますよ、という指摘です。
少し,自分の意に染まない意見については「理解不能」の一語で読みも理解もせずに同じ質問を繰り返して相手を消耗させ、その一方で少しでも都合のよさそうなところはつまみ食い。
結構,今後私のM指定の修正に関しては無条件で修正して下さって結構です。
ちょっと,"・・・といいながら、今回の件についてはちょっとお願いしたいことがありまして、まず私が修正をした経緯を説明すると、
"
十分,もちろん十分検討した上での付加ではありませんから、現時点においてはスタブです。
ちょっと,私は使ってもよいかなと思うのですが、たとえ自分がウィキペディアで使っている環境できれいに表示されていたからといって他の方の環境できれいに表示できるかわからないので、英語版で導入されたから日本語版でも持ち込んで導入しましょうというのはちょっと不安です。
非常に,国会議員でこのような誤認にも気づかない者がいるなら非常に残念です。
ちょっと,ちょっとメールで話したかったりします。
結構,なお、このウィキメールは多数の利用者様へ送信していますので、返信は結構です（＾人＾） --[[利用者:Σ64|Sigma64]] 2012年1月4日 (水) 09:17 (UTC)
結構,結構お詳しそうですから是非、列車の記事を作ってそこに書いてください。
少し,[[ボクシング世界王者一覧]]に関することですが、記事を書く予定があるのでしたら、もう少しまとめて選手名を追加しませんか?
大変,どもども、お返事が大変遅くなりましたがMizumonoでございます。
相当,お手数ですが、ノート:ウィキプロジェクト_日本の市町村での議論を追って頂き、宮古市章が削除依頼に相当するのか、あるいは問題なく使用できるかを判断して頂けませんでしょうか？
ちょっと,実は、ちょっと悩んでいることがありまして。
ある程度,"#既存の一部の駅の解説記事について、内容にある程度の基準を設定し、この基準に達しない記事を削除する案について賛否とその基準の設定　　[[利用者:藤井三方|藤井三方]] 2005年4月16日 (土) 04:03 (UTC)
"
十分,"　②    その十分な証左、『ｔ^2 』と対応する 作用次元の""力""
"
相当,"　　『膨張する宇宙』の""現在""に相当し、通常にいう""現在""の全容であると考えられる。"
多少,"多少など、それぞれは同一事態の二側面であって、これを『理由なく区別すること』は
"
十分,『今ひとつ納得がいくには不十分』とされることが考えられる。
少し,:この件、もう少し丁寧に調べようと思って少しづつ情報収集しました。
結構,"今かいたものは消していただいて結構です
"
ちょっと,ちょっと意味が分からないんですが…。
少し,少しずつウィキペディアでの書き方を覚えていっていただければ結構です。
結構,少しずつウィキペディアでの書き方を覚えていっていただければ結構です。
あまり,あまり無理せずこれからもぜひ投稿を続けて下さい。
ちょっと,以前ちょっとしたことがあって、あそこに書きました。
少し,個人的にも生年と没年の間に出生地が入っていると、少し見づらいかなと思います。
かなり,ご気分を害されないとよろしいのですが、今回はかなりたくさんの方にこのお知らせを差し上げています。
少し,ただ少し考えて見ようと思っています。
かなり,P.P.S.「艦長」→「司令官」とかあの訳語はかなり謎が多いですよね……。
ちょっと,かくいう私は「喜んでサポート役をお引き受け致します」と井戸端BBS(No.3845)に書き込んだだけで、副後見人として名前を挙げられており、ちょっとびっくりしました。
ちょっと,ちょっと思ったのですが、2つまでのコロンがリンクとして機能するのは空白の名前空間として扱われ、さらにデフォルトの名前空間みたいなものとして処理しているからではないでしょうか。
少し,もう少しいろいろ試してみようと思います。
やや,議論の流れで同じページでしておりますので、ややわかりにくいかもしれませんが、これはプロジェクトの理念にかかわる問題だと考えております。
ちょっと,ちょっと読んでみたいんです。
少し,:異議を申し立てる前にもう少し読み直してください。
十分,）このテンプレートの文面については、[[GFDL]]の原文を十分に理解しているかによって、理解度が変わってきてしまうのではないでしょうか？
ある程度,自分が引ける限界線を決めておくと、ある程度冷静な対応ができるかもしれません。
少し,最近議論をきちんと把握していなかったりしたので、投票ページができていることにも気付いていませんでした (^^; それで、内容をきちんと把握しようとリンク先のページに飛んだのですが、失礼ながら冒頭の一文を読んで少し頭が痛くなりました。
あまり,正直言って、投票期間が年末の忙しい時期、帰省や旅行でネットから遠ざかる人も多いこの時期の一週間のみとするというのはあまりに投票者に対して無頓着すぎるように思います。
大変,:こうしたことはもっと早い段階で提案するべきであり、上の言葉は今回の投票の形を作られた方々に対して大変に失礼で無責任なものです。
少し,なぜ私と秋の虹さんを混同されたのかは分かりませんが、もし私の編集がご自分のお気に召さなかったというだけで別の「気に入らない奴」である秋の虹さんと同視されたのであれば、それは少し拙速な判断であるように思います。
少し,ですから、なんでもかんでも一律無個性にしてしまう秋の虹さんの編集方針には私自身少し疑問があります。
結構,既になんだかんだいって結構な期間参加していますし。
大変,私のような者をそのようにお誘いくださるお気持ちは大変ありがたいのですが、今回はお気持ちだけ受け取らせて頂きます。
とても,とてもではありませんが、管理者に立候補したり管理者として活動するだけの余裕がありません。
あまり,ウシ科ですが、全種でも100を超える程度で1つのカテゴリでもあまり煩雑にならないこと、どの亜科に属するのか所属が不明瞭な種もいるため亜科分けせずに、Category:ウシ科に全種をまとめていました。
とても,これが「Category:ウシ科」の直下に「Category:牛」などと一緒に並んでおり、とても「すわり」が悪く感じたのが直接のきっかけです。
少し,先ほどからあなたと219.111.193.249さんとのやり取りを拝見していましたが、あなたは少し｢やりすぎ｣と思われます。
ある程度,幼稚な記事に憤る気持ちもある程度理解できますが、それに対しての幼稚な反撃もまた迷惑です。
あまり,ただあまりにひどく感じましたので、あえて書かせていただきました。
あまり,私もあまりに酷いと思って書いてみましたが、聞く耳を持たないみたいですね。
ちょっと,[[ノート:メインページ]]において賛否整理というコメントともに、投票したかのようにレイアウトを変更されていましたが、ちょっと問題があったと思います。
ちょっと,ちょっと頭にきたので警告させていただきました。
あまり,あとアドバイスなのですが、メインページのデザイン変更は大手術なんですから、あまり結論を急がないほうがいいですよ。
若干,若干変則的な選択肢構成ですので、Aの後Cがよい等の形でも構いません。
十分,多忙の折、気楽なお気持ちで十分ですので、参加願えればとも思います。
非常に,宜しくお願い致します（性は非常に扱う領域が広いでの、色々な方の参加を願ってこそ、プロジェクトとして形が取れるとも思います。
十分,上記のお願い、また削除依頼での私の発言が不十分だったと思うのですが、ロリさんが再投稿していただいた内容は、削除時点での最新版（2006年10月21日 (土) 04:05 氷鷺 M (typo)、JCT）を元に三国史記の現代語訳の改編であろうかと思います。
十分,「削除後に再投稿をお願いします」というのは、「ロリさんご自身が投稿された内容だけを投稿してください」という意味合いになることを十分に表明できておりませんで、申し訳ありませんでした。
多少,だが、磁気浮上式について、多少は記述すべきだろ？
少し,だが、少しは触れるべきだと思うぜ。
あまり,東西本願寺の名称（通称・正式名称）について、あまり詳しく無い人が見て分かりやすいようにうまく編集してくださいませんか？
かなり,江戸時代末期は浄土真宗が庶民にかなり普及していて、京でも江戸でも門跡と言えば本願寺だったのではないでしょうか。
ずいぶん,ずいぶん昔、過去ログの方法が分からなかったので、古いものを削除していましたが、今回過去ログに入れました。
あまり,[[Wikipedia:記事名の付け方/中国語]]に書こうと思っていたのですが、あまりにも場違いで他の方に失礼になるため、こちらに書かせていただきます。
とても,とてもすてきな写真です。
結構,もしそうなら変更していただいて結構ですが。
結構,内容が誤ってるんじゃないかとか、確認が取れないということでしたらもちろん除去していただいて結構ですよ。
大変,:大変失礼しました。
非常に,ウィキペディア日本語版の運営にも深く関与する理事会の[[:m:Wikimedia Foundation elections/2021/Candidates/ja|候補者]]の選出に際し、投票資格をお持ちの数少ないユーザーの一人であるロリさんのご意見を反映することは非常に重要だと考えています。
とっても,「秀逸な記事」に掲載して下さってとっても嬉しく思いました。
とっても,　とっても嬉しかった。
結構,結構うまくかけていたので自分でもびっくりしました。
少し,[[バプテスト教会]]の頁を少しわかりやすくするために、補足説明の項目を作りました。
大変,いろいろ、大変かと思いますが、Wikimedia Commonsが始動しております。
大変,そこで、英語版でこういった地図図形を使用する際、GFDLであるとして使用して良いかどうか、GFDLではまずい場合、どういったライセンス宣言をすればよいのか、教えて頂けると大変助かります。
大変,また、地図図形の著作権についても解説して頂けると大変助かります。
あまり,こうした著作権のことについて、あまりよく理解していると言えないので、わかりやすく説明して頂けると本当にありがたいです。
大変,日本の地図図形がこれほど充実しているところは他になかなか見当たらないため、英語版でも使用できると大変嬉しいです。
ちょっと,だが、ライセンスがないからちょっと困っているんです。
非常に,また、各画像の説明ページに[[利用者‐会話:Koba-chan/市町村位置図の許諾|承諾の旨が記載されたページ]]への誘導がないために、GFDLライセンスとみなせるかどうかの確認に時間がかかること（先の承諾の文章も現在の位置にあるままでは存在が非常にわかりにくく、その文章に著作権がKoba-chanさんにあり、「ライセンスの話はこれでおわり」の旨が書かれているにもかかわらず、このようにライセンスについていくつかの質問が出ています）、画像の説明ページを一見した限りでは「出典が不明であること」から、一部の、特に著作権・ライセンスに気をつけている利用者において混乱の原因となっています。
ある程度,尚、ある程度の時間を見て、十分な出典の追記が認められない場合、削除依頼に出させていただこうと思っておりますので、申し添えておきます。
十分,尚、ある程度の時間を見て、十分な出典の追記が認められない場合、削除依頼に出させていただこうと思っておりますので、申し添えておきます。
少し,そこからリンクされてますが、去年9月にも少し議論があったそうです。
少し,実は、スペイン語版のWikipediaである利用者ページでのテスト版ですが、少し面白そうなプロジェクト(?
あまり,:会話ページ:  一枚の画像ファイルで足りるという点についてはまだ半分くらいまで市町村は終わっていないし、私自身あまり気にしないようにしていす。
十分,使い方次第で十分に実用に耐えるのではないでしょうか。
少し,もう少しでサーバサイドで ZIP ファイルを解凍するスクリプトが提供される予定です。
大変,大変遅くなりました。
大変,地図上に、地名等やその他必要な情報を文字が重なる心配もなく大変良いと感じました(世界地図の時には散々でした)し、さらに利用者の興味の度合いに合わせた(興味ある点のみにマウス向ければよい)方法だと感じました。
少し,::: 気がついた点を少しφ(。
少し,[http://ja.wikipedia.org/wiki/%E7%94%BB%E5%83%8F:Japan_map.png]の支庁の線を少し、さわってみました。
少し,* 留萌(ルモイ)支庁の増毛(もっと正確には、暑寒別岳)付近に異様に細長い地域があるのが、少し気になりました。
すごく,"ものすごく助かりますｍ（＿＿）ｍ[[利用者:KMT|KMT]] 12:11 2004年3月6日 (UTC)
"
大変,昨日は大変楽しく過ごさせて頂きました。
それなり,青空文庫のパーム版も同様のスタイルで提供していますので、知名度はそれなりにあると思います。
ちょっと,:ちょっと違うと思いますね。
少し,Palmに限らず、異なった種類のファイル形式の扱いについて、もう少し掘り下げても良いのではないかな、という印象があります。
少し,:ここで話題を続けても相互理解だけで終わりそうなので、少し時間を空けて考えを整理してみますね。
とても,とてもうれしかったです。
少し,私的には「少し参考にした」程度と思っていたんですが、甘かったみたいですね・・・申し訳ありませんでした。
大変,お返事が大変（3週間も）遅れまして申し訳ございません。
かなり,それと、日本語における[[建築]]は扱う範囲がかなり広く、現在同じポータルにリンクしていますが[[建築学]]とは似ているようで実のところかなり中身は異なります。
あまり,加えて他の鳥類の卵を食べるカラスにあっても嘴が届くほどの大きな隙間ではありませんし、あまりに大きな隙間では雨が入り込み巣としては快適な立地条件ではないのだろうな、と思います。
十分,[[Wikipedia:記事の分割と統合]]中には''提案後、72時間から1週間程度の十分な時間が経過しても、他の利用者からの明確な反対意見がない、もしくは他の利用者との分割に関する議論が起きない場合は、次の手順を参考にして分割作業を行なって下さい。
いささか,しかし、編集妨害を「予想できたはず」とし、あたかも分割実行者である私に一方的に非があるかのようなコメントをなさっているのは、いささか暴論ではないでしょうか。
十分,畏れ入りますが、Ｙ.Ｉさんがログイン前に投稿された記事を列記していただき、どの辺りが転載なのか、どの辺りがオリジナルなのかをお教え頂ければ善処の方向で対応することは十分に可能だと思います。
多少,この文章は、言語ごとに翻訳課程の多少のブレがあるものの、hyman-roth0512さんの設定している外装が monobook なら画面左側にある『他の言語』でお分かり頂けるように各言語で共通の認識をもっています。
若干,)のTietew氏の対処ですが、管理者各人においてその判断には若干の揺れがあるのは事実ですが、基本は混乱の起きた事態の収拾であり、被ブロック者にあっては色々な言い訳や抗弁があるのは理解できます。
非常に,なお、個人的な判断を補足しておきますとTietew氏が行なったブロックは非常に適切な期間を設定されたと感じます。
ちょっと,"ちょっと、確かめたくなったもので... --[[利用者:NewComer|一般人]] 2006年5月2日 (火) 19:40 (UTC)
"
非常に,非常に不快です。
いささか,件名の件についてですが、いささか不明な点がありますので質問させていただきたく存じます。
少し,捨て[[アカウント]]らしき物での[[削除依頼]]、１～２週間での少人数による[[議論]]の後に削除決定後即削除、というのを[[目の当たり]]にしまして、このwikipediaというものに少し[[幻滅]]してしまいました。
十分,また依頼文も今から振り返れば実に不十分です。
大変,大変申し訳ありませんが、この依頼は不備ということで取り消させていただけませんでしょうか。
ちょっと,ちょっと言い方は悪いんですがこの方の言動は正直「何様だ」と思わざるを得ません。
十分,まず、基本方針を十分に理解し、ガイドラインの複数の決め事も理解した上で参加できるかどうかを今一度お考え頂ければと思います。
あまり,<br/>由愛 さんが参加できるようになるまで私も一生懸命にウィキペディアの準備をしていきますので、あまり慌てずにゆっくりと学ぶべきことを学んでから参加してくださいますようお願い申し上げます。
十分,勉強が十分できたときに、また顔を出させていただきます。
少し,まだまだ赤リンクも多く、図も足りない・もう少しきれいにできますし、記事内容も多分土木POVになっていると思われますので、よろしければ修正等の改善をしていただければと思います。
それなり,::とりあえず、[[:en:Hide (unit)]]を見る限り出典もそれなりに明記されており、項目自体は根も葉も無いものとは思われませんので、私のほうで同項目を翻訳しておくことにします。
十分,今後は十分留意していきたいと思っておりますので、今後ともよろしくご指導をお願いいたします。
相当,という貴殿の発言において、貴殿は意見を寄せた他利用者を小学生に譬えられている、と解するのが相当と考えてよろしいでしょうか。
あまり,長文のコメントで貴殿の考えはよくわかりましたし、GcG氏周辺のかつての経緯をチェックするにあたってのよい機会ともなりましたが、自己の立場を表明せんとするあまりにこのような発言をなさるのはよろしいこととは思われませんし、殆どの人にとっての問題は「GcG氏の行動そのものではない」ということをお考えいただければと思います。
相当,勿論、5年は不相当という議論も存在しますが、大概の議論参加者が問題にしているのは手続きについてです。
あまり,:あと、これはGcG様に対して申し上げますが、解除されたことを以って勝ち誇ったように振る舞うのは、あまり良いことではないです。
結構,:上記のようなことを仰るのは結構ですが、それならば上記投稿の前でも後でもいいので、[[Wikipedia:投稿ブロック依頼/氷鷺 解除|解除依頼]]のひとつでも出したらいかがでしょうか。
十分,このファイルは2005年7月にOxhopさんが訂正版をアップロードしており、Oxhopさんの改変部分については{{tl|GFDL}}ライセンスが明記されていますが、Koba-chanさんによる許諾がないため、ファイル全体としては著作権に関する情報が不十分なままです。
ある程度,　日本語頁もある程度多言語の方がいいと私は思います。
ちょっと,あせらずにちょっと待って何度かリロードしてみてください。
かなり,三度目にどうにかなりましたが、いまいち仕組みが分かってません。
あまり,"可変なので、ユーザーページにメッセージを投げてもあまり意味はないかと・・・[[利用者:Sampo|Sampo]] 16:15 2004年2月28日 (UTC)
"
かなり,10ドット以下だとかなり視認性が悪そうです。
非常に,:そもそも、そういう方法についてどうして知りたいのかが非常に疑問です。
十分,選手名を一人ずつ修正するための編集はプレビュー機能を使用すれば回避できますし、日本語版に記事がない選手に関しては赤リンクで十分です。
十分,英語版へのリンクとするのは場合によっては有用なケースがありますが、オリンピック種目別記事のような場合は日本語版に選手記事がなければ他言語に記事がないか探すことで十分ですし、赤リンクになっていることで選手記事の作成を促進する効果もあります。
少し,ただ、スタイルマニュアルは、全記事に影響があるので、少しノートで議論してからにしませんか。
あまり,スタブ記事に対して「役に立つか否か」という切り口は今まであまり見た覚えが無いのですが、有意義だと思います。
大変,今後のスタブ論議がここをスタート地点とすることができるのは、大変ありがたいことです。
かなり,ご気分を害されないとよろしいのですが、今回はかなりたくさんの方にこのお知らせを差し上げています。
大変,管理者活動を行う皆様には日頃大変感謝をしておりますが、それも自分ではとてもできないという理由が大きいものです。
とても,管理者活動を行う皆様には日頃大変感謝をしておりますが、それも自分ではとてもできないという理由が大きいものです。
かなり,かなり未完成のリストのようですが、今後どう整えていくのでしょうか。
少し,特に計画がなく少しづつ直していって良いのなら、私も手を加えたいです。
少し,アニメ作品一覧については、皆が少しずつ直している作成途上のものであるようです。
少し,アニメ作品一覧は「ノート」に書き込んだ上で少しずつ書き進めることにします。
大変,他ならぬ[[ノート:スコットランドヤード]]の件ですが......<br>小生の大変無礼な言掛りに対して、冷静に御対応下さったことに、まず御礼申上げます。
大変,後半は「半ば何か言掛りをつけてやろう」というような心理状態で書いたもので小生自身大変反省しています。
結構,可能なら、そうして頂いても結構です。
十分,データ元の[[:en:List of Japan-related topics]]は、以前は英語版をウォッチするのに重宝していたのですが、ここ1年は十分な更新がされず、相対的にリストの価値が少なくなっているのが残念です。
少し,さて、僕は最近スポーツ関係の記事を翻訳することが多く、[[Wikipedia:ウィキポータル スポーツ|スポーツポータル]]なんかにも少し顔を出したりしてますが、Yasさんのページ、[[利用者:Yas/日本のスポーツ]]がスポーツポータルに掲載されていたらいいなあと思いました。
ちょっと,ちょっと拝見したところ海外のリンク先が張られてあって、翻訳をする場合にはとても便利そうで多くの人に役に立つのではないかとおもった次第です。
とても,ちょっと拝見したところ海外のリンク先が張られてあって、翻訳をする場合にはとても便利そうで多くの人に役に立つのではないかとおもった次第です。
少し,余談ですが、1年ちょっとで復帰してから久しぶりにお話できて、（本当の戦争は知りませんが）昔の戦友に会ったような気持ちで少し胸が熱くなるような思いがしました。
ちょっと,余談ですが、1年ちょっとで復帰してから久しぶりにお話できて、（本当の戦争は知りませんが）昔の戦友に会ったような気持ちで少し胸が熱くなるような思いがしました。
少し,Yukichinさんがしばらくお休みしていた頃、少し気にしていましたが、またご活躍のようで嬉しい限りです。
かなり,"<m(__)m>　[[利用者:Yas/マンガ・アニメ]]ですが、かなり執筆、追加、修正等あり、
"
ちょっと,漫画雑誌のカテゴリについてですが、昨日はちょっと感情的になってノートに書き込んでしまいました。
大変,以上、大変ぶしつけかつ勝手ながらお願い申し上げます。
少し,あまり参考にならないかもしれませんが、少し意見を書いてみました。
あまり,あまり参考にならないかもしれませんが、少し意見を書いてみました。
大変,Yasさんには議論の進行役を務めて頂き大変感謝しておりますが、お二人の間の問題は、お二人の間で解決し、漫画雑誌カテゴリのノートでは争わないで頂きたいのです。
大変,心中察するに余りあるものはあるのですが、漫画雑誌カテゴリのノートでより有意義で速やかな議論を行いたいと思いますので、このような話をするのは大変恐縮ですが、何卒ご理解いただきますようお願い申し上げます。
ある程度,カテゴリの構造はウィキペディア全体である程度一貫しているべきと考えていますので、他の分野の実例を参考とすることは意味があると考えています。
若干,そういう意味で、若干結論を急いだという面は確かにありますが、問題となるほどではないと認識しています。
ちょっと,また、「ちょっと遅い」と最初におっしゃったのはQazzxさん自身です。
多少,多少熱くなって編集してしまった部分もありますので、今後は冷静に編集することを心がけたいと思います。
ある程度,そしてカテゴリの仕掛けを使ってある程度可能であることもわかっていますが、それはカテゴリですべきことではないと言っています。
若干,"読みがアレで合っているかな、というのが若干心配なものもありましたが、、、[[利用者:竹麦魚|竹麦魚（ほうぼう）]] 2006年6月4日 (日) 11:18 (UTC)
"
ちょっと,ちょっと皮肉が入っていますか？
大変,推薦して頂き大変光栄に思いますが、そんなわけで辞退させてください。
それなり,それでもそれなりに我が身を検討してみたのです。
あまり,ブロック依頼や（著作権など法に関わる）削除依頼については、これまであまり関わって来ていません。
あまり,興味が向かないと同時に、あまり自分に向いていないようです。
結構,読みに関しては差し戻しても結構ですが、冒頭書式の修正と英語版のリンクの追加はしておきます。
とても,ご協力とても嬉しく思っております。
少し,20件はかんがえていませんでした（ということは、一括の意味は、リンク先のページにあげられているカテゴリを一括の意味です……少し訂正します。
十分,必要なことはすでに十分に述べられていると思います。
十分,ソックパペットかもしれないユーザーに対し、不用意に逃げ道を与えることのないよう、十分気をつけてください。
十分,直接訊かれた時には、違うなら違うと答えればそれで十分かと思います。
それなり,もちろん、ソックパペットであろうがそうでなかろうが、問題行動を起こしたらそれなりの対処をされるかとは思います。
結構,「コンピュータのユーザインタフェース」は結構使われているようなので、特にこれは削除依頼は不要と思います。
少し,少し意見を書きました。
少し,削除依頼の結論を見ぬまま少しはずしておりましたので、削除依頼剥がしをしないまま放置してしまいました。
それなり,Reedo さんのご意見は私と異なる部分もありますが、それなりに筋が通っていて、真剣に検討すべき内容かと感じています。
十分,あのページではキャラ変更は手遅れですが、他のページでは十分気をつけます。
十分,返事を書こうと考えている間に削除されてしまいましたが、「レッテル貼り論」で腑に落ちたのでもう十分です。
ある程度,「基準が曖昧」という点に関しては、若干はそのような面もあるかもしれませんが、ある程度客観的な判断ができるように感じます。
若干,「基準が曖昧」という点に関しては、若干はそのような面もあるかもしれませんが、ある程度客観的な判断ができるように感じます。
大変,大変な作品ですね。
かなり,「愛新覚羅溥儀」という人物名はかなり一般的にも浸透していますが・・・。
少し,せっかくKasugaさん、kahusiさんに立ち上げていただいたのにこれでは少し寂しいので、Aufさんを審査員に推薦したいのですがよろしいでしょうか？
大変,日本国憲法下の統治機構図の画像（画像:Politics Under Constitution of Japan.png）、ならびに大日本帝国憲法下の統治機構図（画像:Politics Under Meiji Constitution.png）は大変な労作だと思います。
少し,ただ、少し用語が不正確で見づらいようなので、拙くはありますが、改変させていただきました。
ちょっと,ちょっと書き散らしすぎてません？
ある程度,対話終了（問題解決）後は、ある程度放置したのち何の反応もなければ削除しますので予めご了承を。
大変,それはそれとして、以前虫の居所が悪かった時に大変無愛想な応対をしてしまったことがずっと引っ掛っておりました。
あまり,こちらこそ、あまり誠実とはいえない応対をしてしまって愛想をつかされたなぁ、しまったなぁ、と思っていました。
少し,これについては[[利用者:Kk#Wiki Way]]にも少し書いておいたのですが、決して読む方を混乱させるのが目的なわけではなくて、それまでのやりとりを時系列を辿って全てを読まずとも目下の論点に到達しやすくするのを目的としてやっています。
大変,大変遅くなりましたがお答えまで。
ちょっと,ちょっと脱線してしまいましたね。
とっても,打ち消し線は私も時々使いますが、それはその部分が私にとってだけでなく他の方にとっても多少なりとも有用であろうと思うときです。
多少,打ち消し線は私も時々使いますが、それはその部分が私にとってだけでなく他の方にとっても多少なりとも有用であろうと思うときです。
かなり,"（あの問い掛けに真摯に向き合ってさえいただければなぁと、かなり気合を入れていたので、スルーされて落ち込んでいました^-^）
"
ちょっと,単に、そういう苦情がよせられることも大いにあり得るのですからお互い気をつけましょうという意味合いで、そして、喧嘩腰でやっていてはうまくいくものもいきませんよとちょっと一息入れてもらうつもりで、Aphaeaさんご自身の言葉からぴったりのフレーズを抜き出してぶつけてみたわけです。
それなり,- [[利用者:Kk#Wiki Way|Kk@「Wiki Way」紹介中]] # すばやくお返事いただいてもこちらはそれなりのペースなので、ご迷惑をおかけしています。
少し,::少し遅くなりましたが直しておきました。
結構,他人の目に触れさせたくないようなメッセージがあるならばウィキメールで頂くのでも結構ですよ。
ちょっと,ちょっと分かりにくかったのですが、Revertについて私が誤解しているというご指摘なのでしょうか？
少し,履歴のどこを見ればわかるのかもう少し具体的にご指摘いただければと思います。
非常に,　Kkさんとは方針が違うものの、意図して嘘をついたりご自分が約束したことを破るような方だとは思ってはいませんでしたので非常に残念に思います。
少し,書き直してみようと思いますが、今日はこれにて席を離れなければならないので、少し間が空きます。
結構,とか結構基本的なところからわかっていないので個人的にも書いていただけると嬉しいです（あ，ちゃんと翼型を維持するってありますね．でもなんでリブじゃなくてバテンというのかなぁ，とか思ったり…… あと[[グライダー]]もそうだけど VSI じゃなくてバリオメータってのもなんで……？
結構,"そうならない限りはバンバン要約なり消すなりしちゃって下さい．どうも文が冗長になりがちなので……．また，割とリアクションしづらい書き込みだと思いますのでスルーされても結構です．では失礼しました． - [[利用者:Marsian|Marsian]] 2005年3月28日 (月) 16:59 (UTC)
"
あまり,:Marsian、初めまして（という気があまりしませんが）。
あまり,:「ハンググライダー」のほうは私が主な見出しを立てたのですが、私が書けることはあまりないので、ずいぶんアンバランスになっていますね。
ずいぶん,:「ハンググライダー」のほうは私が主な見出しを立てたのですが、私が書けることはあまりないので、ずいぶんアンバランスになっていますね。
少し,それにしてはあまり育たないので、少しずつ書き足してみたりしています。
あまり,それにしてはあまり育たないので、少しずつ書き足してみたりしています。
ある程度,前縁にはある程度の太さのパイプ（スパーと呼ばれます）があるものの、翼のほとんどの部分が一枚の膜でできているので膜翼だといえるでしょう。
あまり,:以上、あまりまとまっていませんがとりあえずこんなところで失礼します。
少し,それで、ここへのMarsianの最初のコメントを読んだら、ひょっとしたら膜翼というのは膜製翼のことなのかなとも思えたので少し調べてみたのですが結局はっきりしたことはわかりませんでした。
大変,個人的には、これだけ不快であるということを再三に渡りまた数ヶ月の間申し上げ続けているにもかかわらず、一向に改善していただける様子がないことに大変な苦痛を感じております。
少し,管理者といえども普通の人間ですから慌てることもあるのは当然で、そんな時にどんな安全装置が働くかという点について、今のウィキペディア日本語版は少し心配だというようなことだと思います。
少し,:お示しの要約は、 まだ少しとげとげしいように思いますが、 概ねそんなところだと思います。
少し,ただしハス田に入らずに、道端からいい状態で撮れる花を探すのは少し手間がかかりましたが。
ちょっと,セルフスタンドに関しては、本当に監視しているのか疑問に思っていまして、あのような表現にしましたが、ちょっと過激だったかもしれません。
少し,こんにちは．いつもカテゴリ関係の精力的な活動を拝見しています（ぼくがよくお見かけするのは主に交通関係ですが）．ところで，[[Wikipedia:スタイルマニュアル#言語間リンク・カテゴリ]]によると，<nowiki>[[Category:～]]</nowiki>は interlang links の前に記述することとなっています．これは，カテゴリよりも言語間リンクの方が頻繁にいじられるからだろうと理解しています（en でも似たような議論を少しだけ読んだことがありますが，やはりカテゴリは前ということで落ち着いていました）．Starbacks さんほどのカテゴラー（？
大変,日頃、ウィキペディアの編集、大変ご苦労様です。
十分,多忙の折、気楽なお気持ちで十分ですので、参加願えればとも思います。
非常に,宜しくお願い致します（性は非常に扱う領域が広いでの、色々な方の参加を願ってこそ、プロジェクトとして形が取れるとも思います。
ある程度,::それでしたら各路線ごと（例:[[ツインクル号]]や[[京都～京成上野・千葉線]]）等、ある程度分割した方が良いかも知れませんね。
ちょっと,何かのちょっとした縁が無いと、自分で調べて入学に辿り着く人はかなり少ないと思います。
かなり,何かのちょっとした縁が無いと、自分で調べて入学に辿り着く人はかなり少ないと思います。
あまり,Starbacks氏が以前執筆された[[ISDN]]記事の追加記述について[[利用者:Willpo]]氏より''一般回線網より課金単位が割高な海外では、あまり普及していない。
かなり,他にも、製品の事故や回収を伴う諸問題（松下の暖房機、パロマの湯沸し機など）はかなり早い時点で記載されております。
ある程度,:この件については、警察などの捜査である程度の方向性が見えた時点で、[[雪印集団食中毒事件]]同様、いずれ独立した項目を作り、ここへ書く必要があるでしょう。
少し,少しでもスタブから脱却できるように私も少し加筆してみました。
かなり,もっとも、だいぶ項目が増えたので、新規に起こす項目もかなり少ないのですが。
やたら,:::最近WPを見て感じるのは、やたら検証関係のテンプレが張られていることです。
やたら,「やたら検証関係のテンプレが張られている」のは、ウィキペディアのコミュニティが方針に従って検証可能性の向上に努めていることの証左です。
ある程度,::::::検証可能性の方針は2006年6月17日 (土) 17:29 （UTC）時点の版で正式化しています（もちろん、その後の議論によってある程度は改訂されていますが）。
ある程度,この点を詳しく理解するには、電子回路（特に高周波系）がある程度かじっていないと、わからないと思います。
非常に,百科事典の定義は、[[Wikipedia:素晴らしい記事を書くには#冒頭の段落は明確で簡潔な定義から|簡潔にまとめられているため]]、定義だけにしてしまうと非常にあいまいな説明となってしまうこともあるでしょう。
少し,スタイル的なものはもう少し勉強させていただきます。
あまり,ボードゲームの方はあまり知識がないので、たまたま項目を読んでいて流れがおかしい、あるいは追加補足が欲しいかという場合の修正といった、一般的なレベルです。
非常に,ウィキペディア日本語版の運営にも深く関与する理事会の[[:m:Wikimedia Foundation elections/2021/Candidates/ja|候補者]]の選出に際し、投票資格をお持ちの数少ないユーザーの一人であるStarbacksさんのご意見を反映することは非常に重要だと考えています。
あまり,あまりたくさんの人がやるときっと困ることになるだろうなと思ったので。
すごく,　同時に、すごく珍しいエライなものですね、と思います。
少し,現在、[[スピッツ (バンド)|スピッツ]]の項目は、アルバム、シングルなどの項目がほかのアーティストの項目よりも遥かに充実しており、すべてのシングル・アルバムの項目が、あと少しで出来上がろうとしています。
十分,*こんにちは. 件の画像についてはアップロード時の添付コメントで「パブリックドメインにて」と書いたハズですが... それだけでは不十分でしょうか?
多少,多少稚拙でもそれは別にいいと思うしさぁ。
非常に,そのため、非常に短い記述だけの記事を新設したり、余り発展の余地のなさそうな話題を扱うページを新設することの是非については、いろいろと議論があります。
十分,せっかく作成して頂いた記事も、内容が十分でないと後になって削除されるようなことになるかも知れませんので、できるだけ、量的、内容的にまとまりのあるものを書いていただけるよう、お願いできますでしょうか？
ちょっと,えっと、ちょっと伺いたいのですが、[[スプリガン]]を整形しようかと外部ページを探していたら、Corwinさんの[http://ja.wikipedia.org/w/wiki.phtml?
十分,また、あれでは不十分であると思われましたならば、記事の差し戻し等のご処置をとられましても当方了承でございます。
とても,きまりが悪いのを取り繕うようで恐縮ですが、今後とも[[内川久美子]]の記事においてご協力頂けますと、とてもうれしいです。
かなり,[[シルバーサーファー]]の初版にかなり似ています。
あまり,自分でも定かでないのですが、初版執筆の基とした英語版wikipediaにタニス・リー氏の名前が出ていたため、あまり考えずに追加していたようですね。
ちょっと,title=Weird_Tales&oldid=9170097 英語版]をいい加減に読み飛ばして[[タニス・リー]]と[[ブライアン・ラムレイ]]を除去してみましたが、あらためて[http://en.wikipedia.org/wiki/Weird_Tales 最新版]をちょっと読んでみて、なんか早まった気もしてます。
非常に,オドネルの件、非常にご苦労様です（先ほど拝見しました）。
大変,すでに加筆もなされ記事として確立しており、Wikipediaにおける[[少女漫画]]関連の記事全体ににとって大変有益であると感じるとともに、一個人としてもとてもうれしいです。
とても,すでに加筆もなされ記事として確立しており、Wikipediaにおける[[少女漫画]]関連の記事全体ににとって大変有益であると感じるとともに、一個人としてもとてもうれしいです。
ちょっと,そして、ご自身のこれまでの投稿に問題がなかったか、ちょっと見直してみてください。
あまり,現状では、提案者が複数アカウントによる議論かく乱を行いブロック中ですが、参加者が少なく議論があまり進んでないように感じます。
ちょっと,::ちょっと探してみたんですが[http://www.fujinon.co.jp/jp/club/husigi/husigi.htm 星の明るさ（等級）のしくみ]や、[http://www.astroarts.co.jp/alacarte/kiso/kiso04-j.shtml#SPECT astroarts]にCrowinさんが執筆なさった内容のことが書いてありますね。
大変,大変失礼しました。
大変,早合点で申し上げて、大変失礼しました。
とても,　確かに、Corwinさんがやって下さった方が、とてもわかりやすく更に見やすくなっていました。
すごく,順序の入れ替えの他に、概要のところに紹介文の一部を移したり、本のISBNもつけて下さったみたいで、すごくきれいに整ったと思います。
ちょっと,ところでちょっと苦言を呈してもよろしいでしょうか。
大変,Corwinさんの投稿なさった記事はいつも大変興味深く読ませてもらっているのですが、実を申しますと多くの場合わたしには以下の三点が気になります。
少し,**Wikipediaは辞書でもデータベースでもなく百科事典なのですから、リスト部よりはもう少し本文を充実させるべきです（[[WP:NOT]]）。
非常に,ウィキペディア日本語版の運営にも深く関与する理事会の[[:m:Wikimedia Foundation elections/2021/Candidates/ja|候補者]]の選出に際し、投票資格をお持ちの数少ないユーザーの一人であるCorwinさんのご意見を反映することは非常に重要だと考えています。
多少,:::: 埋め込みリンク状態になっていたため、[[WP:WEBREF]]により多少修正しました。
ちょっと,また[[世界少女名作全集]]については、こちらもCorwinさんによって講談社より1964年から1967年にかけて刊行された叢書の記事になっていますが、同名の叢書は偕成社や岩崎書店のほうが先行していますので、ちょっとどうかなと思っています。
大変,お力添えいただけますと大変うれしく思います。
大変,:::ご指摘いただき、大変助かりました。
やや,「漫画は低俗だから漫画家は載せない」「宗教にかかわるとややこしいことになるので宗教家は載せない」「フェミニストはウザイしキモイので載せない」というのもありですか。
あまり,実を言うとAVにはあまり興味がないんで。
あまり,:「AVにあまり興味がないんで」というのであれば、悪戯するのはやめなさい。
ちょっと,周りが政治家やら漫画家やら歴史上の人物やらの中にちょっとAV女優の項目があるからって誤解する人は少ないというか一人も居ないと思いますが。
非常に,しかし今回削除に当たり、ノート等で具体的な削除根拠を提示せずに、ただ悪戯だからと断定してこれほど大幅な削除を行った事については非常に問題があるのではないでしょうか？
あまり,あーうーさんが今回記事を追加した行為については、あまりwiki的には好ましくない事であったとは思いますが、wikipediaの精神への敵対行為にあたるとまでは思えません。
非常に,故に、盗作等の扱いを受けるのは非常に不愉快です。
かなり,ご気分を害されないとよろしいのですが、今回はかなりたくさんの方にこのお知らせを差し上げています。
少し,長期化している削除依頼案件について少しづつ再訪、再考しているのですが、ドレッド・ノートについて、Tskさんが[[Wikipedia:削除依頼]]の方で、保留を表明され、詳細はノートに記した、とコメントされているのですが、ノートには何も記されていないことに気がつきました。
十分,:いえいえ、こちらこそ管理者によるソックパペットの対応が不十分でご不満をお持ちのこと、お察しいたします。
多少,先日Micheyさんに修正していただきました（ついでに[[n:MediaWiki:Protectedpagetext]]で一部拝借しました）が、現在の状況だと改行タグがあるんで新機能を使った白紙化保護（未作成状態のページにも直接保護処理を行える）を表示したときこれの下に文章が表示されるんで不要な空白が出来て見栄えが多少悪くなるようです。
大変,::何度も何度もで大変に申し訳ないのですが、今度は別件です。
ちょっと,ちょっとお邪魔します。
相当,明らかな削除相当の項目に関する案件の場で真逆を行くこと自体は責められるべきことではありませんが、数が多すぎるのは明らかに異様なことだと考えます（同様のユーザ例：[[利用者‐会話:オッタンタチンクエ]]）。
非常に,[[Wikipedia:削除依頼]]へのリダイレクトページとした方が非常に便利だと思うのですが。
少し,自分が動ければもう少しましだったのにと悔やまれます。
多少,:ロムルス自体加筆の予定がぜんぜん立っていませんが、やれるレベルで多少はましにしたいなと思います。
やや,[[Wikipedia‐ノート:管理者の解任#投票資格についておしえてください]]についてですが、投票資格について、記事名前空間に限定するかしないか、という部分がややあいまいなままになっています。
ずいぶん,::なんだかずいぶんと時間がたってからで申しわけないのですが、よくわからないのですが納得していただいたようでなによりです。
少し,早速ですが、標記の件について「どこでそう書いたか思い出せない」ということなので、それは、[[Wikipedia:井戸端/subj/管理者は一斉に解任すべき]]の真ん中より少し上のIP氏の長文の下に「とりあえず…」で始まる5行ぐらいの短文の中で書いています。
ずいぶん,憶測・妄想とずいぶんなおっしゃりようであること以外に上記の趣旨説明に関するリアクションはありませんでしたので、私としてはこれ以上何を語ればよいのかわかりかねています。
かなり,:というか同じテンプレを3つ続けて置いていくというのはどうにかなりませんか。
かなり,[[:画像:候補者FAQの履歴不継承問題.svg]]の図解にあるように、かなり広範な問題で、履歴問題が解決できないとしたら多量の（管理者やCUなどの立候補ページの）削除もありうる案件かなと思います。
若干,Tanuki Zさんも定型質問を若干編集しているのですが、その履歴がきちんと継承されていません。
かなり,つぶさに辿ろうとするとかなり複雑な件なのですが、どうぞよろしくご検討をお願い致します。
大変,sourceid=navclient&hl=ja&q=%91%E5%95%CF%90%5C%82%B5%96%F3%82%A0%82%E8%82%DC%82%B9%82%F1%82%AA 大変申し訳ありませんが]、[http://creativecommons.org/images/public/somerights.gif クリエイティブ・コモンズの画像]を削除して下さるようお願い[http://jiten.www.infoseek.co.jp/Kokugo?
やや,なお、ウィキペディアの著作権まわりはいろいろややこしい事情もあり、それをよくご存じない方が法的に問題がありそうな投稿をしてしまう、ということは前にもありました。
大変,大変申し訳ありませんが、[http://ja.wikipedia.org/w/wiki.phtml?
少し,神奈川大学2年経済学部経済学科さんが既にウィキペディアでそれなりの期間活動されて、多くの方から信用を得ているという状況であればあるいは話も違ってくるのではないかと思いますし、もう少し慎重に行動されるのも一案かと思いますがどうでしょうか？
それなり,神奈川大学2年経済学部経済学科さんが既にウィキペディアでそれなりの期間活動されて、多くの方から信用を得ているという状況であればあるいは話も違ってくるのではないかと思いますし、もう少し慎重に行動されるのも一案かと思いますがどうでしょうか？
かなり,かなりまずいと私は感じています。
少し,ここはもう少し議論してから対処を決めるのがよい点だろうと思いますが。
かなり,これをそのサイト名とするだけでもかなり短くなるように思います。
ちょっと,それから、以前、[[Wikipedia:サンドボックス]]にも、社会政策論の講義ノートが投稿されたことがあったようなのですが、ちょっと見て頂けますでしょうか？
大変,#大変申し訳ありませんが、[[同心円地帯モデル]]を削除して下さるようお願い致します。
大変,#大変申し訳ありませんが、[http://ja.wikipedia.org/w/wiki.phtml?
やや,著作権法関連はいろいろややこしいところがあると思いますが、どうぞお気を付け下さい。
ちょっと,ちょっと曖昧な質問になってしまったかもしれません。
結構,とにかく、ブロック依頼を行なったあきれすさんや私のように、神奈川大さんの投稿を問題視している者が納得できるような回答だったら、どのような内容でも結構ですよ。
多少,2chさんは多少煽るように書かれているのでBeeさんも反発されたのだと思いますが、天皇・皇族に限らず''全ての事物は「記述対象」もしくは「参照対象」として感情・感想を排して書かれる''ことが、むしろ事典で取り上げられる上での礼儀ではないでしょうか。
ちょっと,:ちょっと探してみました。
ちょっと,:ちょっと一言だけ。
ある程度,幡ヶ谷駅003.jpgですが、人の顔がある程度分かるように写っています。
相当,議論にすれ違いは避けられませんが、今回の一連のやり取りでは相当な脱力感に襲われました。
結構,もちろん、すぐさま削除頂いて結構です。
いささか,m:日本語版ウィクショナリーの整備の議論は4月8日を最後にとまっていましたので、僭越ながらいささかのまとめを行いました。
ちょっと,ちょっとまっててください。
大変,大変申し訳ないのですが、[[利用者:M-Falcon/記録 2006年11月25日]]について、緊急削除を行わせて頂きました。
ちょっと,すこし頭がぼーっとしてました、ちょっと興奮してたんですね、すみません。
いささか,ご迷惑かも知れませんが、いささか愚痴の類を述べたくなります。
非常に,「ギリシア神話」のカタカナ名の書き方では、今日、新しくみっちさんなどが「参考書籍」を多数加えて、どういう表記になっているか、調べた結果を書いてくださったので、「標準転写」が一般に行われているということが非常に明白になりました（というか、[[ギリシア神話]]には「参考文献」が付いていますが、あれらの本を調べると、標準転写になっていることが分かるはずなのですし、それを前提にしての話だったのでした）。
少し,::もう一つ、少し違う話なのですが、テンプレート等は、わたしは少し分からない（大いに分からない）ので困っていることで、古代ギリシア語の綴りを正しく表記するのに、英語版、ドイツ語版などでは、次のようなテンプレートがあります：[[:de:Vorlage:Polytonisch]]、[[:fr:Modèle:Grec ancien]]、[[:en:Template:Polytonic]]。
結構,　色々と書きましたが、読み流して戴いて結構です。
大変,"(今回のギリシア神話での名称みたいに)大変ですが...
"
少し,提案をもう少し考えた上で、「性の社会学」「性の文化」は、「性風俗」関連カテゴリ構造も含めて、全体を作り直そうと思います。
ちょっと,:::ちょっと表現が変でしたが気にしないでください。
少し,少し小さなものにしました。
やたら,はっきり申し上げて第三者の目には、'''「むやみやたらと新設記事を書き散らかしている方」'''という風に見受けられます。
多少,まして現状は、公式サイトを多少参照するだけで問題なく加筆可能である事が明白です。
大変,stubテンプレもなしに放置されるのでは大変無責任な行動と判断せざるを得ません。
大変,通説が過不足なくまとめられており、私も読んで大変勉強になりました。
とても,お気持ちはとても良く分かります。
大変,このたびは「[[武川鎮軍閥]]」での編集でお手を煩わせてしまい、大変申し訳ありませんでした。
やや,ヴェーラー、シャルル、ボイル等、人名の記事名にやや問題があるようです。
かなり,例えば、シャルルの法則のシャルルは、フルネームとして「シャルル」と名乗る、もしくは日本で一般に「シャルル」と言えば、かなり多くの日本人がこの人だけを連想する、という場合以外には、向かないなと思います。
ちょっと,それから、シャルルをリダイレクトというのもちょっと抵抗がありますが・・・。
少し,大野さんが作成されている飛騨市の寺院の複数の新規ページですが、もう少し丁寧に1ページずつ記載された方がよろしいかと思います。
非常に,ウィキペディア日本語版の運営にも深く関与する理事会の[[:m:Wikimedia Foundation elections/2021/Candidates/ja|候補者]]の選出に際し、投票資格をお持ちの数少ないユーザーの一人である大野 一将さんのご意見を反映することは非常に重要だと考えています。
大変,:大変勉強になりました。
若干,久しぶりに覗いてびっくりの大胆なお手前に若干ひるみましたものの、私にいたしましては別段差し支えございませんのでどうぞ。
かなり,[[Wikipedia:利用者ページの削除依頼#利用者:Mulukhiyya/会話録/20031215 revert合戦|利用者ページの削除依頼]]によると、「かなり喧しくなってしまった会話ページを退避する先のつもり」のようですが、どういう意味なのかさっぱりわかりません。
ちょっと,（こんな事書かなくても相手のページを見れば分かりますけど）あなたと書き込みした方の事情がよく分からないので、ちょっと読んだだけではよく分からないところがありましたが、失礼な方のようですね。
少し,日本語版の規模からしてもう少し人がいてもよいと思いますので。
あまり,まあ、TimeLineにはひらがな、カタカナはかろうじて使えるものの、まだ漢字が使えないので、これまであまりjawpで使われていないと思うのですが、できないというのも不便ですので（漢字を使わないグラフなら書けるのですから）、なんとか復旧して欲しいと思っているのですが、なかなか目にとめてもらえないみたいです。
少し,あれから少し試したところ、ko版、th版あたりでも<nowiki><timeline></nowiki>が無効になっているようでしたので、これらの共通基盤のどこかに問題の根があるような気がします。
ちょっと,--／念のため補足しますと、対応に苦慮する管理者の状況と対比して、「開発陣のやりかたはちょっと不親切じゃないかなあ」とほのめかすのが本来の含みです（なんちゃって）。
ちょっと,歯切れが悪いのですが、私が一応そうだろうと「みなして」いる程度の（技術的な）ことを[[MediaWiki‐ノート:Antispoof-mixedscripts]]にほんのちょっと書いてみました。
少し,皆さんより少し年上で、その点を悪用して（古い資料を使って）好きなことを書いています。
十分,Manju さんは、十分な活動歴がありますし、ウィキペディアについての理解も十分かと愚考いたします。
ちょっと,結局いまだに回答は頂いていないのですが、2回メール送ってもメールを頂けないことを考えると本当に許可を頂いたのかちょっと怪しいと思いますので特定の版の削除をするのがいいと私も思います。
ちょっと,8月末にちょっとパソコンが壊れまして、しばらくネットにつなぐことができませんでした。
とても,こういうことをされると、とても困ります。
とても,鉄道プロジェクトのとてもよい例に[[JR西日本207系電車]]を出してあげますよ。
少し,少しは自覚して記事を作って下さい。
十分,こういう失敗は初心者にはよくある話でして、あなたに悪意があったとは決して思いませんが、これを機会に十分注意をしていただければと思います。
あまり,title=%E3%82%B7%E3%83%BC%E3%83%88%E3%83%94%E3%83%83%E3%83%81&oldid=302047 シートピッチ（初版）]という記事を読み、あまりの無学ぶりにあきれかえっております。
あまり,私はウィキブレーク中のため、あまり執筆作業をできておりませんが、もし何かありましたらプロジェクトのノートなどでご指摘ください。
少し,上記でも少し触れられておりますが、現在[[:category:世界遺産 ○行]]については当面登録を停止しております。
やや,あたらしいセクションが入ったために、目次が表示されていますが、本文の後に目次が入るなどややレイアウト構成に難が出てきているように思います。
やや,私見では本文の可読性がやや落ちているようにも思います。
ある程度,さて、英語版からの翻訳であるとコメントアウトされていますが、[[Wikipedia:翻訳FAQ]]にはGFDLの要件を満たすために、要約欄にある程度の履歴情報を記入することが推奨されております。
結構,'''抵抗を感じられる場合は無視して頂いて結構です。
結構,"なお、このウィキメールは多数の利用者様へ送信していますので、返信は結構です（＾人＾） --[[利用者:Σ64|Sigma64]] 2012年1月5日 (木) 08:28 (UTC)
"
大変,大変お手数ですが、FIFA主催大会等の既存の各年版記事 (2009-2010年あたりはもっとも信頼性が高いと思われます) を参考にして、訂正をして頂けましたら幸甚です。
すごく,== すごく昔の話で恐縮なのですが、東海ステークスのことで手がかりを探しています。
すごく,実は、すごく古い話なので恐縮ですが、Ultratomioさんのお助けを求めてやってまいりました。
非常に,ウィキペディア日本語版の運営にも深く関与する理事会の[[:m:Wikimedia Foundation elections/2021/Candidates/ja|候補者]]の選出に際し、投票資格をお持ちの数少ないユーザーの一人であるUltratomioさんのご意見を反映することは非常に重要だと考えています。
大変,履歴が増えると、全体の変化を追うのが大変になりますので、ぜひご協力ください。
少し,もう少し詳しく。
少し,もう少し勉強なさってわ。
ある程度,ある程度記事がどんな内容になるかを考えた上で記事を立ててはどうでしょう？
ちょっと, ちょっと書き散らかしてらっしゃるようなので。
結構,場合によってはレスを削除してくださって結構です。
とても,やってきたことを誰かが認めてくれるというのはとてもうれしいですね。
非常に,[[利用者:霧木諒二|霧木諒二]]さんは日ごろから定期的に「新着記事」を更新してくださり非常に有難く思っています。
少し,少し加筆
ある程度,既にノートの使い方や編集の仕方などはご存知のようですし、あるいはこれらの点についても既にご存知の上で、あえて考慮していないのかも知れませんが、こうした基本方針について見解が食い違っていて、各人がよかれと思って編集、投稿をすると、かえって時間や資源の無駄になることもありますし、ある程度意見を調整して活動できたらよいのではないかと思います。
やたら,また、やたらと更新かけるのも感心できません。
ちょっと,記事を見つけたときはちょっとうれしくて手を入れました。
やや,:ややっ、読まれていたとは……お恥ずかしい。
とても,だらだら書きの文章が、おかげさまでとても読みやすくなり、感謝しています。
すごく,すごく遅いご案内で申し訳ありませんが、（もしかしたら既にご存知かも知れませんが）一応お耳に入れておきます。
あまり,"[[ベルトルト・ブレヒト]]の件ですが、 「『元の版を活かそうとしてゴチャゴチャになってしまっています』→いえ、元の版にあまり拘泥なさらず大胆にじっくりと加筆修正下さいませ」
"
非常に,非常に期待しておりますのでよろしく！
とても,また、項目立てしたばかりの[[延年]]にすぐ加筆して頂けたことも、とても嬉しかったです。
少し,少しでもお手伝いできればと、「[[伎楽]]」の赤リンクをうめさせていただきました。
とても,::こちらこそ[[プロセニアム・アーチ]]を記事化してくださって、とても嬉しく思っています。
あまり,:さらに言えば自分はアニメそのものにはあまり詳しくないので、『アニメの歴史』という、アニメ史全体を俯瞰する項目に加筆するよりも、『白蛇伝』という一作品にだけ注目して書く方が、私自身は書きやすい気もします。
いささか,ja の層の厚さを知らしめたというのはいささか大仰に過ぎるでしょうか:) 難しいところを担当していただき、MHさんには大変感謝しております。
大変,ja の層の厚さを知らしめたというのはいささか大仰に過ぎるでしょうか:) 難しいところを担当していただき、MHさんには大変感謝しております。
ちょっと,が、今ちょっとかなりすごく、仕事が追い詰まった状態にあるので、今後の話題についていくための、ログ採取を目的とした参加になってしまうかもしれません。
すごく,が、今ちょっとかなりすごく、仕事が追い詰まった状態にあるので、今後の話題についていくための、ログ採取を目的とした参加になってしまうかもしれません。
かなり,が、今ちょっとかなりすごく、仕事が追い詰まった状態にあるので、今後の話題についていくための、ログ採取を目的とした参加になってしまうかもしれません。
あまり,:現在超々多忙中ゆえ、あまり編集・メンテナンスに参加できていない状態です。
大変,多くのリンクを変更するのも大変なので、「スイスの州」に統合或はその様な事をすれば良いのではないかと考えます。
少し,《大滿洲國國歌》が国歌として演奏されたかどうかについて、結論はもう少し（といっても、かなり長い期間かもしれませんが）お待ちいただければと思います。
かなり,《大滿洲國國歌》が国歌として演奏されたかどうかについて、結論はもう少し（といっても、かなり長い期間かもしれませんが）お待ちいただければと思います。
あまり,「幻の国歌」とするにはあまりにも惜しいものですから。
相当,相当あやしいと思いますので、日本語のウェブへの拡散がこれ以上進まないよう、修正する方向で考えます。
大変,質問ばかりして大変恐縮ですがよろしくお願いいたします。
大変,いつも管理業務大変ご苦労様です。
大変,:: 大変迅速なご対応に感謝申し上げます。
ちょっと,ただ、その直前の版(IPによるもの)が荒らしですので、ちょっと差し戻し等の調整をお願いします。
少し,先ほどからあなたとロリさんとのやり取りを拝見していましたが、あなたは少し｢やりすぎ｣と思われます。
ある程度,幼稚な記事に憤る気持ちもある程度理解できますが、それに対しての幼稚な反撃もまた迷惑です。
あまり,ただあまりにひどく感じましたので、あえて書かせていただきました。
非常に,分子生物学関連は専門用語が非常に多いので、そちらを中心にいろいろ書いてみようと思います。
少し,一応移動機能のことは知ってはいたのですけれども、[[利用者:HarpyHumming|HarpyHumming]]さんはかなり細かなニュアンスのことを気にしておられたようでしたので、まあ、[[新エネルギー]]のもとでは書きにくいかも知れないなし、かといってリダイレクトにするかどうかで[[利用者:しるふぃ|しるふぃ]]さんと個人のページで少しもめていたのも考えると、いきなり移動や改名を提案するのもどうかと考えた次第で。
かなり,一応移動機能のことは知ってはいたのですけれども、[[利用者:HarpyHumming|HarpyHumming]]さんはかなり細かなニュアンスのことを気にしておられたようでしたので、まあ、[[新エネルギー]]のもとでは書きにくいかも知れないなし、かといってリダイレクトにするかどうかで[[利用者:しるふぃ|しるふぃ]]さんと個人のページで少しもめていたのも考えると、いきなり移動や改名を提案するのもどうかと考えた次第で。
あまり,書き出しの所属路線をわざわざ消してまわっているようですが、あまり必要のない作業です。
あまり,ただ、路線数があまりにも多い場合には、鉄道事業者名のみのほうがスッキリすると思います。
ちょっと,言葉の使い方の問題なので、どうでも良いと言えばどうでも良いのですが、ちょっと気になったので。
少し,記事を分離するなどもう少し考えてから移動してください。
それなり,いきなりで申し訳ありませんが、[[メインページ]]の編集はそれなりに重要なことなので、一旦[[ノート:メインページ]]で提案をして、承認を得てから変更したほうが良いと思います。
ある程度,"私もスタイルとか編集の仕方とかある程度見ていたんですけど、そうだったんですか・・・いやはや、おっぱずかしい（´∀｀；）<br/>
"
大変,:暇なので作ってみたら、あら大変、3時間無駄シマした（汁汁。
ちょっと,ちょっと難しいかもしれませんが。
あまり,けど、素人だとあまり綺麗にとれないものですね。
とても,:いやぁ、自分もいつか手を付けようと思ったんですが、何かと気がすすまなかったのでとてもありがたいです。
かなり,まぁ、そこらへんはかなり曖昧ですし、実際大項目主義をとっている辞書はい一緒に書かれる場合がほとんどですけど。
ちょっと,Templeteについてですが、ちょっと使い方が違うなーと思ったのでお知らせにきました。
非常に,これらのコメントはいずれも私<u>個人</u>についてを評した不必要なものであり、しかも貴兄の個人的な考えがあたかも事実のように述べられており、誤解を招いて不本意であるばかりか、非常に迷惑です。
若干,問題の禅昌寺の記事は殆どが友人からの資料を若干加筆したものです。
結構,まっとうな議論が成立し、行き過ぎた書き込みを控えると約束してくれるなら、それは結構なことと言えるでしょう。
十分,ただ複数記事からの翻訳の場合の記載方法がいまいち十分に理解しているとは言えないため、Kinori氏により再投稿することは可能でしょうか？
あまり,"あまり気にしなくてもいいと思います[[利用者:Yonoemon|Yonoemon]] 2007年10月21日 (日) 12:18 (UTC)
"
大変,即時削除を自分で依頼しようとしていたところなので、大変助かりました。
やや,ウィキペディアのルールは非常にややこしいことになっているので、初めのうち戸惑うことが多いかと思います。
非常に,ウィキペディアのルールは非常にややこしいことになっているので、初めのうち戸惑うことが多いかと思います。
ちょっと,既に特定版削除が決定した後ですが、ちょっと一言。
相当,''「いい加減な三流雑誌の記事は、法律が要求する『真実と信じるに足る相当な理由』にはなりません。
ちょっと,GcGさんが考えている議論のためには、どこが良いのかちょっと確信が持てません。
大変,急に、かつ、大変失礼な話で恐縮なのですが、仙台市電の駅についてKinoriさんがご存知の範囲でよいので加筆していただけないでしょうか。
少し,整備の途中でお困りとは思いますが、一年後に投稿できればいいくらいの気持ちで、調べながら少しずつ書き溜めていくのがいいのではないかと思います。
結構,些細なことでも結構なので、ご助力いただければ、と思っております。
とっても,それ以外の方法をとっても、たぶんうまくいかないと思います。
すごく,分かりやすそうな言葉で書こうとすると、どこか不正確な内容になって来るし、バランスの取り方がすごく難しいですね。
やや,確かに、CrenarchaeotaやEuryarchaeotaに界をつけるのはやや古い考え方と思われます。
多少,編集の仕方は多少問題があるかもしれませんが、最初は皆やってしまうことでしょう。
十分,ただでさえ不十分な哺乳類関連の記事を一気に整備できるかもしれない。
大変,Electric goatさんがプロジェクトページを改訂していただいたこと、大変助かります。
非常に,議論の下地として非常に分かりやすくなりました。
いささか,いささか遅くなりましたが、お礼として[[Wikipedia:月間感謝賞]]で投票させていただきました。
とっても,残念ながら曇天でしたので、後日また快晴のときがあれば撮影しなおしたいところですが、なんとか見せられる画質に補正しましたので、記事を執筆して頂けるととっても嬉しいです。
とても,"（あと、写真を撮らなかったのにこれをお願いするのは気が引けるのですが、もし日本丸マリタイムミュージアムに掲げてある通信旗に何かの意味があれば解説して頂けたら横浜市民的にとても嬉しいです）--[[利用者:Gleam|Gleam]] 2004年6月27日 (日) 07:04 (UTC)
"
ちょっと,もう動かない船が帆船のところに貼られてるのはちょっと不思議な気もしますが（日本丸のチケット売り場に貼ってあるポスターは格好良く海を駈ける様子の写真でした）、これからの記事の充実を影ながら応援しております。
かなり,ちなみに写真が黄色がかってしまうのは多分デジカメのホワイトバランス設定をうまいこと騙すとかなり改善する気がします。
ちょっと,「[[ネコ目]]」のページで、スカンクの位置づけを改変されたようですが、ちょっとどうかな、と思いました。
ちょっと,絨毯はひょんなことからみつけて、どんな表記をしてもないということを確認してちょっと腰がくだけました。
少し,せっかくKasugaさん、kahusiさんに立ち上げていただいたのにこれでは少し寂しいので、Azuさんを審査員に推薦したいのですがよろしいでしょうか？
結構,'''抵抗を感じられる場合は無視して頂いて結構です。
結構,なお、このウィキメールは多数の利用者様へ送信していますので、返信は結構です（＾人＾） --[[利用者:Σ64|Sigma64]] 2012年1月3日 (火) 23:24 (UTC)
多少,"また多少詳しく調べさせていただきましたが、貴殿が2004年にWikipediaの管理者を辞任した際にも、他ユーザーを突然ブロックした管理者権限の濫用行為が問題になったのではないのですか　当時の経緯を繰り返さないよう、慎重にご考慮ください　[[利用者:三島堂|三島堂]]（[[利用者‐会話:三島堂|会話]]） 2017年10月24日 (火) 00:57 (UTC)
"
あまり,英語版で流行っていないのはアメリカやイギリスで身近な単位としてSI単位系があまり知られていないのが主な理由とは考えられます。
非常に,メートル法が非常に浸透している日本では市町村、鉄道、橋、トンネル、空港、など人工物、湖、木、河川、三角州、などと連携すればきりがないほど楽しいものになると想像しているのですが。
かなり,表についてですが、これはかなり完成度が高いので、項目を追加すると蛇足になる恐れがあります。
非常に,その本は、様々な物（動物とか惑星とか色々なもの）の図がスケールを合わせて書いてあり、非常にわくわくした思い出があります。
少し,さすがに図を入れるのは厳しいですが、少しでも面白い比較の表ができるよう微力ながら協力させていただきます。
大変, それとも、項目が一部に集中してしまうなど大変な割に面白くなさそうでしょうか?
非常に,<br>'''数自体を項目の先頭に''':わかりやすくて非常に良いと思います。
少し,あと、無限大についても少し。
すごく,Azuさんの長さの「ものさし」の項目はすごく面白いと思いました。
非常に,数の一覧との統合は非常に良いと思いました。
ちょっと,"あちこちから数量の比較のページへのリンクをしていてちょっとアイディアがあるので今からそれを造ります[[利用者:Suisui|Suisui]] 13:13 2004年1月22日 (UTC)
"
ちょっと,移動するのであればちょっと変更すべき記事の量が多いのでスクリプトでも組んでまとめてやった方が楽かもしれませんね。
すごく,久々に書こうと思ったのですがものすごく重いですね・・・この時間はこんな感じなのでしょうか？
少し,上のたたき台は記事に移行したので少しでも軽くするために削除してみました。
非常に,非常に有用な画像なのでウィキブックスなどでも使えると思いお願いにあがりました。
少し,少し確認したいのですが、Japanische Spracheとはなんでしょう？
ちょっと,バナーとしてはちょっとファイルサイズが大きすぎると思います。
少し,ファッション関係を少し書きたいと思っているのですが、現在活躍しているデザイナーが少なくともこれだけいます。
あまり,:今まで、日本語版にはファッションのことを書く方があまりいらっしゃらなかったので、本当に助かっています。
とても,デザイナーの経歴・思想・デザイン傾向の推移・同世代のデザイナーとの比較などを書き込んだ記事が増えていくならば、それはとても喜ばしいことです。
ちょっと,アントワープはちょっと詳しいんで書いてみましたけど、ほかはそんなに書く知識がないので趣味で調べながらちょこちょこ書いていきたいと思ってます。
ちょっと,自分も鬼のほうに詳しい方じゃないし、服飾関係でも無いのできちんと書けないですが、あくまでも趣味として（ちょっとはまりつつあり本業がおろそかになりそうなので……）貢献したいと思います。
十分,:鉄道関係の記事が鉄道関係であるのは読めば分かることですし、もし分からないとすればそれは記事が不十分と言うことでしょう。
十分,この会話ページや、削除依頼対象になっている[[画像‐ノート:Tetu logo.gif|ロゴ 1 のノート]]、[[画像‐ノート:Tetu logo2.png|ロゴ 2 のノート]]にはロゴを貼り付けることへの反対意見が数多く書き込まれており、これらの意見に対し十分な回答をせずにロゴを張り続けることは Wikipedia への攻撃とみなされます。
結構,"なお、このウィキメールは多数の利用者様へ送信していますので、返信は結構です（＾人＾） --[[利用者:Σ64|Sigma64]] 2012年1月4日 (水) 09:11 (UTC)
"
ちょっと,仕方ないとはいえ、タイミングと表記の文字にちょっと混乱しました。
大変,Reverted edit of 221.27.12.180 、changed back to last version by Tekune　と reversion されていたのを拝見しましたが、これを毎回手で書くのは大変ではありませんか？
あまり,こちらこそ最近はあまりあいさつ同行会員らしいことが出来ず申し訳ないです。
非常に,ウィキペディアでは、著作権の問題というのは非常に重要です。
それなり,　メンテナンス要員がそれなりに必要そうですが、見通しはよくなりますよね。
結構,TYさんへ、強化記事候補の[[イヌ]]は結構票が集まってウィキをゲットできるかもと皮算用をしてみたりしています。
あまり,最近、息切れ気味なのであまり期待しないでください。
ずいぶん,Wikipediaを離れてずいぶん経つのですが、今日まったく偶然にのぞいてみたところ、ライセンスについての注意書きに奇跡的に気づきました。
結構,　リンクは結構滅茶苦茶だったりします。
結構,　ハンドルに肖ってのお願いですが、お厭であれば結構です。
非常に,ウィキペディアにとって、著作権の問題というのは非常に重要です。
ちょっと,Eguriさんにちょっとお尋ねしたいことがあったのですが、最近はお見えになられていらっしゃらないでしょうか？
あまり,このたびは水洗してくれたことはとてもありがたい行為だと思っておりますが、私自身管理人はあまり増やすべきではない的な考えを現在持っておりますし、まだ管理者になれるほどの信頼を得ていないのが現状ですし、管理者としての責任も負えそうにありません。
とても,このたびは水洗してくれたことはとてもありがたい行為だと思っておりますが、私自身管理人はあまり増やすべきではない的な考えを現在持っておりますし、まだ管理者になれるほどの信頼を得ていないのが現状ですし、管理者としての責任も負えそうにありません。
大変,それこそ大変です。
少し,お茶でも、と言いたいところですが、少しは気持ちが晴れました？
あまり,大きな中立的な観点で高みから望めば、あまり制限というのは好きくないです。
結構,自分の文章に執着は無いので好きにしてもらって結構ですが、“ネコでもわかるGFDL”なんてページがあると嬉しいです。
少し,今後、気が向いた時になるでしょうが、少しずつ充実させていきたいと思います。
少し,いろいろ投稿されている様ですが、もう少し投稿対象について調べてから投稿されることをお勧めします。
それなり,Google等で１分も調べたら、投稿対象についてそれなりの知識を得ることができると思います。
あまり,ところであまりひどい行為ばかり続けると犯罪が成立します。
ちょっと,219.122.228.150さんがおっしゃってるのはそれとはちょっと違う話だと思います。
非常に,ウィキペディアにとって、著作権の問題というのは非常に重要です。
ある程度,「ファッション」という略称がある程度広く用いられてるのでしたら、「ファッションヘルス」の記事中に記載するのが良いと思います。
大変,大変ありがとうございます。
若干,私も2600系の写真があり、また撮影時期が夕方なので若干文字が見やすくなっています。
結構,あと、ほぼオフトピで個人的に尋ねたかったことなんですが利用者ページの上部デザインが私のところと結構似ているのは偶然ですか？
多少,"不快感はないしこういうの嫌いじゃないんだけど（むしろ面白いと思う）気になるものはやはり多少気になるので・・・（汗-->--[[利用者:Marine-Blue|Marine-Blue]] <small>[ 旧:IRUMA [[利用者‐会話:Marine-Blue|会話]] [[特別:Contributions/Marine-Blue|履歴]] ]</small> 2007年7月25日 (水) 01:13 (UTC)
"
結構,スポーツの日付別テンプレは結構忘れられがちだし自分も忘れることがあるのでご協力いただけると助かります。
あまり,-- 利用者ページの件は面白いなと思った以外なんでもないのであまり御気になさらず。
非常に,ウィキペディア日本語版の運営にも深く関与する理事会の[[:m:Wikimedia Foundation elections/2021/Candidates/ja|候補者]]の選出に際し、投票資格をお持ちの数少ないユーザーの一人であるこうのいちさんのご意見を反映することは非常に重要だと考えています。
ずいぶん,ご案内がずいぶん遅れてすみませんが、よろしくお願いします。
少し,思い出したらうかがいますので少しお待ちください。
相当,前々から不便だと思いつつ手をこまねいていたので、英語版の長々しいページを訳すだけでも相当なお骨折りだったのではと拝察します。
少し,実はあちらでご指摘を読んで、古い文書を使いやすくするご努力を少しでも称えたいとお邪魔しました。
かなり,]]」において、連日かなりの連続投稿をなさっていますが、Wikipediaでは連続投稿は減らす様、推奨されています。
非常に,ウィキペディア日本語版の運営にも深く関与する理事会の[[:m:Wikimedia Foundation elections/2021/Candidates/ja|候補者]]の選出に際し、投票資格をお持ちの数少ないユーザーの一人であるShidhoさんのご意見を反映することは非常に重要だと考えています。
十分,もし、なんらかの資料を参考・引用されているのでしたら、それがワンセンテンス未満であったり、地の文に大幅改訂を行った使用などでも十分に著作権問題が発生することがありますので、資料名を挙げていただけませんでしょうか。
非常に,もし、KIZUさんの挙げている資料と、まったく同一の文面が非公開の資料にあり、その非公開の資料に示された著作権許諾がGFDLに矛盾しない場合で、かつ同一の文面のある資料がGFDLと合致しなかった場合、この場合の著作権判断は私には出来かねますが、著作権問題を判断する上で非常に重要な情報でありますので、是非そのようにアナウンス頂きますようよろしくお願いします。
十分,単に部分的なKIZUさんの指摘への否定をされるだけでは不十分です。
十分,このような投稿は[[エホバの証人]]の項目での記述で十分だと思います。
あまり,私自身の意見としては、情報が減らない形の統合なので絶対反対ではないのですが、まとめる必然性をあまり感じていません。
あまり,ところでウィキペディアは'''中立的な観点'''の''記述''で第三者向けに利用してもらうことを前提にした<font color=red>百科事典</font>なので<u>個人的な利用や主張</u>はあまりできません。
少し,== 「[[自閉症]]」について少し調べた。
かなり, かなり多くの人から重視されている方針なので、Nashiiさんの執筆方針がこれと合わなくて摩擦がおきるのかな、と思ったのですが。
少し,少し、冷静になってください。
非常に,儒教は「たまたま」うまく収まりましたが、あなたが消して言った曖昧表現は、どうしても曖昧にならざるを得なかったものも非常に多いのです。
それなり,表現を変えるのならば、それなりの調査をしないことにはそちらの方が無責任であると覚えておいて下さい。
あまり,[[コンパクトディスク]]でもほぼ同様の、あまり意味のない厳密さをめぐったやり取りが行われています。
少し,別に悪意があってのことではないと思うので、もう少し慎重になってほしいというのがKzhrさんの意見だと思いますが。
とても,とてもうれしいです。
あまり,最近あまり活動されていないようですが、おたがいがんばりましょう。
大変,故あって離れておりましたので、ご返事が大変遅れてすみません。
結構,結構、投稿する時代がかぶると思いますので宜しくお願いいたします。
若干,貴方の勧告を尊重し、ちょうど貴方が投稿している間に付け加えた個所の手直しと、若干の情報追加しか行っただけで、revert合戦に関わる段落は編集してませんが何か？
ちょっと,（初めてのユーザ間会話で、ちょっとﾄﾞｷﾄﾞｷ。
少し,僕って、「[[父権的]]・[[保守的]]」な傾向の人間なので、ここ数日の間に相当暴れちゃいましたけど(ぉ)、周囲から生の指摘を受け、イタイ目を見るうちに、少しずつ楽しみ方が分かってきました。
相当,僕って、「[[父権的]]・[[保守的]]」な傾向の人間なので、ここ数日の間に相当暴れちゃいましたけど(ぉ)、周囲から生の指摘を受け、イタイ目を見るうちに、少しずつ楽しみ方が分かってきました。
ちょっと,ちょっと送信ミスしました。
いささか,そこで、juanitaさんにはいささか畑違いということは知った上で、あえて無理なお願いを申し上げたいのですが、お忙しい中とは思いますが、もしよろしければ一度[[腸炎ビブリオ]]を読んでいただき、時間があるときにでも[[Wikipedia:査読依頼]]の方でコメントいただけたら、と思っています。
ある程度,:現在私の属していますラボは、かつて水産微生物学という名称でして海洋ビブリオに関してはある程度の資料があります。
結構,:とりあえず、加筆してみましたが、大体Azuさんの仰る内容で結構だと思います。
かなり,現在はかなり長いDNA鎖同士のハイブリなども行なっているので、『ゲノム全体の網羅的な相同性を見る』と言う意味合いもあるかと思います（これも微生物に限ります）。
あまり,ただ、個人的にああいう形でスタブを作成し続けることと、なにより会話に応じない態度は許されるものではないと思うので、あまり良い気持ちではありません。
大変,色々大変かとは思いますが、日本版Wikipediaの充実のために頑張ってください。
あまり,表面代謝説、プロテインワールド仮説などをあまり理解していなかったことに気付きました。
やや,後半の表面代謝説以降の流れは気に入ってますが、バックグラウンドがやや適当な気もします。
ちょっと,[[Wikipedia:ウィキポータル 生物学]]もちょっとパワーアップしましたので、使ってやってください。
ちょっと,もしもNachiさん、詳しければどうぞもうちょっと加筆よろしくお願いいたします。
かなり,"Cathedral S. Pietro (a Roma) の日本語表記にもかなり揺れがあると思うんですが
"
かなり,　異教起源だとしてもそうおかしくはありませんけど（東方と西方で解禁時期がかなり違うので）。
十分,このような投稿は[[エホバの証人]]の項目での記述で十分だと思います。
あまり,わたしはカトリック教会の記事、特に現代の歴史の部分があまりにもバチカンの見解に偏りすぎていると考え、別ページにしました。
あまり,"> わたしはカトリック教会の記事、特に現代の歴史の部分があまりにもバチカンの見解に偏りすぎていると考え、<br>
"
少し,今日はこちらではフィレモンとアルヒプの記憶日なので手紙の記事に少し手を入れました。
非常に,''法人''に関する説明は非常に分かりやすくてよかったです。
あまり,わたしは[[カトリック教会]]の記事、特に現代の歴史の部分があまりにもバチカンの見解に偏りすぎていると考え、別ページにしました。
とても,*ロボット関連の項目、とても有り難く思います。
大変,アップロードされている図が大変綺麗なので、参考にさせて頂きたく思いました。
ちょっと,ところでちょっと不安になったのですが、作成ソフトなどによる出力を貼り付けるのは、著作権などの問題になることはないのでしょうか。
とても,構造式がとても綺麗だったのと、出来れば統一した方が良いかと思い質問させて頂きました。
非常に,非常に良い写真なので編集の上、ぼかしあるいは塗りつぶしをかけて、お手数ですが<del>別名</del>で再アップロードしていただけませんでしょうか？
大変,[[音韻論]]、その他、テンプレートを入れて頂いて、大変見栄えも良くなりましたし、利用価値の高い物になったと思います。
結構,こういう整備も個人的に結構好きなので、できる限り進めてみたいと思います。
とても,）省の位置関係を把握するのに、とても便利に使わせてもらっています。
あまり,西方教会での諸聖人の日の位置づけについてはあまり存じませんが。
相当,日本語のできる投稿者も相当数おりますので、日本語でなり英語でなりご助言を賜れば幸甚と存じます。
十分,これに田中さんの話題もあると、十分それだけで記事になりうるかもしれません（京都の産業、かなにかで）。
非常に,そのため、非常に短い記述だけの記事を新設したり、余り発展の余地のなさそうな話題を扱うページを新設することの是非については、いろいろと議論があります。
十分,せっかく作成して頂いた記事も、内容が十分でないと後になって[[Wikipedia:削除依頼|削除]]されるようなことになるかも知れません。
ある程度,ページを立てるときは、公式ページへのリンクだけではなく、ある程度説明になった記事にするようにしてはいかがでしょう。
あまり, あまりに失礼かつ不正確な言い方じゃないですか！
あまり,「中国バージョン」があまりにひどいので修正しておきました。
すごく, とても良いサイトで、すごく参考にさせていただきました。
とても, とても良いサイトで、すごく参考にさせていただきました。
かなり,私個人としましても、もうかなり参っている状況でもあります。
少し,少しご意見をお願いしたいと思い、今回お問い合わせに来ました。
あまり,まさに[[西山事件]]のあとの日本政府の対応(アメリカ政府がその密約文書を秘密解除して誰でも見えるようになったにも関わらず、その存在を否定し続ける)にあまりにも似ていますね。
十分,　確率計算には関係ありませんが、「形の解説」ならば待ちの数だけで十分です。
少し,だから赤鉛筆さんの分解した書き方は余計混乱するので少し修正しました。
少し,もう少し、ここで色々と練ってぜひ記事化する方向で（一緒に）考えてくださいませんか？
ちょっと,「利用されてこその百科事典」と考えると、今のまま短い記事中心でどんどん記事が増えていくのをよしとするのは日本語版ウィキペディアの将来を考える上で、ちょっと楽観的すぎるかな？
結構,お忙しいようでしたらいつでも結構です。
若干,その文章中に、仮に、どこかで取材した資料のコピペが若干混ざって残っていたと仮定しても、記事全体の価値を落とすような類のものではないと正直思います。
ちょっと,今朝ちょっと拝見したのですが、あまりにも短い記事や中途半端で放り出してある記事については全く同感です。
あまり,今朝ちょっと拝見したのですが、あまりにも短い記事や中途半端で放り出してある記事については全く同感です。
ちょっと,自分がちょっと手を付けておけば後から誰かが書いてくれるだろうという考えは非常に迷惑ですね。
非常に,自分がちょっと手を付けておけば後から誰かが書いてくれるだろうという考えは非常に迷惑ですね。
ちょっと,「スタブ閾値」という名前は、ちょっと過激かもしれませんが、私が決めたわけではないので、ご了承ください。
結構,'''抵抗を感じられる場合は無視して頂いて結構です。
あまり,数学でいくつか記事を統合なされてますが、安易に統合すると履歴が分散してしまってあまりよろしくありません。
少し,少し先走ったかも知れません。
ちょっと,:統計用途ですけれど、記事を書けるほどの知識はないのでちょっと……。
あまり,要するに標本を作ったりする段階で乱数表の代わりに賽を使う用途があるわけですが、「講義で習ったことがある」程度の知識しかないのであまり自信がありません。
少し,"ももう少し充実できると思いますが--[[利用者:Ta2o|Ta2o]] 2005年4月3日 (日) 18:16 (UTC)
"
あまり,:厳密に解釈すれば引っかかる点があるかも知れないとは思っていますが、あまり固いことは言わないでもいい状況だろうと判断しています。
相当,]]を見て思ったのですが、[[Wikipedia:著作権#ウィキペディアにおけるコピー・アンド・ペースト]]にそれに相当する記述があるので、記事名＋「/履歴」ページを作成するのがいいんじゃないかと思います。
やや,何故ノートではだめか、というのは、考え出すとややこしい部分もありますが、これまでの議論では、ノートだけ削除されることがあるし、ノートは独自の履歴を持っていてそれ自体が独立した文書のようだから、という辺りが主な理由です。
ちょっと,::ちょっと失礼します。
あまり,Tekuneさんの「その過程で作品名へのリンクも貼られる〜」というお考えも分かりますが[[ザクII]]などアニメに限らずあまりに多くの作品に登場するものに関してはフォローしきれないような気がします。
とても,:転載の疑いに対して百楽天氏からの返答は個人的な所感が述べられたのみでとても疑惑を否定しうるような材料は出てきていません。
あまり,ja.wpの翻訳依頼があまり活用されていないように思い、ノートページで運用改変を提案しています。
非常に,調べものをしていたところ、[http://www.flashpub.com/sinzoubyou/ ここ]の「心臓の機能」の欄と貴殿が初版を作成された記事、[[心臓]]が非常に似ていることを発見しました。
大変,コピー＆ペーストの際に修正を行うのを忘れてそのまま投稿を行ってしまったためのミスですが、[[利用者:Daichan|Daichan]]さんには大変失礼な仕打ちをしてしまったと猛省しております。
結構,'''抵抗を感じられる場合は無視して頂いて結構です。
結構,'''抵抗を感じられる場合は無視して頂いて結構です。
少し,どのような荒らしへの対処だったのか、僕にもいまいち理解できておりませんので、誰かもう少し詳しい説明をしてくれる人が居ても良かったのではないかとは思います。
少し,利用者ページに書いてあるいくつかの件については、今のところ「わざわざ人に聞こえるように言っている独り言」(^^;)の域を出ませんので、もう少し考えがまとまったらご提案しようかと思っています。
あまり,減色すればファイルサイズは必ず小さくなりますが、あまり気にする人はいませんね。
ちょっと,ただ、ちょっと問題なのが市町村合併した旧境界線の扱い。
若干,旧国名が地理的要因で分割された経緯が若干でもあるとすれば、旧境界線のエリアは互いに固有の性質を持ち続けるだろうという点です。
あまり,あまり濃い色を選ぶと区域境と同色に見えて潰れて見える場合があります。
大変,#隣接自治体の塗りつぶしは、却って手間が大変かもしれません。
かなり,八王子市や鹿児島市と同じレベルで全部の市町村で対応するとかなりの作業量になる畏れがあります。
かなり,自分で作っておいてなんですが、[[静岡県]]はかなり間抜けなバランスかな、と思っています。
大変,:作る手間の問題ですが、みんながそれぞれに「原図から市町村位置図への変換」をしてしまうから大変なのです。
十分,基本的に47個、広い都道府県に複数の土台を用意したとしてもたかだか50数個の土台を生産すればいいわけですから、これらに手間がかかる作業をすることは十分に可能です。
すごく,都道府県庁所在地マークは小さな工夫ですが、すごくいい配慮だと思いました。
やや,樺太・サハリン問題はどうにかしようと思っていたのですが、政治的な主張の強い方々もいらしてややこしいので、逃げ帰ってしまいました。
大変,いろいろ大変でしょうが頑張って下さい。
非常に,逆に東西南北の各圏域を調べるのは精度が細かい割りにウォッ地図の縮尺は粗いのでマウスで追い掛けるのは非常に難しいです。
ちょっと,役所・役場の正確な位置情報を入力したのか、中心にくるようにある程度の精度で設定しているのかはちょっと分からないですが（おそらく前者だとは思いますが）、小数点以下まで設定してあるようなので秒までは信用してみても良さそうですね。
ある程度,役所・役場の正確な位置情報を入力したのか、中心にくるようにある程度の精度で設定しているのかはちょっと分からないですが（おそらく前者だとは思いますが）、小数点以下まで設定してあるようなので秒までは信用してみても良さそうですね。
十分,逆に、ウィキペディアをたまたま訪れた方が、伊達公子さんの記事に写真がないことを残念に思い、わざわざアカウントを取得して手持ちの写真をアップして下さったと考えることは十分可能です。
十分,善意の投稿であるとするならば、修正してルールをお知らせするだけで十分であり、厳しく糾弾する必要はないと思います。
非常に,最近の削除依頼を見ていると、画像の著作権問題は非常に複雑だなと感じます。
結構,（この試案に対しては結構好きでしたが。
大変,忙しく大変でしょうが、これからもよろしくお願いします。
ちょっと,正直言いまして「ちょっとあんまりな編集」だったので、要約欄に苛立ちが滲み出てしまった感もあり、おそらくはそれを読んでShinkanさんもお気を悪くされたのではないかと申し訳なく思っております。
とても,今回、[[Wikipedia:メインページ新着投票所/新しい画像投票所]]にて[[:Image:Tokachidake.jpg]]がとても素敵だったので推薦いたしました。
非常に,当日は非常に天気がよく、私の拙い技術と安カメラでも美しい十勝岳を撮ることができました。
少し,もう少し噴気の多い日であればもっと十勝岳らしい写真になったでしょうが、火山活動は活発でない方がよろしいでしょうから贅沢は言わないことにします。
大変,ご連絡が後になって、大変失礼いたしました。
とても,随所で「Birdman案」として名が知れるほど、とても良いご提案をされていたにもかかわらず、管理者解任制度との絡みなどがあるとはいえ、1年以上議論がたなざらしになっていたのをみてもったいなく思った次第です。
十分,現状を把握された際には議論にご参加いただけるというお返事をいただけただけで、十分感激です(^^)。
少し,</small>ただ、任期制の議論を引き続き進めてよいのかや、議論を続けるとしてどこでするのかなど、一部のユーザーの方から今も異論があるようなので、コミュニティの意見をもう少し見ながら、あまり焦らずにすすめていこうと思っています。
あまり,</small>ただ、任期制の議論を引き続き進めてよいのかや、議論を続けるとしてどこでするのかなど、一部のユーザーの方から今も異論があるようなので、コミュニティの意見をもう少し見ながら、あまり焦らずにすすめていこうと思っています。
大変,以前Birdmanさんが支庁のpng地図画像をアップされていましたが、今回も、大変お手数ですが同じ形式で振興局は別ファイルとして作成をお願いできないでしょうか。
非常に,:複雑でいまいちこのテンプレートの扱いに困っていましたので、非常に助かりました。
少し,もう少し見る側の事を考えた画像を掲載するようお願いします。
少し,もう少し日本語を勉強してからWikipediaに参加するべきでしょう。
少し,会話の中で「23時代の電車がもう少し欲しいなぁ」とかどっかの球団のファンが「○○というピッチャーが欲しいな」というのがあると思いますが。
あまり,[[利用者:Reader|Reader]]につきましてあまりにも悪質な暴言・嫌がらせを連続するので[[Wikipedia:管理者伝言板/荒らし]]に報告いたしました。
あまり,'''ここに私(Zero)宛の書き込みをすることができますが、私がこのページを閲覧する頻度はあまり高くありません。
やや,ややこしいですが。
あまり,読んでみましたが、特に意見と言うほどには…電話とかあまりわからないので。
かなり,ご気分を害されないとよろしいのですが、今回はかなりたくさんの方にこのお知らせを差し上げています。
かなり,かなりの数でご負担になるんではないかと思いました。
少し,あるいはそうした事情をご存知の上で問題のなさそうな件だけを選んで早期に削除されているのかも知れないですが、僕は「ルールは少しづつ覚えながらやって頂けるだろう」と思ってCiroさんへの管理者信任に票を投じた経緯もありますので、一応ご案内させて下さい。
ちょっと,ちょっと早まってしまいましてすみません。
大変,大変おそれいりますが、もう一度ご発言をお願いできないでしょうか？
十分,彼(女)の書き方も不十分でしょうが、Ciroさんが誤読されてると思います。
あまり,個人的な情報はあまり出したくないので、言語別の分だけ登録しておきます。
大変,title=%E7%89%B9%E5%88%A5:Newpages&limit=500&offset=0 新しい記事]の中から、自分に関わりの多い記事を探している方がたくさんいらっしゃって、そのときに、要約欄に何に関するものなのかが書かれていると大変助かるのです。
結構,「イタリアの地名」などで結構です。
結構,無論、お時間のある時で結構ですので、これら記事を一瞥していただければ幸いです。
すごく,Ciroさんがすごく前にお書きになった記事[[ヴェルムト]]の件なのですが、これは[[ベルモット]]と同じものでしょうか？
ちょっと,ヨーロッパ全域となると守備範囲外なのでちょっと状態はわかりません。
ちょっと,:これは、ちょっと例が悪いですが[[ペンネ]]と[[ペンネ (コムーネ)]]のように、どちらもイタリア関係の記事となる可能性があると思いそうしました。
ちょっと,ちょっと気になったので調べてみたらCiroさんは過去にもイタリア艦船で同様の例があるようです。
少し,しかし（私の知っている範囲では）艦船分野についてはもう少し日本語表記について調査されることをお願いします。
ある程度,[[Wikipedia:外来語表記法]]では、「ある程度統一的に用語を掲載している辞書・事典等を参考にしてください。
あまり,また「ヴ」は　あまり奨励されていませんよね。
少し,特定分野のご執筆については、各々の専門分野について今少し調査いただきますようお願いいたします。
ある程度,まぁ[[ジェーン海軍年鑑]]（Jane's Fighting Ships）の日本語版があれば良いのでしょうが無い物ねだりをしても仕方がありません、今のところは海人社が唯一の「ある程度統一的に用語を掲載している・・」にあたると思います。
少し,もう少し待って欲しいです。
ちょっと,[[Wikipedia:井戸端#投稿が望まれているページでイタリア地名列挙問題]]にてコムーネについてちょっとした問題になっています。
非常に,そのため、非常に短い記述だけの記事を新設したり、余り発展の余地のなさそうな話題を扱うページを新設することの是非については、いろいろと議論があります。
十分,せっかく作成して頂いた記事も、内容が十分でないと後になって削除されるようなことになるかも知れません。
あまり,ちなみに英語版でもコムーネはComune（フランス語は自国とあまり意味が変わらないようなのので置いといて）となっています。
非常に,そのため、非常に短いコムーネのテンプレートしかない記事を新設したり、余り発展の余地のなさそうな話題を扱うページを新設することの是非については、いろいろと議論があります。
十分,せっかく作成して頂いた記事も、内容が十分でないと後になって[[Wikipedia:削除依頼|削除]]されるようなことになるかも知れません。
非常に,Ciroさんの最近の傾向を見てみると、とりあえず項目だけ立てて本文は未訳という項目が非常に多く、現時点で数千を超えていますが、これはのちのち本文も訳すという意思はあるのでしょうか？
非常に,これだけ多くなってくると個人の力で訳するのは非常に大変かと思いますが、イタリア語ができる利用者の数も限られているでしょうし、どのようにお考えですか？
大変,これだけ多くなってくると個人の力で訳するのは非常に大変かと思いますが、イタリア語ができる利用者の数も限られているでしょうし、どのようにお考えですか？
とても,訳元のイタリア語版でも最もメインの記事は当然本文でしょうし、もしも本文を訳す意思がないのであれば、これらの記事の価値がそれほど高いとはとても思えません。
それなり,またテンプレートの中に書かれている内容だけでもそれなりに情報量はあるはずです。
ちょっと,:ちょっと引き受けられません。
それなり,:(インデント戻し)とりあえず、2003年11月から今までユヴェントスで項目が立ってそれなりに編集されていたということも考慮して、ユヴェントスで暗黙の了解が取れていたと理解しています。
ある程度,記事内に言及のある人口については将来的にある程度の変動が予想されるので、いつの時点でのものであるのかについて付け加えるとよいのかもと思います。
十分,"もっとも人口は急激な変動が起こるわけではないので、いつの時点のものかなんて知らなくても十分目安にはなりますが・・・--[[利用者:ぶた|ぶた]] 2007年7月11日 (水) 08:48 (UTC)
"
ある程度,また[[ISTAT]]の国勢調査によりデータも公開されておりますので、将来的にはある程度自動で更新できればよいなあと思います。
結構,Ciro様のお書きになっているコムーネの記事、数を増やすのは大いに結構ですが、そろそろ'''個々の記事の質というものを考えてもらえませんでしょうか'''。
若干,それと言うのもイタリア語版は若干外部からのコピーに甘く、本文を訳すのにあたり転載の可能性が残されていたこともあり保留としています。
多少,:私も多少気になっていたのでひとつ。
ちょっと,こちらでちょっと調べてみたところ、やはりチェネリが多く、チェーネリという記述も数件見かけましたので、「チェネリベーストンネル」として、本文中でチェーネリとも読む可能性があることなどを説明したいと思います。
結構,」に反すると考えられる、上記の各コムーネの記事を早急に充実させてください（最低でも英訳（イタリア語訳でも結構ですが）はして下さい）。
とっても,貴殿は、2007年10月に、「[[:Category:DOPとIGP]]」を作製されていますが、用語「[[DOP]]」（貴殿が2004年に作製した記事）も、用語「[[IGP]]」も、どちらも意味不明なため、結果としては閲覧者にとっても記事の編集者にとっても当然意味不明であり、混乱を生むだけのカテゴリーと記事になっております。
非常に,ウィキペディアでは著作権について非常に厳しい姿勢をとっているので、驚かれたかもしれません。
あまり,利用者ページに本名のようなものや誕生日を書いていますが、余計な面倒や危険を避けるためにも個人情報はあまり書かない方が良いと思いますよ。
ちょっと,なんか質問文ばかりになってしまいましたが、いずれにせよ、このままでは何についてのご指摘なのか分かりかねますので、もうちょっと詳しく教えてほしいと思います。
あまり,たしかに、書いた記事の内容にあまり自信がなかった時は、もし間違いなどがあれば、常連の詳しい方が編集してくださると思い、要約にそう書いたこともありました。
あまり,利用者ページに本名のようなものや誕生日を書いていますが、余計な面倒や危険を避けるためにも個人情報はあまり書かない方が良いと思いますよ。
十分,記事を修正するのは廃止後で十分だと思うのですがどうでしょうか。
ある程度,"#既存の一部の駅の解説記事について、内容にある程度の基準を設定し、この基準に達しない記事を削除する案について賛否とその基準の内容について　　[[利用者:藤井三方|藤井三方]] 2005年4月16日 (土) 04:03 (UTC)
"
非常に,ウィキペディア日本語版の運営にも深く関与する理事会の[[:m:Wikimedia Foundation elections/2021/Candidates/ja|候補者]]の選出に際し、投票資格をお持ちの数少ないユーザーの一人であるDC-11さんのご意見を反映することは非常に重要だと考えています。
かなり,強化記事という事ですが、私の知る概要を記載たいのですが、かなり足りないと思いまして。
少し,少しはまともに端末に向かえそうです。
ちょっと,かくいう私もちょっと当惑しています。
非常に,利用者ページの内容を拝読して非常に驚きました。
十分,十分ご療養の上、お元気で執筆活動に戻られることをお待ちしております。
非常に,金沢さんの記事のスタイルには非常に触発されるものがあり、鉄道車両記事の一つのお手本のように感じていました。
非常に,利用者ページの内容を拝読して非常に驚きました。
大変,最近はIPユーザーの方のみならず、新規に来られた方が妙なところで無分別な記事を書かれる方が多く、その点で言えば私や上のお二方以上の様に年季の入った「鉄」分の多さというより、何らかの文章・文書を書いて生業にしている方がという印象が強い方が少なく、その点で大変残念でなりません。
あまり,仕事以外であまりパソコンをいじるなと言われていますので、頻繁な顔出しはできませんが、ご容赦を。
多少,私も多少は書ける様にはなってきたのですけど、まだまだです。
あまり,*「仕事以外であまりパソコンをいじるな」と言われているそうですが、医者ではなくても昨今のこの場の状況を見ると、逃避の気がでてきても不思議ではありません。
大変,当面は従前のようなご執筆は無理と思いますが、ご帰還された事自体が私と共同執筆者（Miya）にとって大変嬉しいニュースです。
あまり,*すみません、ご帰還を喜ぶあまりうれしくて早書きしたので署名を間違えてしまいました。
ある程度,また、これは「ロマンスカー」の辞典的な定義である「2人掛け座席」の名称について（おそらく対象は椅子なのかもしれませんが）、当然専門外というのも考慮しますが、ある程度社会的な風俗でお答えできる範囲で構いませんので名称について何かお知りになっていることがあれば[[Wikipedia‐ノート:ウィキプロジェクト 鉄道/「ロマンスカー」での列車名記事との分離について]]で構いませんので、お答えできれば御願いいたします。
それなり,「ロマンスカー」の件ですが、それなりに意図するものが出来ましたと思います。
大変,初版投稿時より大変気になっていた記事で、初版の地点で個人的に秀逸な記事でした。
大変,記事を立てたものの、資料が少ない中、詳しい方に執筆して頂けるのは大変心強く感じております。
大変,さて、[[国鉄155系・159系電車]]の項に「（――修学旅行の引率は、今も昔も大変である）。
若干,若干こちらの目にはこれが「主観的」のように見えるのですが、いかがなものでしょうか。
あまり,最近あまりご活躍を目にしませんがいかがお過ごしですか。
少し,ご多忙中途は思いますが、少しお声を聞かせていただけませんか。
ある程度,"#既存の一部の駅の解説記事について、内容にある程度の基準を設定し、この基準に達しない記事を削除する案について賛否とその基準の内容について　　[[利用者:藤井三方|藤井三方]] [[利用者:藤井三方|藤井三方]] 2005年4月16日 (土) 04:25 (UTC)
"
大変,急に、かつ、大変失礼な話で恐縮なのですが、仙台市電の駅についてYanahanさんがご存知の範囲でよいので加筆していただけないでしょうか。
十分,貴殿が新規作成した[[宮城県道243号大塩小野停車場線]] も定義文以外はデータのみとなっておりますので、十分な加筆をお願いいたします。
非常に,ウィキペディア日本語版の運営にも深く関与する理事会の[[:m:Wikimedia Foundation elections/2021/Candidates/ja|候補者]]の選出に際し、投票資格をお持ちの数少ないユーザーの一人であるYanahanさんのご意見を反映することは非常に重要だと考えています。
かなり,ご気分を害されないとよろしいのですが、今回はかなりたくさんの方にこのお知らせを差し上げています。
大変,私のこれまでの編集活動が評価されていると受け止め、大変うれしく思います。
大変,:ただ、大変申し訳ないのですが、推薦は辞退させていただきたいと思います。
あまり,あまり気になさらない方がいいと思います。
ちょっと,移動によるREDIRECT化やREDIRECT解除による項目化などによって日々変化する場合には索引のこともちょっとは気に掛けて欲しい（リンクしている項目のチェックもしてほしいなぁ）とみなさんに呼びかけたかったのであえて要約にかいてしまいました。
少し,::失礼かもしれませんが、文法を少し直しました。
少し,要約欄にコメントを書かれておられますが、失礼ながら少し丁寧さに書ける言葉遣いであるように思いました。
ずいぶん,ずいぶん時間が経っても何の変化もないようであれば、そこに至って初めて削除(あるいはリダイレクト、今回の場合はリバート)を考えることになります。
少し,あのとき私はなぜ定義を付け'''ることができなかった'''のか、言い訳めいてますが少し説明します。
若干,都合よく、私は形式的に判断する軽率なWikipedianども(しるふぃさんだけではなく、たぶん過去に新エネルギーをリダイレクト化した人に対しても、またこれまで出逢った似たような事例)に対して若干の怒りを感じていたので、喧嘩口調で10分間ロックすることにしました。
少し,もし、新エネルギーやエネルギーについてよく考えた上で私の行動を批判するなら「ページの分割をする前に、エネルギーの項目のノートでもう少し意見を求めてみてはいかがですか？
とっても,百科事典として誰にとっても読む価値のないページを他に詳述されているページへのリダイレクトに戻したり、あるいは削除したりすることをですか。
大変,ましてやリンクだけのページに戻すのは[[ノート:エネルギー]]で「大変迷惑」といっている人への答えにもならず、失礼です。
大変,*[[新エネルギー]]をまとめることが「[[ノート:エネルギー]]で「大変迷惑」といっている人への答え」だと思っています。
あまり,お見舞い、ありがとうございます;; 何か色々書けるかなと思ってたのに、あまりの効率の悪さに[[自由エネルギー]]が無駄になるだけで、頭に血がのぼって[[熱]]が出ました。
少し,HarpyHummingさんの執筆なさってる記録を少し拝見しましたが、どれも百科事典としてなければならない大切なところだと思います。
十分,:まだまだ、よく分からないところがありますので、それでもなお、内容、形式とも、不十分な点があるかと思いますが、そのような場合には、ご指摘、よろしくお願いします。
ちょっと,定義、特徴などが今後記されるのであればよいのですが、期待しながら（ちょっと心配しながら）見ております。
少し,#そこで、「少しだけ書いてみたら、誰か続けてくれるかもしれない」と、根拠のない期待をして、立ち上げました。
大変,:以上、[[アイドル]]につきましては、ご期待に添えず大変申し訳ありませんが、ご容赦いただきますようお願いいたします。
多少,:私は、アイドルについては知識がないのですが、例えば、誰が曲を提供しているのか、というような点については、多少なりとも興味をもっています。
非常に,非常に短くてすみませんが、以上です。
少し,Wikipediaに少しでも貢献できるように、今後の糧にしていきたいと思います。
少し,しかし、該当ページに書いていたとおり、もう少しお待ち頂けないでしょうか？
ちょっと,日本国内でどのような経過で、[[小選挙区比例代表並立制]]になったか調べなきゃと思って、今調べるのはちょっと面倒だなあと思っていました。
あまり,:あまりの暑さにへばっております。
少し,執筆依頼の赤リンクが少しでも減らせるよう、当方もわずかながらご協力させていただきたく存じます。
大変,ろくに編集をしていない者が脇から口を挟むのは大変失礼と存じますし、誰でも自由に記事を編集ができるのがWikipediaであることも理解しております。
ちょっと,ちょっと行った事があるのと適当にネットで調べて書いているだけですのでご期待には添えないですが。
ちょっと,　正確性はともかく、中立的な観点で問題があるようにはちょっと見えなかったのですが…。
かなり,今は忘れ去られているASATミサイルや、レバノン侵攻時の空戦など、かなりの分量を調べられているなという印象を持ちました。
少し,ここまで来るのにも少し時間が掛かりました。
あまり,あと、HPの管理者について2chのフライトシム板のエアロダンシング関連スレッドであまり良く無い噂を聞いているが、2chでの彼に関する書き込みが100%正しいとしても、書いてる側も対立する立場の[http://web.archive.org/web/20020603225511/motoku.fc2web.com/index/earodannsinngu/ohukai/2002sizuhama.html 元自衛官有名エアロダンサーがHPに掲載したこういった常識はずれな行動（立ち入り禁止エリア内に展示されているF-86Dのインテークに現役自衛官が頭突っ込んでる写真とそのキャプション）]に2ch上で一切非難が行なわないので、書いてる側も同類としか思っていません。
ずいぶん,だれも管理者の話なんか聞いてないにずいぶん詳しく説明してくれますね。
大変,　大変お手数ですが、記述された内容について『事実である』という証明をしていただければさいわいと存じます。
かなり,もし、まだ有効でしたら、かなり細かい部分に関しては参考にしており、丸写しとは言いませんがかなり濃いグレーゾーンであることだけお伝えしたく、こちらを訪問させていただきました。
あまり,あまりに大量削除ですのでいったん戻しました。
とても,あなたの活動が全てのウィキペディア利用者にとても有益になるものであると確信しております。
ちょっと,Tapioさんの利用者ページはトピックをちょっと変えるだけでそのままポータルに出来そうです。
ちょっと,ちょっと地球の色味が変わってしまってお気に召さないかもしれません。
あまり,私は芸能人、タレント、女優など容姿が仕事に影響すると思われる職業に就いている人物の生年月日、身長やスリーサイズなどのデータは<strike>ほとんど</strike>あまり信用していませんし今後も信用しないと思います。
ちょっと, ちょっと例えが悪いかもしれませんが『SMAP』や『V6』は知ってるけれど何の略か知らないのと 同じだと思います。
多少,:前の記事に較べて、文面的には多少ましになったとは思うのですが、まだ誤認があるかもしれません。
大変,また長い間ご返事せず大変失礼しました。
ちょっと,ちょっと調べてみます。
若干,ご指摘の通り[[山口高等学校 (旧制)|旧旧山高]]の記事の当該部分の不適切な部分（「モデルにしたとされる」は若干筆が滑りました）を修正し、脚注を加えました。
ちょっと,すみませんがちょっと疑問に思ったことがありまして、プロジェクト:アニメに参加しようとしても加筆できません。
少し,以後、もう少し中身を充実させてから投稿することにいたします。
大変,大変申し訳ありませんでした。
ちょっと,ちょっと体調を崩しまして、お返事がおくれてしまいました。
あまり,個人的にはあまり賛成できません。
ちょっと,でも、時間を置いた分問題の所在はちょっと見えてきた気がしますよ。
多少,上記中国語版の問題と重なって多少の間違いはしばらく続くと思われます。
すごく,しかしこれも全体から見ればものすごく少ない修正でしかありませんし、実際積み残しが数千項目どころではなく残っています。
非常に,しかも履歴が全言語版に分散するため何をしているか非常にわかりにくく、実際作業をしていることすら知られていないと思います。
非常に,上記の議論は別として非常に失礼な言動を取ってしまったことを心より謝罪します。
十分,僕はShさんのようにアラビア人の人名についての知識は乏しく、Shさんの論点を十分に汲み取れないままに半端な合意を形成してしまうことになるのも本意ではないので、もしご意見などがあれば、教えていただけたら、と思います。
大変,大変ご迷惑をおかけして申し訳ございません。
結構,不都合があれば差し戻してくださって結構です。
かなり,かなり強気に間違いないという論調でおられたので疑問をぶつけただけですし、それについて責任問題になるのは一般論として示したわけですので、私の責任問題となりうるようなものでないと思いますが。
かなり,もし私の理解が正しければ、貴方の主体性と能力は現行のWikipediaで活動されるにあたり、かなり問題点が見受けられます。
大変,何人かの親切な方々には、もし貴方が必要とされる主体性と能力をお持ちであったなら、貴方のあらぬ疑いや貴方だけが持つ疑問への応答で大変御迷惑がかかっており、その事に気を配って、最低限の礼節としてきちんと御礼や謝罪をされるべきではないかという事です。
大変,ここ数日、[[最近の出来事]]に見落としがちな事項を追加してくださったため、そのような報道を見落としがちな私は大変勉強になりました。
大変,別に遡って並べ替えてもよいのですが、一部の事項には日付をまたがる記事があるため大変面倒なのです。
ちょっと,ちょっと調子に乗ってしまいました。
かなり,Kon さんは色々と僕好みの記事を書いてくださってるので、かなり注目してます。
非常に,そのため、非常に短い記述だけの記事を新設したり、余り発展の余地のなさそうな話題を扱うページを新設することの是非については、いろいろと議論があります。
十分,せっかく作成して頂いた記事も、内容が十分でないと後になって[[Wikipedia:削除依頼|削除]]されるようなことになるかも知れません。
ちょっと,[[利用者:Sat.K|Sat.K]]といいますが、記事の内容でちょっとよろしいでしょうか。
いささか,記事を加筆・修正されるのは非常に結構なのですが、もしよろしければ半角カナの使用は、ご承知と思いますが、いささか問題があるので止めて頂けますでしょうか。
非常に,記事を加筆・修正されるのは非常に結構なのですが、もしよろしければ半角カナの使用は、ご承知と思いますが、いささか問題があるので止めて頂けますでしょうか。
結構,記事を加筆・修正されるのは非常に結構なのですが、もしよろしければ半角カナの使用は、ご承知と思いますが、いささか問題があるので止めて頂けますでしょうか。
大変,大変に残念なことです。
非常に,百科辞典として非常に適切を欠く文章が多いように見受けられます。
あまり,また、あまり同じ記事への投稿を激しく継続すると、投稿をブロックされる場合があります。
かなり,"[[マース川]]の文に""[[ミューズ川]]からの転載""と追記されてしまっているのは、かなり心外です。"
結構,移動をかけてから理由を記すのが筋だと思いますので、謝っていただかなくても結構だと思いますよ。
相当,長音省略については、手元にある本の索引や辞典などを見ると、相当する母音に置き換えているので少々違和感がありますが、この方針で統一されているものでしょうか。
かなり,カテゴリ自体が、日本語版ではかなり最近に導入されたシステムなので、かなり運用にゆれがあるようです。
大変,今、カテゴリギリシャ神話を見にいったら、ひらがなありカタカナありでばらばらでした....あれ、あとで統一しようとしたら大変かも。
あまり,[[五十音順]]という指標はあるにはあるのですが、Wikipediaらしく、両論併記（さまざまな五十音順の並べ方の説明）なので指標づくりにはあまり役には立ちません。
少し,コピペの際に履歴を保存する代わりに要約欄にコピー元のページ名を書く件ですが、[[Wikipedia‐ノート:著作権]]に書いたような理由で（もう少し詳しくは[[Wikipedia‐ノート:記事の分割と統合]]に書いたのとだいたい同じような理由で）、あのままではまずいと思いました。
少し,まあ、Modehaさんとしては、ウィキペディア内の文書の扱いはそもそもGFDLに拘束されていない、とか、GFDLの目的に照らせばそういう扱いもあり、という意見もあると思うのですが、個人的にはそれで押し通していいかちょっと決断がつかないので、ああいうもう少しGFDL遵守的な扱いの方がいいかなあ、と思ったのですが。
ちょっと,まあ、Modehaさんとしては、ウィキペディア内の文書の扱いはそもそもGFDLに拘束されていない、とか、GFDLの目的に照らせばそういう扱いもあり、という意見もあると思うのですが、個人的にはそれで押し通していいかちょっと決断がつかないので、ああいうもう少しGFDL遵守的な扱いの方がいいかなあ、と思ったのですが。
少し,削除依頼でいくつか履歴に関すること、翻訳に関することで削除依頼を出しているのですが、少し疑問があったのでこちらに書かせていただきました。
非常に,[[ノート:デザインパターン]]は非常に重要な記事で、これは[[デザインパターン]]が削除対象になっていないという事実がセットで意味を持ちます。
十分,この件については十分にご承知であると思います。
とっても,当該記事も含め、これまでに私の手がけてきた記事は殆どが[[Wikipedia:日本語版への投稿が望まれている記事/地理]]において執筆依頼が出ていたものであり、削除→再投稿せずに済むのであれば私にとってもウィキペディアにとっても、そして何より不特定多数の閲覧者にとっても良いことであると思われます。
少し,ほかの言語だと少し違うのかもしれませんが。
大変,さて、大変古い話で誠に恐縮ですが、[{{fullurl:みなみじゅうじ座|diff=183622&oldid=183362}}]において「1679年に設定されたと言われる。
大変,大変不躾で不遜な物言いで申し訳ありませんが、御回答頂ければ幸いです。
少し,失礼かと思いましたが、利用者ページの Jordi さんの挨拶を少し書き直してみました。
非常に,スペイン関係の記事の執筆を非常に楽しみにしています。
やや,短時間に何度も編集するときはプレビューを使うと履歴がややこしくならなくて便利ですよ。
かなり,"ただ画像については横幅が300pxを超えると環境によっては文字の表示部分が半分以下になり'''かなり見難い'''ので、
"
少し,それでも、限られた機能の中で少しでも自由にレイアウトしようと思うと、つい手が出てしまいますね。
少し,"少し突っ込みすぎな感じもするのですがいちよう…
"
あまり,どうぞあまり恐縮なさらず。
少し,:これは提案ですが、ミュンヘンに移動しようという強い意見があるというわけでもないので、もう少し様子をみませんか？
相当,あの時の議論が相当な長文になったので、どこのノートに転記しようかと考えていましたが「[[Wikipedia‐ノート:ウィキプロジェクト クラシック音楽|ここ]]だ！
少し,クラシック・プロジェクト参加者は少しずつ増えているけど、テニス記事の執筆者は（現時点では）私ひとりですから。
十分,　交響曲の解説も（まだ不十分な内容の記述を）分割する必要はなく、私が新しく独立執筆する予定です。
かなり,かなり全角数字が混じっていたので、そこを修正しました。
ちょっと,私はTobeyさんとはなんの関係もありませんが、こんな形で終わるのはあんまりだと思い、ちょっときついことを書き込みました。
少し,この「心の傷を少しでも癒すために」ウィキプロジェクト・クラシックに専念してくださいよ！
ちょっと,しかしながら、連日とどく膨大なメールボムやネットワークの通信を阻害するほどのアタックや、掲示板の管理パスワードを勝手に変更しようとした行為など、ちょっと「正気」を維持するには難しい環境が連続したので、自己防衛を優先させてしまいました。
十分,PS.私だって、もう十分狂気ですが、少なくとも「Wikipedia全体の健全な運営の為」にここまでおこなっているわけで、決して両名のように「自分の意見を断固通す為」にしているわけではありません。
ちょっと,随分以前から削除依頼が出ている件について、ちょっと20世紀(前半)美術さんのお知恵を拝借できたらと思っています。
大変,20世紀(前半)美術さんが[[主要な展覧会]]に於いて加筆されている事は、大変ありがたい事なのですが、この項目は現在、[[Wikipedia:整理依頼|整理依頼]]に出されておりまして、[[ノート:主要な展覧会]]の方で新項目名について議論が始まっております。
非常に,言語間のリンクはウィキペディアにとって非常に重要な要素ですので、お手数ですが新規作成時に一緒に付加していただけると助かります。
大変,カテゴリをつけるということはほとんどしておらず、大変申し訳ありません。
大変,今回ご投稿いただいた表題記事ですが、大変申し訳ないのですが、即時削除とさせていただきました。
相当,ただし、いったん削除となったものを復帰させるのですから、ハードルは相当高いとご覚悟ください。
かなり,20世紀(前半)美術さんは大変古くからウィキペディアで活動されているようですが、最近は出典の明記についてかなり厳しくなっており、当該記事の出典となるべき過去から近年に至るまでの展覧会を網羅した書籍などを見つけてこないと、復帰の合意は難しいのではないかと思います。
大変,20世紀(前半)美術さんは大変古くからウィキペディアで活動されているようですが、最近は出典の明記についてかなり厳しくなっており、当該記事の出典となるべき過去から近年に至るまでの展覧会を網羅した書籍などを見つけてこないと、復帰の合意は難しいのではないかと思います。
ある程度,その他掲載の条件について、ある程度[[Portal‐ノート:美術]]でお話をしてある程度の合意を作成するとか、そういう下準備が必要なのではないかと思います。
とても,2004年に、まだ「日本で開催された展覧会の一覧」と「[[東京都写真美術館]]」に統合されておらず、「東京都写真美術館の展覧会」やら各年ごとの展覧会の一覧だった頃に、なんとか削除を免れているので（[[ノート:東京都写真美術館の展覧会/削除]]、[[ノート:東京都写真美術館の展覧会]]、[[ノート:2003年の展覧会]]ご参照）、今回の削除はとても残念ではあるのですが、やはり復帰はむずかしいと理解しました。
ある程度,このようなことをVZP10224さんにお話ししても単なる愚痴のようで申し訳ないのですが、「ある程度詳しい人だったら、このテーマなら当然この展覧会を選ぶ」というものはやはり存在して、即時削除されてしまったほうの新しい版では、それに該当すると私が信じる（しかし、それにぴったりの文献は別に探したこともない、ゆえにぴったりの出典が存在するかどうかは知らない）4つの展覧会に絞ってみたのですが、そういうことではなくて、先に基準（または出典）ありきということなんですね。
あまり,私ではなく第三者の方の加筆なので、氷鷺さんがリバートや「要出典」の再貼り付けなどをなさる可能性は低く、加筆いただいた部分につきましては「編集合戦」は避けられる方向ではないかとうれしく思います（あまり楽観的に考えてもいけませんが）。
かなり,:他方、氷鷺さんのお考えではなく、私の考えに基づき修正して（「要出典」をはずして）も、かなりの確率で「編集合戦」となると予想されるため、この選択肢は今でも取り難い状況です。
あまり,:また、継続中の「削除依頼」のほうですが、一般論としては、「削除依頼」に興味がある利用者は「削除」のみに興味がある人ばかりで（おそらく「削除依頼」には「悪者退治」の色彩があるからでしょう）、「削除」される可能性が減ってくると、もう「削除依頼」に対する興味がなくなるのか、「存続」にわざわざ投票してくださるかたはあまりいないようです。
ある程度,:最後に、私が釈然としませんのは、自ら招いたトラブル案件において、対話を意図的に拒否して、問題の解決を妨げている利用者が、編集（リバートを含む）や、ましてや（ある程度以上の対話を当然に覚悟せねばならない）削除依頼を継続し、それらが放置されているという状況です。
少し,私もかなり迷ってはいたのですが、上記Tiyoringoさんへのご返事に書いたように、放置されている状態についてどうも釈然とせず、放置されている状態について批判めいた発言をした手前もあり、もう少しお付き合いを願おうかと考えた次第です。
かなり,私もかなり迷ってはいたのですが、上記Tiyoringoさんへのご返事に書いたように、放置されている状態についてどうも釈然とせず、放置されている状態について批判めいた発言をした手前もあり、もう少しお付き合いを願おうかと考えた次第です。
大変,また、もし「記事の正常化」を望んでおられるのなら、「削除依頼」を速やかに取り下げていただくべきであり、そもそも「削除依頼」や「要出典大量貼り付け」が記事の正常化に役立つとお考えであるならば、それは全く逆で、大変申し訳ないが、お考えに何かが欠如しているとさえ言わざるを得ないと思います（それとも、途中でお考えが変わったのでしょうか？
かなり,１．氷鷺さんとの対話がきちんとできて結論がでる、２．氷鷺さんが、[[世界美術大全集西洋編]]の削除をあきらめて、「あとは自由にどうぞ」と言ってくれる、３．半年などかなりの時間が経過する、のいずれかが生じることが必要ではないかと思います。
とても,ひとまず、とても良い結果に終わってよかったですね。
やや,ただ、これで本当に終わればいいのですが、やや懐疑的です。
少し,リンク先の修正を行う際にもう少し調べれば容易に確認できた内容でした。
大変,大変お手数をおかけしました。
大変,　また、大変不思議に思いますのは、光舟さんだけでなくShellSquidさんについてもそうなのですが、今回の集中的な４件の削除依頼を支持しておられるようなコメントをなさっているのに、削除依頼自体には、まったく賛成票を投じておられない（賛成票を投じて欲しい、という趣旨では決してありません、念のため）。
かなり,Wikipediaがあと何年続くのかわかりませんが、どなたかが、やがて復活した「写真年表」の変更履歴をかなりあとに見て、これは「20世紀(前半)美術」という利用者が１人で作りはじめたんだな、と思われたら、大変悲しいことです。
大変,Wikipediaがあと何年続くのかわかりませんが、どなたかが、やがて復活した「写真年表」の変更履歴をかなりあとに見て、これは「20世紀(前半)美術」という利用者が１人で作りはじめたんだな、と思われたら、大変悲しいことです。
少し,変更履歴が消えてしまうことへの疑問、それが「存続」にこだわる最大の理由です（この点は、[[ノート:世界美術大全集西洋編]]に、その削除依頼についてのまとめとして書こうと思っていた点なのですが（この会話ページの少し上にも「まとめ」を予告しています）、４件の削除依頼に阻まれて、残念ながら未だ出来ていません）。
大変,なお、光舟さんがこの会話ページにコメントなさったことは、私にとっては大変ありがたいことです。
かなり,しかし、かなり失礼な言い方で申し訳ありませんが、氷鷺氏にとっては「おもうつぼ」でしょう。
大変,大変うれしいことです。
かなり,このように、対話により問題のある記事を改善していくということは、かなりの労力と時間がかかることです。
かなり,今の私の勝手な印象を正直に書かせていただくと、20世紀(前半)美術さんが氷鷺さんにかなりの悪印象を持たれているんじゃないかという気がしてます。
かなり,あと、削除依頼提出の前に対話がなかったという点にかなり憤っていらっしゃるとお見受けしますが、良し悪しは別として削除依頼提出前に主執筆者に相談、連絡することは滅多にありません。
大変,また、ご批判も、叱咤激励もいただき大変感謝しております。
かなり,そして、「かなりの悪印象」について、集中して削除依頼されたようなご経験がないからおわかりにならないかもしれませんが、対話なしに突然に4件も集中して削除依頼されたら、普通はそれだけで悪印象を持つと思います。
あまり,あまり細かいところまで理解していなかったんですよ。
非常に,そう簡単に新局開局という妄想めいた書き込みは誤解を招くだけでなく利用者に非常に迷惑ですからいい加減にやめてください。
ちょっと,同じ記事にちょっとずつ何度も変更を加えておられるようなので、ぜひともプレビューを使っていただきたいとおもってお知らせにきました。
ちょっと,:私も10年も先なので曖昧さにするべきかとちょっと考えましたが、既に「仙台市営地下鉄東西線」で曖昧さ回避をとられていましたので、それにあわせました。
大変,{{コ}} 実は、あなた様が以前、「[[日本のコンテナ輸送]]」のページへ参加頂きました記録を辿って、大変失礼とは思いましたがお願いに参りました。
大変,{{コ}} ご多忙中に大変ご迷惑とはおもいましたが、あなた様の忌憚の無いご意見を頂けましたらと思い、お声掛けをさせて頂いた次第です。
少し,{{コ}} ある意味、一般の方々には少々マニアック的な記事ですが、少しでも多くの方に公平な議論に参加頂きたく、もし宜しければお手すき時にでも参加頂ければとの思いで、失礼ながらご案内させて頂きました。
非常に,title=%E6%8A%80%E8%A1%93%E3%83%BB%E5%AE%B6%E5%BA%AD&diff=prev&oldid=18654904 一字補足するだけの編集]など、非常に不可解な編集だらけです。
少し,'''技術・家庭'''について，もう少し解説が必要かと思い，元の記述に少しだけ書き加えてみました。
少し,「最」の根拠が不明というご指摘ですが，本文中に少し説明を加えるべきでした。
十分,新設ページ[[拳眞塾]]が、おそらくは有効な情報量が少なく、体裁の整え方も不十分である、という理由で削除依頼が出されました。
大変,大変不躾ですみませんが、以上の事を心の片隅に留め置いて頂ければ幸いです。
それなり,さて、今回の件、なにも希少本や特殊な学術調査報告書でもなく、ネット検索でそれなりに容易にたどり着けるものでしかありません。
十分,適切な管理のためには、各種の依頼においては適切な理由（方針とガイドラインに即した）にもとづいて依頼がなされなければならない以上、その理由の適切性については問われて叱るべきですし、仮に不十分な説明であれば処理を滞らせ、不適切な理由にもとづくものであればやはり管理を滞らせるでしょう。
結構,あるいは、当方の会話ページに一元化することをご希望であれば、それでも結構ですので、その旨仰せください。
多少,さて、多少記録をさかのぼって見ましたが、S-PAIさんの仰せの「通常の範囲の検索」とは一体何を指すのかますます疑問を深めざるを得なくなりました。
かなり,:かなり遅くなってしまいましたが、分かったことについてお答えします。
あまり,私は高校入試制度についてはまだ研究途上なので、あまり資料や知識がないですし、これから機会があったら調べてみるつもりです。
ちょっと,ただ、これらの記事を書いている方はこの種の選抜制度について私よりも詳しいようですので、記事のノートか会話ページなどで質問してみるのもいいと思うのですが、IPユーザーの方が多いのでちょっと残念です。
ちょっと,今は、ちょっとごたごたしてる状況で申し訳ないのですが、将来でも結構ですので執筆に参加していただければ、と願っています。
結構,今は、ちょっとごたごたしてる状況で申し訳ないのですが、将来でも結構ですので執筆に参加していただければ、と願っています。
少し,"""<font lang=""ga"">Níl Gaeilge agam.</font>"" くらいです. 話せるとしても、少しばかりの簡単な言葉だけでしょう.<br>都会であれば、アイルランド語の教室はあるのではないでしょうか -- 私の住んでいるような地域では全く聞いたことがありませんけれども. 私がこの言語に興味を持ったのは、[[エンヤ|Enya]]や[[クラナド|Clannad]]といった、音楽がきっかけです. 彼らの歌をほんの少しでも理解できれば、と思いました.<br>
"
相当,（ひょっとしたらご存じないかもしれませんが）[[Wikipedia:ウィキマネー]]での依頼に相当しますので、ささやかですが、ウィキマネー2ウィキをお支払いいたします。
ある程度,プリティサミーは、あずまきよひこがらみで見たことがある程度で、内容は全く知りませんでした。
かなり,::実は、私もこれは悩んだのですが、全部直すとかなり厳しいので…。
ある程度,ただ、分かるのである路線であるならばなどある程度条件を出してみてプロジェクトに出しても良いのではないでしょうか。
あまり,」と書かれていますが、文章になっていないものから新規投稿を始めるのはあまりよろしくない風潮であり、目的が不明確な場合は即時削除または削除依頼の対象になってしまいかねません。
非常に,:該当の記事はバスプロジェクト（[[Wikipedia‐ノート:ウィキプロジェクト バス|ノート]]）で存在に反対する人が多数の記事（系統の羅列）及びそれに準ずる記事でしたので「4.非常に短いもの、定義になっていない、あるいは文章になっていないもの/その他、単なる単語の羅列等」に該当すると思ったのですが。
十分,もちろん、そこで論議されたことは十分に尊重されることであると思います。
ある程度,）それで、私が即時削除は不可と思ったのは、これが一覧になっており、ある程度の記事であると思ったからです。
あまり,現状のバス記事を見てみると、細かく一路線ごとに記事が立てられ、あまりにもローカルすぎる記事になってしまっていると感じることがあります。
非常に,即時削除できるものと出来ないものの線引きは非常に曖昧ですので、私のようにテンプレートを外す方もいるかと思います。
十分,表の一番上に単位を書くだけで十分です。
ある程度,PJで私とあなた以外の人からの意見を募集し、ある程度様子を見てからでも遅くはないと思いますので。
かなり,かなり大掛かりな編集をされたようですが、内容が過去に差し戻された際のものとほぼ同一で、プロジェクトでも合意を得られていないようなので差し戻しを行いました。
少し,もう少し記述の必然性があるような節名のほうがいいかと思います。
若干,:以前に表明しましたが、改めて（若干修正）して表明します。
少し,ただ、当該県を参考にもう少し表現を変えて記述したいとおもいます。
とても,紙の百科事典にはとてもマネできません。
あまり,海外向け放送であればJSTやUTCは必要であると思いますが、以上の事と、国内ではJSTの表示があまり一般的ではないことから削除としました。
少し,また事業の拡大を目指しておらず、議員は県議就任以来政治活動に専念しており、ライブドアの堀江氏、マツモトキヨシの松本氏のような「政治家兼実業家（堀江氏は政治家とは異なるが）」と一概に言いづらく、零細企業の代表を「実業家」として規定するのは少し表現が誇大であります。
非常に,スリランカのタミル・イーラムの指導者பிரபாகரன்が、英語転写でPrabhakaran になるからといって、Wikiの見出しが「プラブハカラン」となっているような例は、単なる間違いですからいいのですが、たとえば、日本では Bangalore や Mysore を「バンガロール」「マイソール」と表記するのが一般的であるのに対し、カンナダ語の綴りでは「バンガルール」「マイスール」となるはずであるような例は、非常に調整が難しいです。
ちょっと,[[梵字]]へのリダイレクトになっており、しかもループリンクまである現状は、ちょっとあんまりだと思いましたので。
結構,撮り直しも考えていますが――それよりもっと良い画像があれば差し替えてくださって結構です。
少し,::::::少しでも記事が充実すればと加えたものですが、今振り返ってみれば勇み足でしたね。
少し,"#「標準語」と銘を打ってしまえば「人為的に作られたモノ」という意味になるので「共通だからこうした方が良いんじゃないか（こうすべきだ）」と思わせるベクトルが少しでも減るのではないか
"
相当,相当私見が入っています。
非常に,ウィキペディア日本語版の運営にも深く関与する理事会の[[:m:Wikimedia Foundation elections/2021/Candidates/ja|候補者]]の選出に際し、投票資格をお持ちの数少ないユーザーの一人である死郎さんのご意見を反映することは非常に重要だと考えています。
あまり,死郎氏が除去した記述「インディアンスパゲッティの名称は名古屋ではよく知られているが、他の地域ではあまり用いられていない」については（信頼おけるかどうかは議論の余地がありますが）、出典付きの記述です。
相当,また名古屋のみ云々は発言者（出典の人名）を情報源として記述しました（[[WP:QS|信頼性に乏しい情報源]]相当）。
少し,もう少し早く手段を講じるべきでしたが、今からでも遅くはないと思い、改名提案を行いました。
非常に,ウィキペディア日本語版の運営にも深く関与する理事会の[[:m:Wikimedia Foundation elections/2021/Candidates/ja|候補者]]の選出に際し、投票資格をお持ちの数少ないユーザーの一人であるRiceCrackerさんのご意見を反映することは非常に重要だと考えています。
あまり,湯快リゾートは大江戸温泉やGENSEN HOLDINGSに大きな変化がない限りこれ以降の発展はあまりないと思います。
大変,:大変申し訳ありませんが、定期的にウィキペディアを見られる状態にないので、辞退させて頂きます。
あまり,私が削った歌詞部分については、もともとあまり本文に資するものではないリストの類と感じていたので、敢えて戻すことはしません。
あまり,唐突に保護がかかると事情が把握できないと思い多少細かくご説明をしただけですので、あまりお気になさらないでください。
多少,唐突に保護がかかると事情が把握できないと思い多少細かくご説明をしただけですので、あまりお気になさらないでください。
やや,しかしながら、入力の途中でやや立ち止まることがありました。
とても,お作りになられた解説ページを拝見して、読みやすいようにとても工夫しておられると感じました。
大変,詳細なレポートを頂き、大変参考になります。
大変,::大変遅くなりましたが、[http://www.tietew.jp/wikipedia/donate.html ページを更新しました]。
すごく,すごく遅くなりましたが、Gleamさんには、画像:Gassho style houses.jpgの電線消しをしてもらったみたいでありがとうございます。
あまり,あまり対話がその体を成さないようであれば、第三者を入れると言う方法もあるように思われるのですが、Gleamさんはどのように思われたでしょうか？
非常に,:私としても、注意を促す以上のことをする立場にはありませんし、本人に悪意があると仮定するのは良いことではないので非常に対応に苦慮しています。
大変,大変申し訳ありませんが、国際ブランドカードでもJCB及びダイナーズ（提携国内カードを含みます）はご利用頂けません。
やや,その説明がないことによって不利益を被る方はいらっしゃいませんし、これ以上解説を煩雑にするとかえってややこしくなりそうな気もしますので、このままにしておこうかと思います。
非常に,代言人さんの考えは著作権の運用としては非常に健全な考え方だと実感しますが、我々は法学者ではなく、あくまでも運用者です。
非常に,:この二つについても、百科事典の内容の独立性を考える上では非常に考えさせられるもので、ごもっともなのですが、事実問題としてウィキメディア財団に日本支部が無く、法的に脆弱な状況でそのような主張を誰の責任下で行えばよいのか、日々悩ましく思っています。
ちょっと,参加者が少なくて正直ちょっと困っています。
少し,少しずつマンガ関連の記事も書き足して行きたいと思います。
結構,"なお、このウィキメールは多数の利用者様へ送信していますので、返信は結構です（＾人＾） --[[利用者:Σ64|Sigma64]] 2012年1月3日 (火) 23:34 (UTC)
"
かなり,かなり手を入れました（中途ですが）。
少し,＞Treko11氏の文章を読んで少し残念に思いました。
多少,しかし、チベット自治区への書き込みをなさるときくらいは多少の発言をしても良かろう。
とても,ダライ氏が西蔵自治区のチベット自治区への統合に同意しているとはとても思えません。
多少,＞しかし、チベット自治区への書き込みをなさるときくらいは多少の発言をしても良かろう。
とても,しかし、私から見ると現在のダライ氏の状態はとても正常とは思えないので、しばらく沈静期間を置いたほうが良いかなと考えています。
ある程度,"#既存の一部の駅の解説記事について、内容にある程度の基準を設定し、この基準に達しない記事を削除する案について賛否とその基準の内容について　　[[利用者:藤井三方|藤井三方]] 2005年4月16日 (土) 04:03 (UTC)
"
ちょっと,] ちょっと手伝ってくれませんか？
若干,「今回のファンファーレは特別なものなので、ベースラインやメロディーに若干の改編が施されています」といえば、少なくとも多くのクレーマーは何とか説得できそうですし。
いささか,この方は、このノートでのやりとりをきっかけにしたのか、さらに[[オイヨイ語]]なる項目を作成しました（いささか嫌がらせめいた振るまいではあります）。
若干,"Noda,Kentaroさんの追加された「若手作曲家のためのメディチ家滞在制度」に関して若干の質問なのですが
"
少し,"Noda,Kentaroさんの加筆をステップにもう少し調べてみたいと考えてお便り申し上げた次第です。"
ちょっと,"== ちょっと待った ==
"
かなり,正直な話、書き始めはかなりまずいです。
かなり,[[フィリップ・マヌリ]]に仕込まれて書法はかなり綺麗なので、この技術力ならどこのコンペでもファイナルには必ず残る。
非常に,今までに聴いたことのない響きではなく、すでに聴いた事のある響きを彫琢するシニートケやカンチェリの思想を最後に継承した唯一の「ポスト・ペレストロイカ世代」という非常に興味深いスタンス。
やたら,ほぼ全ての「ポスト・ペレストロイカ世代」は無音に限りなく近いとかほとんど真っ黒の音塊とか題名にDIPLOMAなんてやる人とか、やたらめったに大胆すぎる人ばかりだが彼だけがそうではない。
若干,世間一般の感覚と若干のズレがあって「削除依頼」出したことがそんなに悪いことなのですか?
非常に,今回は非常にけしからん。
非常に,"」という上からの物言いであり'''、Noda,Kentaroさんの尊大な態度に、私は非常に不愉快な思いです。"
大変,加筆された方には大変申し訳ないと思いますが、加筆部分を削除いたします。
相当,title=芸大アカデミズム&diff=8719709&oldid=8716918]は暴言に相当すると存じます。
少し,周囲の方が少し荒削りな方法に当惑されているようですが､いくら「削除依頼」､「中立性に疑問ある」などという分類をしても､当方ではそれこそ真で生の芸術創造活動ではないかと思い､常に注意を払っております。
大変,このため大変恐れ入りますが、投稿される場合には[[Wikipedia:投稿ブロック依頼/Noda%2CKentaro]]か[[Wikipedia:コメント依頼/Noda%2CKentaro]]に限って投稿されますよう、私からはお願いしておきます。
大変,どうも大変失礼をいたしました。
ちょっと,"これはどうも．IRC の方では，10日位，別名で話しておりますが，ライセンス上変更自由なページに書き込むという事は，改竄に対して権利を主張出来ないという事なので，ちょっと書き込みを躊躇していたところです．
"
大変,また、Electric goatさんはじめ関係各位に、ご尽力いただいたこと、大変感謝しております。
少し,月弓さんが、「[[LGBT]]」を編集されておられるので、編集を確認して、少し訂正を行いました（この記事の場合、月弓さんの編集には別にも問題はないと思われます。
相当,"このウィキペディアの[[性自認]]の項目に「英語の ""Gender Identity"" に相当する言葉であり、性自認の他に性の自己認知, 性同一性,性認識などの訳語がある。"
十分,ウィキペディアは発展途上にあり、「独自研究」に見えることが色々あるのですが、それを、十分な知識を持たない方が、その場の判断で削除したり書き直したりしていると、逆に困ったことにもなります。
少し,少し論点がずれているように、思いますので補足させていただきます。
非常に,"「 gender, gender role, gender pattern, gender identity, gender indentity disorder,」-- これらは、英語で意味理解している限り、非常に整然として明瞭な用語システムになっています。"
ちょっと,最近はめっきり活動していないですが、ちょっと気分をスッキリさせるために一旦ノートページを削除することに致しました。
あまり,あまりないとは思いますが、もしコメントがある方はこの下にお願い致します。
大変,実質的に引き継いでもらったことに関して大変感謝しております。
やや,::::でもってやや困ったことに陥ってしまったようです。
非常に,私はそのようなことは考えていませんが(むしろ改善で対処したい)制限の緩和自体が非常に困難であることを言及しておきます。
少し,もう少し様子を見て、問題ないようでしたら対応をしたいと思います。
ある程度,この場合、メッセージはIPアドレスを掲示して主張することになると思いますが、自分のIPアドレスを晒したくない（居住地がある程度判別できてしまう／固定IPの場合はハッキングの脅威に晒される危険性がある）等の理由からそれがためらわれる、というのであれば、その書き込みは私が代行しても良いのですが、現状では復帰できる見込みは5割にも満たないと考えます。
あまり,結果についてはあまり考えず、のほほ～んと待ち続けるのが吉かと。
十分,その様な事は、他のユーザーでも十分起こりえる事ですし、それを荒らしと判断する事は早計に思います。
かなり,現在の編集制限では2KB以上の記事であれば特に何の問題もなく新規記事の執筆が理論上は可能ですがかなり不安ですのでとりあえずここで相談するしだいでございます。
十分,文章量は十分ですが、執筆・翻訳には、当然ながら記事内容とこれに関連する項目についての知識と理解があることが前提です。
十分,ただし、いまの記述のままではリダイレクトするには不十分な気がします。
あまり,ただあまり積極的ではありません。
あまり,あまりに証拠が貧弱だからです。
あまり,特に記述はないようですが(Wikipedia名前空間については編集を制限されている)結構重要な文書と考えておりますのであまり編集したいとは考えていません。
結構,特に記述はないようですが(Wikipedia名前空間については編集を制限されている)結構重要な文書と考えておりますのであまり編集したいとは考えていません。
あまり,:あまり詳しくないので特に意見を出すことはできませんし、保護解除のための意見を述べることが良い方向に向かう発言になるとも思えません。
あまり,それでもなにも書かないよりよほどよいと思いますので、あまり気になさらないでください。
少し,ただ、もう少し簡潔にする方が失敗も少ないでしょう。
少し,:少し様子を見てはどうでしょうか。
少し,時期的にダイヤ改正の時期ですので、少し待たれてはどうでしょうか。
少し,こちらは当時の新聞（一般紙・スポーツ紙）を確認すれば出てきますが、特に当時のスポーツ紙は保存している図書館などが少ないので、もう少しお待ちいただければと思います。
あまり,従って、私の加筆・修正部分について、出典の明示を即座に迫られる必要性は、あまり感じないのですが。
少し,::少し言葉足らずでした。
十分,拙速に元にするものがないままでは結局除去せざるえなくなりますし、見つかってからでも十分ではないかと思います。
十分,ですので、新小平駅の事故に日本シリーズの記述を含める事には特筆性がありますし、早期の捜索が困難な同時代の資料を提出しなくとも、現時点での情報を元に信頼性に足る記述を行う事は十分可能であると判断しています。
少し,'''不確かな出典を挙げることはむしろ記事の状態を悪くします'''ので、できましたらもう少し精度の高い出典を提示くださいますようお願いします。
かなり,出典を見つけられなかったものについては「要出典」を復帰しましたが、かなり減ったと思います。
かなり,ただ、あの行為は「荒らしにかなり近い範囲の」無差別出典要求ではないでしょうか。
非常に,スタンドとピッチとの距離が近く、'''また適度な傾斜がついているため、どの席からでも非常に観戦しやすいスタジアムとなっている。
非常に,→何を以って本格的そして「どの席からでも非常に観戦しやすいスタジアムとなっている」とは誰の指摘なのかを、いつどこで誰（媒体）がそのように記したのかを出典をつけて下さい。
非常に,元[[浦和レッドダイヤモンズ|浦和レッズ]]の[[福田正博]]は小さかった頃のカシマスタジアムは非常にやりにくかったと語っている。
非常に,「元[[浦和レッドダイヤモンズ|浦和レッズ]]の[[福田正博]]は小さかった頃のカシマスタジアムは非常にやりにくかったと語っている。
十分,存命人物が言及されているセリフひとつであっても、相当気を使って記事の中で慎重に扱わないと、その内容が時として、書かれてしまったご本人関係者から執筆者が訴えられる場合だって十分想定されますので注意するべきです。
相当,存命人物が言及されているセリフひとつであっても、相当気を使って記事の中で慎重に扱わないと、その内容が時として、書かれてしまったご本人関係者から執筆者が訴えられる場合だって十分想定されますので注意するべきです。
かなり,私事ですが、鹿島は私の住む地元なので、Jリーグ創設時から試合日は応援するサポーターの方々のかなりの人出で込み合うことは重々承知しておりますし、一般的に見ても、試合日のカシマスタジアム周辺を見て体験なさっている方々もたくさんいらっしゃるので、「鹿島町／鹿嶋市に毎試合1万人以上の観客が集まった事は客観的事実」というのは間違いではないことでしょう。
大変,]]」と書かれていますので、これを読んでどのようにRc21さんが解釈されるかはお任せいたしますが、私が申し上げたかったのは、大勢の利用者が活動するWikipediaの中ですから、決まり事がたくさんあって大変なのですが、お互いにルールを守って、[[Wikipedia:独自研究は載せない|独自研究は載せない]]ようにしてくださいというお願いでした。
大変,--[[利用者:小石川人晃|小石川人晃]]（[[利用者‐会話:小石川人晃|会話]]） 2015年11月21日 (土) 14:08 (UTC)<br><small>追伸、本文の文末の一部でお見苦しい表現がありましたので、大変恐縮ですが、表現を訂正させていただきました。
とても,とても真情にあふれるお言葉を連ねていただきました事に、心からの御礼を申し上げます。
非常に,ウィキペディア日本語版の運営にも深く関与する理事会の[[:m:Wikimedia Foundation elections/2021/Candidates/ja|候補者]]の選出に際し、投票資格をお持ちの数少ないユーザーの一人であるRc21さんのご意見を反映することは非常に重要だと考えています。
かなり,ご気分を害されないとよろしいのですが、今回はかなりたくさんの方にこのお知らせを差し上げています。
かなり,:但し、「かなりたくさんの方にこのお知らせを差し上げてい」るということは、管理者のハードルがだいぶ低くなると言うことですよね。
ある程度,といいつつ、議論に参加する方の便宜を図り、実際の推薦はある程度日をおいてからまとめて投稿したいと考えております。
結構,（つまり、現状の状態で結構です。
十分,WWW上の百科事典という特性を十分に発揮しきってないと思います。
あまり,あまり本文が白紙に近い形ですと見た方がかえって分かりづらくなり、リンクのみを張っておられるとリンク集のようになるおそれがあり、百科事典としての品質が問われる事になります。
結構,:外部リンクを張りまくる事は結構かもしれませんが、その辺も理解してください。
あまり,こちらも著作権の意味をあまり理解していなかったのですが、私の画像については著作権の放棄はしませんが、Wikipediaの中に於いては自由に使ってもかまわないと言うスタンスです。
大変,大変失礼致しました。
あまり,[[風導管]]ですが、あまりにも一般名称でないので、項目名とするには不適当かと存じます。
あまり,ロマンスカーの件については、私としては記事趣旨の拡散を防ぐ見地から、あまり突っ込んだ書き方はしない方がいいのではと思っています。
相当,該当記事の場合　事実の記載なので引用に当たらないと思いますが、この形で著作権の伴う内容を引用した場合は削除に相当すると思います。
ちょっと,ちょっと気になります。
少し,なお　鉄道の塗色の件、いま少し調べています。
十分,リンクは初出の1回で十分だと思うのですが、何故あれだけ大量にはるのでしょうか。
とても,Sat.Kさんのご発言を改変するような形になってしまいとても心配であったのですがメッセージを頂き[[Wikipedia‐ノート:ウィキプロジェクト 鉄道/駅]]にもコメントを頂き安心できました。
大変,先日はロマンスカー (曖昧さ回避)と言う記事を立ててご迷惑を掛けてしまい、大変失礼しました。
ちょっと,節が小さくなりすぎてちょっと不自然に見えたので・・・。
とても,[[芸備線]]についてですが、私はYawa32yawaさんのお書きになった標高のデータはとても有用かつ興味深いものであると思ったのですが、どういう理由があってこれを[http://ja.wikipedia.org/w/index.php?
かなり,:::Yawa32yawaさんにつきまして、中国地方の鉄道に関してかなりの知識をお持ちの方との印象を持っていますので、同氏がウィキペディアを去ってしまうことが残念でなりません。
非常に,この辺は、非常に難しい問題かもしれませんね。
大変,回答が遅れ、大変申し訳ありませんでした。
あまり,[[ノート:田沢湖]]の議論などから察するに、Sat.K 様は過去列車記事の乱立はあまり望まれないと考えているのではないかと思います。
あまり,当方小田急をほとんど利用せず、小田急関連にはあまり詳しくないので、冒頭編集者でもあり管理人様でもある貴殿のご助言を賜りたく今回僭越ながらノートに投稿いたしました。
大変,:お返事大変ありがとう御座います。
大変,また過剰反応に関しましては大変申し訳なく思っております。
大変,大変申し訳御座いません。
大変,貴殿には大変ご迷惑をおかけいたしました。
十分,<small>繰り返される場合は、コメント依頼が提出されることも十分予想されます。
少し,少しは他の利用者の手本となるような行動を取ってください。
少し,少し頭冷やして考えましたやはり停車駅をくわしくするのはやめるです。
あまり,希望があれば検証資料として提供しますが、撮影者（つまり私）の技術もムービー自体の画質も悪く、あまり見せられるようなものではありません。
大変,これはアニメ関係記事に関心があります読者の皆さんにとって大変な損失と思います。
あまり,（すみません、内容で判断していたので、主著者はあまり気にかけていませんでした）自分は、活発に活動し始めたのが最近なのですが、Siyajkakさんは色々なところで何回かお名前だけ拝見させていただいています。
ずいぶん,それにしても、英語版の記事はずいぶん充実していますね。
かなり,私もウィキペディアに来たばかりの頃、かなり困惑しましたので（詳しくは[[ノート:統合幕僚会議]]をご参照ください）。
少し,だから、コピーしておいたものを少し加筆訂正し、前の面影を消してしまえばいい。
多少,私は日本酒の醸造に関しては、多少専門教育で聞きかじっているのですが、味醂に関してはほとんど知りません。
あまり,私は百楽天さんの分野には疎いのであまりつっこんだ話はできませんが、百楽天さん自身に悪意は全くないと信じております。
十分,仮に捨てハンであったとしても削除依頼は削除依頼として、''削除するに際し、十分に話し合い、きちんと確認を取ることが重要''とするべきではないでしょうか。
あまり,お話なのですが、せっかく迅速かつ丁寧にお返事を頂いているにもかかわらず（他のページでは全くお返事が頂けないことが多いので大変心強く思っております）、議論が拡散したりずれたりしていて、論点を明確にしようとするあまり、多少私の文章は素っ気ないものになりがちのようです。
多少,お話なのですが、せっかく迅速かつ丁寧にお返事を頂いているにもかかわらず（他のページでは全くお返事が頂けないことが多いので大変心強く思っております）、議論が拡散したりずれたりしていて、論点を明確にしようとするあまり、多少私の文章は素っ気ないものになりがちのようです。
大変,お話なのですが、せっかく迅速かつ丁寧にお返事を頂いているにもかかわらず（他のページでは全くお返事が頂けないことが多いので大変心強く思っております）、議論が拡散したりずれたりしていて、論点を明確にしようとするあまり、多少私の文章は素っ気ないものになりがちのようです。
大変,ウィキペディアの日々増える大量の記事に、ウィキペディアンは目を通すだけでも大変なものです。
十分,::ところで今回の議事について「第一次著作物の混入を排除するのは難しい」と仰られていますが、百楽天さんは複数文献を元に'''新規に'''文章を書き起こされることは十分できる方だと思うのです。
大変,薬膳の件では大変ありがとうございました。
大変,折角建設的な議論ができたと喜んでいたところを、ここ数日感情的なやりとりが進んでいるようで大変心苦しく思っております。
大変,ところで、過去にご執筆になられた[[カリウムによる体脂肪率の測定]]について、残念ですが大変酷似した文章があり、確認のお願いに参りました。
大変,[[ノート:カリウムによる体脂肪率の測定]]で大変なことを仰られていましたが、ウォッチリストが削除されたのですか？
あまり,「意味不明なことを書いた」と、その不明瞭さをkzhrさんの資質を疑うような表現にすり替えるのは、あまり褒められた事ではないように思います。
あまり,会話ページでは事実と異なることを誤って書かれた場合は、特に相手の名誉を損なうようなことでなければ、時系列がぐちゃぐちゃになってよく分からない事になるので、ご自身の発言であっても削除してしまうのはあまり良くないと思います。
あまり,もう既に国会図書館に向かわれたのかもしれませんが、Wikipediaでは複数人の査読が可能で、かつ広く一般の利用者が調査に役立てることの出来る資料を作ることが望ましいので、利用しにくい古い雑誌を参考文献に挙げられるのは、あまり積極的にすべきことではないのではないかと個人的には思っております。
あまり,私が今だ学業に励んでいる状況だからそのように思うのかもしれませんが、[[タバコ]]にように、医学に通じた方が査読して参考文献に挙げられた論文の追試状況まで補足してくださるようなことは、残念ですが現在の日本語版Wikipediaではあまり多い機会とは言えないようです。
大変,:大変申し訳ございませんでした。
多少,クイーンがお好きなようですが、見出しがないなど、多少分かりにくい書き方をされているようです。
少し,もう少し分かりやすく書いていただけるとすばらしい記事になるのではないでしょうか。
かなり,履歴を見ていただければわかると思いますが、この記事はかなり古くからある記事です。
大変,大変な作業であることは想像に難くありませんが、この方の過去の投稿について具体的に出典を支持して指摘をしていただかないことには、事態は先へ進みません。
ちょっと,Daimaruさんには、色々な記事を書いていただいているのですが、ちょっとしたルールもありますので、一読し守っていただきたいと思います。
非常に,そのため、非常に短い記述だけの記事を新設したり、余り発展の余地のなさそうな話題を扱うページを新設することの是非については、いろいろと議論があります。
十分,Daimaruさんが投稿されている記事は短いもの、定義のみで意味がないもの、ひとつの項目にまとめるべきもの、記事として十分な内容を持っていない物ばかりのようです。
十分,せっかく作成して頂いた記事も、内容が十分でないと後になって削除されるようなことになるかも知れませんので、できるだけ、量的、内容的にまとまりのあるものを書いていただけるよう、お願いできますでしょうか？
大変,大変申し訳ないのですが、[[Wikipedia:削除依頼/画像:DCP 3930.JPG]]に6画像分削除依頼を出させていただきました。
あまり,理由としては、利用者:DaimaruというページはDaimaruさん以外の編集はあまりよろしくないためです。
大変,それは何かと申しますに、[[:画像:四街道駅北口.PNG]]についてのことでございましてこの画像が[http://www.shiosai.squares.net/yotsukaido.html ここ]にあるものと大変よく似ておりますように感じられるのです。
十分,現在のWikipediaでは'''辞書的な記事'''（言葉の言い換えだけの記事）や、対象を十分に説明しきっていない'''スタブ記事'''はあまり歓迎されない傾向にあります。
あまり,現在のWikipediaでは'''辞書的な記事'''（言葉の言い換えだけの記事）や、対象を十分に説明しきっていない'''スタブ記事'''はあまり歓迎されない傾向にあります。
少し,Wikipediaは、まだしばらく逃げたり消滅したりしないと思いますので一本一本の記事にもう少しだけ時間と手数を掛けていただくと良いものになるのではないでしょうか。
あまり,ほかの記事（特に鉄道以外の分野）などで各章の本文がいきなり「:」で字下げして書かれているものはあまり見かけたことはありません。
非常に,非常に細かいことで恐縮ですが、気になったので書かせていただきます。
少し,文章が側にない画像については、もう少し幅を広くできます。
ある程度,"#既存の一部の駅の解説記事について、内容にある程度の基準を設定し、この基準に達しない記事を削除する案について賛否とその基準の内容について　　[[利用者:藤井三方|藤井三方]] 2005年4月16日 (土) 04:03 (UTC)
"
ある程度,また[[西頴娃駅]]で「ここは、百科事典なのであって、ある程度の定型化は必要かと考えます。
かなり,　　ただし、追補編は文庫の第10巻(2003年)はかなり直っています。
やや,やや遅い反応ですみません。
大変,以前にご連絡さしあげてから、こちらを見ておりませんでしたので、お返事が大変遅くなったことをまずお詫び申し上げます。
少し,コメント依頼にも少し書きましたが、まず時間がたったこととはいえきちんといっていただいたことにお礼もうしあげます。
少し,[[:Category:中つ国関連のスタブ]]についてノートに少し書かせていただきました。
ちょっと,ただ、ちょっと強引なところもありましたので、別のテンプレートに変更してあります。
大変,もちろん、私も世界遺産ポータル・プロジェクトの参加者ですので、どれだけ大変かはわかっているつもりです。
大変,ポータルなら他のポータルの中身のスタイルをそのまま貰ってくれば比較的簡単にドラフトのほうを作成できるかとは思いますが、どうしても時間がかかりますし、維持するのも大変です。
わりと,「＝」は確かに全角記号ですが、ハイフン「-」の代わりとして用いているので全角でお願いします。
大変,大変申し上げにくいのですが、トールキン関連の記事の英語版からの翻訳について要約欄への記載に不備があり、これを指摘された場合には記事が履歴不継承のため[[GNU Free Documentation License|GFDL]]に違反すると看做されて削除依頼が出される可能性があります。
あまり,あまり悪戯を続けるようであればブロックをせざるを得ません。
結構,":いえいえ、私自身が執筆した記事にも「大リーグ」の記述が結構あったので、この機会に一気にやっちゃいました（笑 [[利用者:Atsu|Atsu]] 2004年8月5日 (木) 13:47 (UTC)
"
少し,参加しても満足に活動できないと思いますので、少し時機を待ちたいと考えています。
非常に,[[書体]]の項目を拝見して、非常に細かいところまで書かれているので、すごいな〜と感心していたところです。
あまり,（あまり、注意事項を読んでいない..）今回は、杞憂..じゃなくて、とにかくご迷惑おかけました。
かなり,せっかく削除依頼を出していただいたのに長い間対処が決まらないでいる林柳波の件なのですが、僕も正直言って、これは大丈夫じゃないか、という気持ちと、当該部分かなり丸写しに近いからやっぱりまずいのかも知れない、という気持ちとがあってよくわかりません。
少し,自分も投票をと思ったのですが、「推薦（or 自薦）:」と書式例のままで少し抵抗感を感じてしまいました。
すごく,作成には時間がかかった分、推薦されたことはすごくうれしく感謝しています。
やや,やや早まったかなとも思っております。
非常に,もっとも、将棋とは違って新字での表記が非常に少ないというわけではありませんが。
ある程度,人名に新旧が混ざるのはある程度しかたのないことですが。
非常に,編集者は正字に非常にこだわりをもって編集作業をしているのですが。
少し,"こうなってしまうとたった6人では寂しすぎるのでもう少し人数を増やしていくよう鋭意記事を執筆していかないといけないなぁと思います（；・ω・）[[利用者:Elthy|Elthy]] 2005年3月7日 (月) 05:42 (UTC)
"
少し,漠然として、後々[[紀州征伐]]や[[四国征伐]]にも波及するのかなと予感していますが、もう少し上位のレベルで議論した方が良いのかなとも思っています。
あまり,しかしながら、「[[征伐]]」という呼称は、あまりにも一方の当事者の側に立ちすぎており、業界によっては差別用語とみなすようなので、記事名にはしない方向で進めるべく、統一議論の場を設けるべきと思います。
いささか,現在、賛成3名ですので、いささか賛成人数が少ないと考えております。
少し,3000円と少しですが、貴重で重要な本ですので、お知らせいたします。
かなり,物語のスケールが大きく、改訂作業はかなりの量が見込まれるため、アポロドーロス、ケレーニイ、グレーヴスと手持ちの資料ごとに段階を分けて加筆修正するつもりでいます。
大変,:アルゴナウタイの物語は、さまざまな異なる伝承があり、スケールも大きいので、大変でしょうががんばってください。
あまり,一ヶ月あまりお返事がありませんね。
とても,:それから、素人は「素人」と表記すればよく、'''ド素人'''と表記されるなど、とてもベテランの方とは思えませんこと申し添えます。
十分,なお、十分な根拠のある資料を提示しての議論参加を拒むものではありませんので、資料が見つかった際には議論への再参加を歓迎いたします。
少し,ところで、ウィキプロジェクト 神話として、一般的な神話のスタブテンプレートを作成させて頂きましたが、いま少し細分化した、「個別神話のスタブテンプレート」等も作成したく考えております。
かなり,かなり昔の話題になってしまいますが、松平信康のノートにおいて「信康は徳川姓を名乗っていない」と主張された件について、論拠となる資料をお覚えでしたら出典の明記にご協力いただけないでしょうか？
少し,要約欄の記述で少し気になったので書かせて頂きました。
結構,　管理者信任投票が終わってからで結構ですので、ご検討のほどよろしくお願いします。
ちょっと,"（ちょっと調べてみます）
"
少し,"::ブロックの経緯について大意はつかめましたが、この理由だけではやはり即時永久投稿ブロックを行う論拠が薄いと感じますのでもう少し確認をとった上でまた意見を投じます[[利用者:Kamakura|Kamakura]] 2005年5月11日 (水) 14:46 (UTC)
"
少し,遅れてしまって済みませんが、ブロックについて、僕の理解している範囲で、（誤解がないとは言い切れないのでそれも含め、かも知れませんが）、もう少し詳しい説明をAngelaさんの会話ページの方に書いておきました。
少し,もう少し自分の中で内容を整理した上で、また意見を投稿したいと思います。
少し,あとは写真がほしいところですが、これはもう少し暖かくなって暇ができたら撮りにいこうかと考えています。
十分,（たまにのぞいていてくだされば、個人的には十分ありがたいです。
十分,（もっというと、曖昧回避に限って言えば、検索サイトの検索結果も十分出典に値すると解釈しています）解釈違いなどがあるようでしたら、ご指摘をお願いします。
非常に,（ただ今月の前半は私事で非常に多忙なので、Wikipediaへ参加する時間がなかなかとれません。
結構,「表記ゆれから正しい記事に誘導する」、「重複記事発生を抑制する」という観点から「一意でないリダイレクト」「虚偽のリダイレクト」など削除の方針に明確に適合する案件以外の削除は必要ないという考えが根底にあるので、「占星術でメインな話かどうかを精査する必要はなく、第三者検証が可能な資料で確認が取れればリダイレクト存続でOK」とかんがえていましたが、ここら辺の認識が、結構相違していそうな事が明確になったので、意識あわせを行いたいなと考えました。
あまり,[http://kamail.sblo.jp/article/56699970.html]個人ページからの情報になってしまいすいませんが、清浄光寺本堂に日限地蔵があると写真付きのレポート（2012年06月25日）を見つけましたが、現在境内の地蔵堂にある3mあまりの地蔵菩薩像とは異なり20-30cmほどの小さな地蔵菩薩像です。
とても,当方はトリビア的な投稿者の遊びに感じましたし、『～の歴史』と書すのは歴史研究家としても『とても不愉快です』。
少し,もう少し詳しい事については『ねこまんま』ノート ページに書いてきます。
少し,『当方、米飯(パンも少し)の歴史』を研究してるので、ついカッとなって『ウィキペディアにまで登録してしまい』バードウオッチャーが鳥場を荒らすような行為をしてる自分に気付き、批判投稿した後に指摘削除で、後から理屈解説を付けた次第です;;; 単純自己削除だけでは読者が意味不明になりますから、あえて駄文を残しつつ修正したいです。
少し,"もう少し裏付けできる資料を伴って編集に参加しようと思います、私はまだノートの枠組みから出るべきではないと思うので、ノート部分への寄稿で後は後は識者に任せたいと考えています、出先なので 乱文にて失礼します（ただ早く貴方に謝罪したかったので 迅速に返信するしだい、ありがとうございます）
"
若干,ねこまんまのノートのほうにも若干補足説明を入れておきました。
少し,週末には時間が取れる見込みですので、少しお時間をください。
非常に,"この辺、なかなか気づきにくいところですのでご指摘非常に助かります[[利用者:Kamakura|Kamakura]]（[[利用者‐会話:Kamakura|会話]]） 2017年9月15日 (金) 02:13 (UTC)
"
少し,また、合意形成に関しては最近参加していた議論が合意形成に際し少し荒れたので少し過敏になっていました…ご指摘感謝致します。
あまり,"もしや meta へ申請する文面に悩んでおられるのかもしれませんが、あまり深く考えず「Please remove my adminship according to the regulation of Japanese Wikipedia: ""The administrator who has been inactive for three months loses his/her adminship"".」ぐらいで良いのではないかと思います。"
少し,もう少し、相手の立場に立って書き込まれては如何ですか？
少し,もう少し言葉遣いを勉強されてから、当サイトにこられた方が宜しいのではありませんか？
非常に,貴方のしていることは、その方たちに対して非常に失礼です。
多少,他の人が書かれた記事に対しては多少の敬意が必要だと思いますよ。
大変,あなたはこれについてよく調べてらっしゃるようなので、なぜSibley-Ahlquistにすべきなのか説明していただくと大変助かります。
あまり,ああ、それからSibley-Ahlquistで用いられているDNA-DNA分子交雑法は現在あまり用いられることのない'''古い'''手法であることはご存知ですよね。
非常に, このような仕事は、それを土台にして分類学者が改良改善していくのに非常に役に立つ。
それなり,だって、それなりに調べて仕上げた記事をあなたに5分で書き換えられたら空しいもの。
多少,前も書いたけど、他の人が書かれた記事に対しては多少の敬意が必要だと思いますよ。
それなり,それなりの知識をバックグラウンドにして記事にしてくれたら、書き換えられても何も文句は言わないんだけど、あなたの記事はあまりにも不勉強過ぎるもの。
あまり,それなりの知識をバックグラウンドにして記事にしてくれたら、書き換えられても何も文句は言わないんだけど、あなたの記事はあまりにも不勉強過ぎるもの。
やや,* Sibley-Ahlquist は意義のある仕事だが、やや古いものであり、広く受け入れられているとも言いがたいためウィキペディア上の分類方式としてメインに採用すべきでない。
大変,特にペンギン関係は「遼」さんという、大変優秀な書き手によって執筆されて、すばらしい記事になっていたのですが....。
大変,現状を大変憂慮しています。
あまり,「あまりにも不勉強過ぎる」と書いたのは確かに言い過ぎではありました。
大変,Wikiの中でも生物関係の記事は、ユーザー間の意見交換を行いながら、より良い記事にしていくすばらしい文化をもっていたのですが、たった一人の人間のために、これが壊されてしまうのは大変忍びないと思っています。
あまり,"''「あまりにも不勉強過ぎる」、「こんなんで書き換えられたら、みんなやりきれない」、「他のユーザーを無視して執筆する」、「一人の人間のために、これが壊されてしまう」''
"
あまり,本自体は粗雑な論理で、あまり好きにはなれなかったが、タイトルの意味は「話して分かる、人ばかりでない」のような意味だったと記憶する。
少し,世の中には様々な人がいる事を少しは考えて欲しいです。
かなり,現在こちらの手落ち部分と間違ってご理解されている点、反論点、220.97.233.84さんへの苦情、指摘などを書いていますが、かなりの長文になっており確認・推敲に手間取っていることと、こちらの理由ですが多忙であり、後日書き込みをさせていただきます。
かなり,これをふまえて今回の文章はかなりの長文であり、読みづらい点は多々ありますがご了承ください。
ちょっと,本題に入る前にちょっと横道にそれます。
多少,以上をふまえて書き換えてみますが、「今までいわゆる独立UHF局でしか放送されていなかったUHFアニメ系のアニメ番組が、初めて大手ネットワークの系列局で放送された」であれば多少は納得したでしょうし、そうすれば良かったのかもしれません。
あまり,たしかに私はラ・テの分野は得意として知識もありますが、あまり活用できているとは思えません。
少し,確かに衰退メディアではありますが、大手調査会社ビデオリサーチによると、少しでもラジオを聞いた人を表す「接触率」は最近でも6割～7割程度あります。
あまり,ということは、Wikipediaがどういうものかというのをあまり理解されずに書かれている気もするのですが。
大変,記録する回数が減ること、あとから履歴で見る場合も何回も開かなければならず確認が大変であることなどから、一旦プレビューで投稿内容を確認した上で投稿される事をおすすめいたします。
あまり,最近こちらのプロジェクトはぜんぜん見ていませんので具体的なことをあまり申せませんが、何かとご苦労されていること拝察してお気の毒に思います。
あまり,お力になれず申し訳ないのですが、あまり消耗されることのないようにと、それだけお祈りしております。
あまり,別のプロバイダも併用したり、あまり考えにくいことですが、他のプロバイダにのりかえたり、という可能性があることを考えると、現時点でプロバイダ名を出さずにおかれたことは適切だったと私も考えます。
あまり,Kawaraさんがあまり落ち込んでおられなかったのが救いでしたが。
かなり,ご気分を害されないとよろしいのですが、今回はかなりたくさんの方にこのお知らせを差し上げています。
あまり,しかしながら、現在のところ、削除作業や議論への参加の意思があまりないもので、管理者として役に立つ見込みがありません。
やや,一通り入れてみると、サブカテゴリがやや少ない以外は、英語版と比較しても遜色ない分量で、日本語版ウィキペディアも捨てた物ではないですね（あるいは、それだけオタクが多いということで絶望すべきか……）。
やや,:今のところ【やや反対】です。
やや,:【やや反対】です。
あまり,これもどちらでも影響は少ないという意味で、あまりこだわりません。
ずいぶん,外国人名の表記については、ミドルネームの扱いでずいぶん迷った挙句、カテゴリ付けを進めるために暫定的に決めただけなので、再考の余地ありですね。
あまり,[[スター・ウォーズ登場人物一覧]]も知りませんでしたが、アルファベット順の一覧は日本語版Wikipediaではあまりないですね。
若干,カテゴリを記入するだけの作業はデータベースの無駄であるとの意見も最近はあるようで、若干躊躇している面もあります。
少し,結局のところただカテゴリを作って放置という方がおられるのでそれが少し気になっておりました。
少し,[[発掘調査]]も[[古生物学]]があるのにどなたか[[:Category:考古学]]に組み込んでいましたがその場合も削除の必要までは感じなかったのでミイラについてはご心配いらないはずですがもう少し記事の加筆状況をみたほうがいいかもしれません。
結構,履歴を見ると結構すれ違っていたんですね。
ちょっと,ちょっと古いんでかぶってますけど。
少し,が、[[Wikipedia:井戸端]]にて、生年カテゴリ若しくは没年カテゴリの使用に関する議論があったのですが、僕としては少し残念なことです。
やたら,やたらにcategory:考古学に個々の遺跡記事を貼り付ける方がおられるので基準を示して考えてもらう目的で注意書きを書いておきましたがNDRさんのおかげでだいぶスッキリしました。
少し,とりあえずは少し落ち着いたと思います。
少し,作業をしながら「Category:考古遺跡」で少し気になっているのは、以下のような点です。
とても,期待されるほどの内容はとてもではないですが、書けないのです。
ある程度,NDRさんのご声援を得て、ある程度調べてから書きかけようと思います。
十分,もちろん、最初から十分なものを書かなくてもよいのですよ。
少し,葉月さんの初版が呼び水となって、加筆のできる方が少しずつ改善していくものというのがウィキペディアの基本方針です。
非常に,カテゴリ関係の事項において色々な提案と改善を提起しながら実質放置したままになっていること、非常に心苦しいのですが、ウィキペディア内に当方をつけねらっている可能性の高い（と当方が感じている）人物がいる状況の為、活動を停止しております。
非常に,ただ、ウィキペディア内での活動に安全と自由が確保できない（相手方の主張がどうであれ当方は非常に脅威と感じている状況）ので、現時点ではお察し下さいとしか言えません。
やや,「竹本」と「チョボ」が別項目になっていて、どちらかというとチョボのほうがやや説明が詳しいという状態ですが、分けておく必要はなく、一つにしたほうがよいと思います。
少し,少し'''[[毛野国]]'''等の記事に関してお伺いしたい部分がありまして、ノートに記入をさせていただきました。
ちょっと,それとプロ野球チームの歴史を書いた文を消して回っているようですが、こちらはちょっと看過できません。
非常に,また、練りに練ったネタを炸裂させるために取得すべき貴重なユーザ名が、無駄に使用されてしまったことも非常に遺憾です。
かなり,"あなたは、Dolfinさんの投稿実績に関してかなりよくご存じのようですし、またDolfinさんがどのような
"
非常に,お考えで投稿しているのか、非常に知悉しているようにお見受けします。
多少,内容はともかく、少なくとも上のような言葉使いで議論して頂くと多少は建設的な議論ができると思いますよ。
あまり,あまりに低レベルな会話なのでログに移す。
十分,例外のない規定は存在しないとは思いますが、現状では何故例外的なブロックを行ったかについても十分な説明をいただいておらず、私個人としては不当なブロックではないかと認識せざるを得ない状況です。
少し,現在の状況ではブロック解除を提案せざるを得ないと考えますので、お手数ではございますがいま少しブロックを行った理由についてご解説していただくわけにはいきませんでしょうか？
結構,※なおもし日本語版以外のWikipediaに本件に関する議論などがあるようでしたら、どなたでも結構ですのでご指摘をお願いいたします。
ちょっと,ちょっと自分の誤認や不明な点などがあって、十分説明しないままに終わってしまったのですが、一応改めて説明します。
十分,ちょっと自分の誤認や不明な点などがあって、十分説明しないままに終わってしまったのですが、一応改めて説明します。
ちょっと,なんか、ちょっと、こそばゆいようなHNですね。
やや,"|OSがやや古い
"
ちょっと,ちょっと気になったのでお聞きしたいと思います。
あまり,それと、あまりにウィキペディアに無関係な画像をアップロードするのはなるべくご遠慮して頂いた方が、ウィキペディアの主旨に沿っているかと思われます。
あまり,まず219.14.95.19さん側でこちらに稚拙な書き込みがされる前後ではあまりにも状況が違いますので分けて考えて下さい。
あまり,しかも私自身後からちゃんと失礼を詫びてこうして質問なりをしているにも係わらずあまりにもWorldchampion9899さんのこの失言には私自身くやしい思いでいっぱいです正式に謝罪を求めます。
とっても,つまり、あなたは自分の間違いでもIPがない人とは議論を交わさないとでもおしゃってるととってもよろしいのでしょうか？
ある程度,私はこうしてIPがなくても考えなりスタイル等にたいしてこうしてある程度責任もってここに書かせてもらっていますがどうでしょう？
少し,自分も少し逆の立場になってお考えください。
十分,私自身もこうしてわざわざ議論をするために、お返事を最初にした時からの事をかんがみてみるに、Worldchampion9899さんの言う事も十分理解していましたし、モースポマンの事で言われる事は十分承知した上で、お返事しておりました。
十分,また、その様な事ではないと言う事も前回頂いておりました、お返事からも十分熟読をしてよくよく理解しています。
少し,ですのでこちらの真意が少しでもご理解いただけたなら、素直に謝る事も必要かと存じます。
ある程度,こういう言い方は好きではないのですが前回のお返事にありました「そちらから云々～」ですが逆に聞きたいのですが私が、ある程度私がドライバー、モータースポーツのカテゴリー項目を打ち立ててた時、モースポマンが余計な事をする前に、あなたWorldchampion9899さんからお話がありましたでしょうか？
あまり,"あまりにも私見的な論を展開されるので・・・
"
ある程度,確かにウィキのお題目はある程度自分のスタンスにそってIPだけでも、投稿できるという、他にない良い所があると存じます。
あまり,あまりにも長くなってすいませんでした。
少し,一応逢ってお話してるのとは違いまして文章上の表現になりますので、少しでも理解をしていただくなり、こちらも理解に努めようとしたのでこの様な形になりました。
やや,確かに単純な経緯ではないし､余計ややこしくなってる面もあります。
少し,ある程度私は時間がたってウィキにきましたので、もう少しあの時よりは落ち着いて見ておりますので、こういう状況は良くない事だと存じて居ります。
ある程度,ある程度私は時間がたってウィキにきましたので、もう少しあの時よりは落ち着いて見ておりますので、こういう状況は良くない事だと存じて居ります。
十分,以上、前回Worldchampion9899さんから前回頂いたお返事の内容、質問、などにひとつひとつ答えて、誤解､認識不足を解消しようと努めましたが、不十分でしたら何度でも説明いたしますのでまたお返事下さい。
十分,*「：」はどうも半角が正しいようですが十分なコンセンサスにはなってません。
少し,）少し他の項目などの様子を見てから決めてもいいのではとおもいます。
ちょっと,*あと、アレックス・ザナルディですが、本名であること、F1での2年ちょっとの参戦など、北米での活動以外は「アレッサンドロ」で活動していた点を考えると、アレッサンドロ・ザナルディと本名を記事名とした方が良いと思いますがいかがでしょうか？
ちょっと,まあ、これはモースポマンさんの件についての謝罪ですので蒸し返す気もないですがちょっと疑問に思ったもので。
すごく,あの件からYosemiteさんの投票所の更新作業が止まっていたので、すごく気になっていました。
少し,あのあと少し経ってから投票所が停滞しているのをみて、自責の念より投票所の作業を始めたのですが、このことがなければ定期的な活動をしてなかったかもしれません。
非常に,お知らせが非常に遅れてしまい大変恐縮なのですが、[[:Image:Shirakawago Japanese Old Village 003.jpg]]　・　[[:Image:Maguse onsen 001.jpg]]を[[Wikipedia:季節の画像投票所]]にて推薦いたしております。
大変,お知らせが非常に遅れてしまい大変恐縮なのですが、[[:Image:Shirakawago Japanese Old Village 003.jpg]]　・　[[:Image:Maguse onsen 001.jpg]]を[[Wikipedia:季節の画像投票所]]にて推薦いたしております。
非常に,Yosemiteさんの写真は、いろいろと拝見させていただきましたが、非常に秀逸で感服いたしました。
少し,Yosemiteさんの内容から少しずれたかもしれませんが、意図されていた推薦時間順問題についても別角度で軽減する案となっています。
相当,前回の[[ボツワナの歴史]]などを見ていると相当量の大項目がやはり、対象になるのでしょうか？
大変,それで大変無礼なお願いなのですが、[[:画像:WHProj Logo 80x80.png]]をユネスコの旗の色に合わせてつくってもらうことは可能でしょうか？
結構,（打たれ弱いので、結構凹みました）。
少し,コンテストの件ですけど、審査員の投票をもう少し、待ってみますか?
少し,あと次やるときはもう少し間の過程を省いた方がいいかもしれません。
非常に,英語版からの訳出は非常に参考になることが多いので、楽しみにしています。
あまり,あまり、トピック（この場合「人間の盾」）以外のものを太字にするのは勧められていないと記憶しているので。
あまり,「パレスチナ人の家々が、イスラエルのブルドーザーで破壊」や人名まで太字になっているのはあまりトピックと関係がない気がします。
少し,[[AKS素数判定法]]ですが、よく分からないのでもう少し詳しく説明して頂きたいのですが。
十分,'''わざわざ各路線のMediaWikiを整備せずとも、既存の相互リンクで十分にその代用が務まります。
少し,あと、無償寄託にも似ているような気がしますが、返還を前提としていない点が少し違いますね。
少し,::もう少し考えてから井戸端BBS辺りに議論を提起しますので、そのときはまたお付き合いいただければ幸いです。
大変,著作権法 (欧州連合) の訳を進める上で、大変なご苦労があったと思います。
大変,以上、誠にお手数ですがご回答頂けると大変助かります。
それなり,翻訳ツールは、慎重に使えばそれなりに便利です。
ちょっと,ちょっと別用ができたので、また後ほど追記します。
かなり,」の警告文は（私に計算方法がわからないので）かなりシビアに感じます。
相当,）でなければ投稿できないようにしたのだとすると、相当厳しい制限ですね。
それなり,一つの記事を完訳し、全部体裁を整えてから投稿するまでにはそれなりに時間がかかりますので、私のように細切れ時間を利用して記事を書いている者の中には、ついつい「時間が足りないから機械翻訳のままで投稿しちゃえ」という人もいるでしょう。
それなり,私には英語→インドネシア語の翻訳精度と英語→日本語の翻訳精度とを比較できる語学力はありませんので、インドネシア語版のコミュニティで機械翻訳の「蔓延」にどの程度の危機感が共有されていたのかはわかりませんが、もしかするとそれなりの数の利用者は機械翻訳にそこまでの危機感を有していなかった（サイレント・マジョリティ）のかもしれないと感じました。
相当,**(エ) 記事が粗製濫造されるなら根元の道具を壊してしまえ、という方々の危惧感は理解の範囲内にありますが、相当初期にこのサイトに携わっていた自負のある者としては、「そこまで責任を背負い込まれる必要はない」というのが正直な感想です。
かなり,まさに、何年かすれば機械翻訳そのままでもかなり読める記事ができあがるような性能向上が見られるかもしれません。
結構,上記のように、「どのセンテンスが機械翻訳のままの率が高いのか」を特定して指摘する機能が実装されれば、「しきい値」は80％でも30％でも1％でも結構です。
あまり,【4点目のドラフト】ですが、標準名前空間 (記事ページ) に投稿された内容があまりに酷い場合、Draft:○○という名前にページ移動させる仕組みです。
少し,真面目にツールを使っている人には少し手間が増えますが、どうせ推敲にはもっと時間がかかるので、大きな時間的損失にはならないと思います。
大変,大変参考になりました。
少し,悪行を為す者の側に罪の意識があるからといって、彼にもたらされるものについて、そして彼に対する扱い方について我々が負うべき責任は、少しも免除されない。
少し,それで、いささかご意見をわかりかねましたので、少し補筆をいただけないかと思い、相談に参りました。
いささか,それで、いささかご意見をわかりかねましたので、少し補筆をいただけないかと思い、相談に参りました。
いささか,*そして、条件の内容もいささかつかみかねました。
十分,私は立候補してもらっただけで、十分ありがたいと思ってます。
若干,蛸島さん自体の実績は明らかに継続して項目として上げるべきものだと思いますが、以前女流育成会の記事を作成したときに論議になった掲載基準に照らし合わせるとどうかと思うところが若干あるのでテンプレに関しては反対とさせていただいております。
十分,本項目に記載するべきか（アサヒるの項目の白紙保護解除を検討すべきかもしれない）、辞書的ではないか（ウィキペディアは新語辞典ではないはずです）、百科事典として記述に値するか（一過性のものではないか、十分な広がりを得ているか、どこらへんでその線引きをすべきか）といったことは、検討の余地があり、残すことが自明とは言えないと考えます。
非常に,2007年11月4日(日)夜以降、IPユーザー同士による編集合戦（と言うよりも取消合戦）が続いていたために気にはなっていたのですが、上記3項目についての保護措置は非常に適切な対処だったと思われます。
あまり,:えーと・・・自分は鉄道はあまり分からない（特に車両については）口なので、比較するまで細かい編集で差がわからなかったというのが正直なところだったりします。
少し,少し余裕が出来たので、あの記事が起稿されてから今回の保護ブロックに至るまでの履歴を[[ノート:反フェミニズム#反フェミニズム編集史要約]]に書いておきました。
十分,現在の記事にしたところで、不十分なものであることは執筆者の私が強く意識しており、識者の手による改稿を待ち望んでいるのですが、Netanotaneが健在な限りそれも叶いません。
ちょっと,」とかコペルニクス的思想革命が起こればこの考え自体が枯れて固定化するので話は別ですけど（ないとは言い切れない）ちょっと、期待薄ですねぇ。
大変,:いえいえ・・・私は正直ビシビシ言えるほどwikipediaを理解しているとはいえませんから（苦笑）とにかく空気よめるようになるまで大変かと思いますが、よろしくお願いします。
大変,今回の件では私は大変疲れました。
それなり,しかし、私もそれなりの仕事をしている人物で、私生活においても規律が守らなければならない立場なので、Box1さんのところで完全撤退宣言を行いました。
あまり,こういう依頼をされると1項目に縛り付けられてしまうのであまりこういうすっきりしない解除は好きではないのですが、仕方がないかなぁという所です。
あまり,ちなみに個人的には半保護自体は「どういう意図で記載されたかを話し合うことが出来るか」ということを考えるとあまり制限とは考えてないクチです。
あまり,もう一つは、新開地経由で神鉄を利用するのはあまり一般的ではなく、たいていの乗客は北神急行経由で三宮に向かうことです。
十分,これら2点を踏まえると、運賃が高いことが十分に神鉄の乗客離れの原因として成り立つと思います。
若干,また、北神戸線は距離運賃制導入の計画あり）となり若干高めですが、ETC車を対象とする割引制度などもあり、また車に2人以上乗っている場合はそうでもないでしょう。
結構,実質私が責任を負っていると見なしてもらって結構です。
それなり,もちろん、それなりに強い調子を含む言葉ですから、このような表現はするべきではないのでは、というご意見もその通りであると思います。
少し,確かにご自身の発言ですので取り消される等は自由かもしれませんが、もう少しそういったことを例示されないと他者には分かりませんし、意味のない差し戻しは混乱の元です。
非常に,むしろなぜいじるのか非常におかしい気がするのです。
非常に,むしろ、非常にいい加減ですが、[http://ja.wikipedia.org/w/index.php?
かなり,また、あなたの最近の投稿履歴を見るとかつてのあなた自身の会話を削除するないしは改ざんされるという事例があり、とりわけ削除議論ページのそれは現状ではかなりよろしくないかと思いますね。
非常に,title=%E3%83%8E%E3%83%BC%E3%83%88%3A%E3%83%AC%E3%83%83%E3%83%89%E3%82%A2%E3%83%AD%E3%83%BC&diff=3070781&oldid=2188347 これ]のような単純なミスと言うより、発言自体も削除されておりその辺で非常に危惧を抱いております。
十分,::::また、[[ノート:おくたま (列車)]]の件はおそらく即時削除ないしはあなた自身が「不要と思われる項目」の廉で削除依頼をされるので十分かと思うのと、IPについてはADSL・光ケーブル通信などを使用している場合などは固定されますので、必ずしもPCの交換で移動と言うことはないかと思いますね。
少し,そういった事柄ももう少し勉強されては如何でしょうか。
それなり,また、「利用者‐会話:Sat.K」・「ノート:日本の有料列車一覧」や「ノート:おくたま (列車)」の件で「文法の間違いなどでも自身が直されることでもそれなりに責任がある」と言うことをお忘れになっているのではないでしょうか。
それなり,テレビやラジオなどの放送メディアでは取り消しをするのにも「時間」という人力では戻せない不可逆性がありますし、VTRでの録画もありますが、VTRの場合でもメディアの破壊以外の方法で削除をするのはそれなりの労力・時間を要しますね。
あまり,あまりにも「素朴な質問」かつ「初歩的なミス」の事例であり、それ自体は構わないと思います。
あまり,"通常ノートでの削除依頼は、単なる「いたずら書き」や他者が見て""○○""という項目とは内容があまりにもかけ離れている内容を記載すること、""○○""という項目に対して何らかの悪意・誹謗中傷・広告の類という場合に限られるので、あのノートの場合では「関連はある質問があったが、結局自身で調べたら間違いでした」程度の内容であり、「白紙化」という行為はあなたの品位を下げる物と思われます。"
少し,そういった点で、もう少し「Wikipediaでの恥はかきすて」位の心の余裕が必要ではないでしょうか。
少し,仮にこれ以上そのような行為を行うつもりはないかと思いますが、もう少し考え直されることを節に願いますね。
あまり,:::::そこまで最新版の見栄えにこだわると言うことはよほどあなたの中にある何か未熟な物があるのでしょうと言うしかありませんし、まあ如何とも言えませんが、少なくともあまり過去の議論であまり関連性がないと思われる体裁の変更や終了した削除審議の様な編集が結論が出た上で編集を禁止されているような項目での編集は差し控えるべきで、もしそういった事項での編集がなされるとおそらく次はコメント依頼での査問が掛かるようになるのではないかと懸念しております。
かなり,hirotaka = ○○○○ = 荒らし or かなりヤバイ人 という印象もまた続いて行くでしょう。
あまり,しかし、Hirotakaさんは非常に強引でわがままで失礼な態度で頼み事を繰り返し、あまり快く思われない利用者として有名になってしまいました。
非常に,しかし、Hirotakaさんは非常に強引でわがままで失礼な態度で頼み事を繰り返し、あまり快く思われない利用者として有名になってしまいました。
結構,::このことは結構気にしてるので詳細は聞かないで下さい。
かなり,Hirotakaさんは[[WP:BUG]]において「同じIPの人がいる」と2005年11月7日 (月) 14:44 (UTC)に質問されておりましたので、質問に対して返答された記事（以下「返答記事」とします）をお読みになったことと思いますので、お分かりと思われるの部分をかなり反復する部分がございますがご容赦ください。
あまり,そういう意味で、あまりIPユーザーの会話ページをいじらないほうがよいのでは？
少し,:もう少しわかりやすく書いてくれませんか？
大変,間違いや勘違いを起こすことは悪いことではないとおもいます（今回の件は間違いでは無いですけどね、私の考え方についての議論に付き合っていただいてありがとうございました）が、それに対する批判への対応、それに対して自分の意見を述べることは大変重要で、自分の意見や行動には責任を持たなくてはならないことです。
とっても,そうすることはきっとご自分にとっても、Wikipediaにとっても有意義なことになっていくと思いますので。
相当,」という聞き方は相当きついものです。
大変,私も何度も読んでいますが、その都度新たな発見があり、Wikipediaコミュニティで活動する上で大変勉強になります。
少し,:::::それが容易かどうかは、[[利用者:U.S.S.Momotaro|U.S.S.Momotaro]]さんが提示されているリンク先を少し調べればわかることだと思います。
結構,<br>お気になさらなければ、何も対応されなくて結構です。
あまり,それと、国際政治学者の記事での（その人の著作）投稿が多いですが、できるなら記事も書いてみるようお願いします（今のところ、リンク先の国際政治学者にとんでもそのひとについての記述がほとんどないのであまりメリットないので。
あまり,英語版はまだ、あまり国際関係理論について書かれていないのでしょう。
それなり,[[ジョン・C・トーピー]]（John C. Torpey）は英語版ウィキペディアでは文献の著者名としてはそれなりに出てくるものの、人物として未だ記事化はされていない。
あまり,それと、国際政治学者の記事での（その人の著作）投稿が多いですが、できるなら記事も書いてみるようお願いします（今のところ、リンク先の国際政治学者にとんでもそのひとについての記述がほとんどないのであまりメリットないので。
あまり,故意にやったと解釈した場合は、あまりいい言い換えとはいえないと思います。
あまり, ちゃんとプレビュー使ってくださいよ、[[総乗]]の履歴はさすがにあまりにもひどいですよ。
非常に,原因についてのところと、「疫学」のところは、非常に事実と反するような記述でした。
非常に,しかしこのこの辺りは、非常にデリケートな問題も絡んできます。
少し,家族がADの場合、その確率が少し上がるだけ」と安心感を持たせる説明をしなさいと習いました。
ちょっと,<br>記事内の[[仏教大学]]と[[明星大学]]を消して他大学名に変更され、また段落の一部を削除なさったようですが、ちょっと調べてみましたところ、仏教、明星両大学でも通信教育は行なっているようでした。
ある程度,個人的な考えですが、紙の辞書と違い、ウェブ上の百科事典としてはある程度冗長な記述でもあったほうがいいかな？
あまり,あまり恐縮なさらずに今後も気軽に投稿をお願いします。
非常に,山形藩の非常に面倒な記事を書いてくれてありがとうございます。
大変,必要な記事なので手をつけたものの、量の多さから挫折気味でしたので、大変助かりました。
ちょっと,:ただ、菩提寺は香川県ではなく、滋賀県山東町にあるようなので、ちょっと実地は無理です。
大変,菩提寺まで足を運べば何かは解るでしょうが、なかなかそこまでするのも大変ですし、丸亀は地元ですから今度帰った時にでも調べてみます。
結構,そういえば、出身地に菩提寺を構えている大名は結構あります。
やや,もう、どれが正しいのかややこしくなってきました。
大変,私もこのカテゴリを作成したものの一人では大変だなと思っていました。
かなり,（藩主を全部項目化してカテゴリに含めるとかなりの数になってくるのでそのうち○○藩主というカテゴリが必要になるかもしれませんね。
大変,大変光栄に存じます。
ある程度,やはり、ある程度以下の知名度のキャラクターについては、宣伝あるいは特記すべき事項のない記事として整理することが、よりよい百科事典を作るためには必要だと思います。
若干,[[ノート:さいたま市]]のほうに若干進展がありましたのでぜひともご覧になってご意見を頂戴したい次第です。
ある程度,さてNatunohiさんがしばらく活動をおやめになっておられる状況にありながらのことでどうしようかというのは本当に悩んだことなのですが、Natunohiさん、60.236.86.114さん、そして私の間で完全とは言わないまでもある程度の話し合いはできたわけでありきっともう編集合戦は起こらないだろうと判断いたしまして[[Wikipedia:保護依頼#さいたま市（ノート/履）]]の方に保護の解除を依頼いたしました。
大変,と、大変興味を持って拝見しています。
やや,攻撃としてはやや失敗で、本来はあるはずのない所の機雷でした。
相当,特に、一度書いたものが削除されるには相当の理由があるはずです。
ずいぶん,ずいぶん慇懃な態度をされる方ですね。
わりと,自分が書いたことに責任も持たない、あるいは平気で嘘をつく人間を相手にするのは馬鹿らしいので、このノートに記述するのはこれで、終わりとしたい。
かなり,:その言葉づかいはどうにかなりませんか。
相当,というか、「明確な反論」もなにも、削除依頼に相当する記事ただと思うならさっさと削除依頼を出せばいいのでは?
少し,通常の削除依頼でもう少し議論を深めたいと思います。
少し,この点については、もう少し多くの方の意見を伺う機会を持とうと思います。
かなり,これを削ることで記事のバイト数をかなり削減できます。
かなり,実際、{{User|まさふゆ}}さんの利用者ノートを見ますと過去の投稿履歴にかなり問題のある方だと判断したため、かなりの確信を持ってリバートしてしまいました。
あまり,あまりに編集が過度であったといえば、そのとおりかもしれません。
多少,多少修正して加筆致したつもりですが、かなり記述が大雑把になってしまった感があります。
かなり,多少修正して加筆致したつもりですが、かなり記述が大雑把になってしまった感があります。
あまり,あまり、このような件に首は突っ込まないようにしていたんですが…。
少し,今度は、私の方が忙しくなってしまい、編集・ノートページでの合意形成のための議論が、少しできそうもありません…。
とても,とてもありがたいお話で興味深く読ませていただきました。
あまり,といっても、あまり知識がないので、翻訳とかイメージコピーとかばかりですが。
結構, 別に急がなくても結構です。
少し,現在されている作業がbot使用後にははるかに楽になるか、もしくは自動で完了する可能性もありますので、それまで待っていただけると少し楽できるかと思います。
非常に,Gbr3さんが3ヶ月ぶりにウィキで活動を再開されたので、非常にうれしく存じます。
かなり,私はこれならばかなり文章に手が加えられているので、著作権侵害に当たらないだろうと思いますが、これが侵害に当たると早合点して過剰に反応なさっただけだったのでしょうか。
大変,こうした質問を受けることはさぞ御不快だろうと思いますし、大変申し訳なく思いますが、今後更に履歴が積み重なった段階で何らかの著作権侵害が見つかるという事態は好ましいものではありませんので、何卒ご回答をお願い致します。
少し,少し凝ったテンプレートを使うときにはこうします。
十分,あまり不十分な知識で書き込まないで下さい。
あまり,あまり不十分な知識で書き込まないで下さい。
かなり,また、他のページでも頻繁に更新をされており、掲載する根拠がかなり薄い可能性もあると思いますが、いかがですか？
大変,また、スポンサーの書き直しが大変多く、これも何を根拠にしているのか不明であり、整理をされたうえで、ほぼ確定された状態でのアップを望みます。
それなり,と申しますのも、都市計画は多岐に渡る学問なので安直にカテゴリの位置付けをしますと利用者の利便性からすればそれなりに機能はしますが、誤った位置付けとして認識される畏れがあります。
それなり,おそらくは数年の後には現在の記事数も増えて現在のカテゴリやサブカテゴリの見直しが図られると思いますが、現時点ではスタブ等の判断材料として役割はそれなりにあると感じるようになってきています。
結構,あくまで暫定的なお考え、かつ個人的なご意見でも構いませんので、お時間のあるときで結構ですので上記の件についてお考えをお聞かせ下されば幸甚です。
非常に,しかし、都市計画は学際的な傾向が非常に強く、たとえば都市計画家には[[実業家]]（[[エベネザー・ハワード]]、[[渋沢栄一]]など）、[[建築家]]（[[ル・コルビュジエ]]など多数）、[[生物学者]]（[[パトリック・ゲディス]]または[[パトリック・ゲデス]]）、[[医者]]（[[後藤新平]]）などがいる。
若干,私は、京都府に限ると、旧京田辺町で若干の基本構想を作成したことと、東舞鶴駅前（約20ha）で約10年間都市計画・まちづくりに関係していることがBabaさんと同じバックグラウンドの部分だと考えております。
ある程度,ある程度、ご理解されてから記述しないと、意見が異なるかかどうかも不明な記述になると考えられます。
大変,この後私やその他の人も、加筆していくのはすこし大変になると思います。
ある程度,それぞれのページである程度編集方針　どのような意味と概念を伝えるか等ノートページで記載していただけると幸いです。
相当,ツリー構造は自然界にもある相当重要な構造で言語構造、プログラム言語、フラクタル、排水路、木等自然界にもみられるものです。
十分,正直なところ、wikipedia にそれほど注意を払っていないため、不十分な点があるかと思います。
ある程度,それぞれのページである程度編集方針　どのような意味と概念を伝えるか等ノートページで記載していただけると幸いです。
相当,ただし、私も相当調べたのですが、セミラティスという語はアレグザンダー以外は使っていないようですので、今後は慎重を期します。
あまり,　現段階で西岡常一については、西岡常一の文献を読めば、宮大工の棟梁であるとともにアーバーンデザイナーの資質としての宮大工棟梁の仕事をしていることは殆どの方は納得されると、考えておりますのであまりこたわってはおりません。
ちょっと,磯崎さんに関しては、ちょっと皮肉めいた書き方なので書き直したほうが良いとはおもいますが、、あのように書けば、より視点が明確になると考えてあえて記述しました。
相当,ツリー構造（相当重要な概念と考えております。
あまり,　また、このWikipdediaのコミュニティは他の日本の　投稿サイトのあまり好ましくない文化を引きずっていると、私は考えていますので、Wikipediaの投稿に積極的にはいまのところ関与できませんのでご容赦ください。
あまり,　Babaさんの利用者ページに記述されていることは、私はあまり良い感じは持っていません。
大変,:::利用者名を間違え大変失礼いたしました。
ちょっと,駅構造の記事は、ウィキプロジェクト：鉄道と関わりがあるようなので、ちょっと時間かかっているんでしょうか。
ちょっと,ちょっと待って下さい。
とても,とてもANNが頻繁に放送しているとはいえませんね。
非常に,これらの情報は「2003年全国テレビジョン・FM・ラジオ放送局一覧」(NHKアイテック刊)を読めばわかるもので、出所を含め非常に確実なものです。
十分,つまり、地形上の理由なら中継のための送受信は十分に可能であるということです。
かなり,こちらもかなりの出鱈目が確認出来ました。
ちょっと,ちょっと時間をいただいてから質問します。
多少,#他人の文章を借用し、多少加筆のうえで自分の文章のように書かれる意図はなんですか。
結構,まあ「なぜ『倉吉局』などを創作したか、謎は新聞テレビ欄にあった」とか、結構いい収穫がありました。
ちょっと,正確な資料を書きたかったものの、もって帰ってきた資料がちょっと多く、かつあまり放置するのもなんなのである程度補足で書きます。
ある程度,正確な資料を書きたかったものの、もって帰ってきた資料がちょっと多く、かつあまり放置するのもなんなのである程度補足で書きます。
あまり,正確な資料を書きたかったものの、もって帰ってきた資料がちょっと多く、かつあまり放置するのもなんなのである程度補足で書きます。
かなり,大麻山頂上にあった鉄製の展望台は撤去されており、見晴らしがかなり悪いです。
相当,Wikipediaに相当投稿されているのに知らないのかとぼけているのか分かりませんが、私は別に投稿ブロックの権限を持っている訳ではありませんので、あくまでも申請をするだけです。
十分,でも、あなたの行動は常軌を逸していると考えますし、[[Wikipedia:投稿ブロックの方針]]の「6. 事実に反し、Wikipediaの価値や信頼を損ないかねない記事の投稿」に十分値していると思いませんか。
十分,でも、「嫌がらせと判断されずにブロックがかかると思う」のであれば十分考えてください。
あまり,あまりにも嫌がらせがひどいもので。
とっても,記事「城ヶ島」にとっても灯台は大切な存在であり、せめて「詳細は[[城ヶ島灯台]]を参照のこと」程度のリンクは残していただきたかった所です。
少し,城ヶ島灯台として、独立させた方が、理解しやすいと思ったのですが、確かに、少し残しておいた方が、読む方には、親切だったかとも思います。
多少,"＞私は日本酒の醸造に関しては、多少専門教育で聞きかじっているのですが、
"
非常に,見付ける度に修正していますが、この間違いが非常に多く困っております。
少し,:いえいえ、減少したことには間違いないので表現の訂正にとどめようかとも考えましたが、加賀温泉駅誕生後も多くの特急ではない普通急行列車が停車していたことも合わせると、改変が多くなるので、revertにさせてもらいました。
大変,ではまたいつかお暇のありますときにでも書き加えていただければ、おかしなことをしてしまった私としては大変にうれしいことであります。
若干,::わたしも、若干迷いつつも記載しておりました。
かなり,Akimotoさんがかなり以前に投稿された[[前田利春]]の記事についてですが、一部の記述について信憑性について疑義がもたれているようですので、記事の作成の際に参照された資料なりウェブサイトなりをおしえていただければ幸いです。
結構,"なお、このウィキメールは多数の利用者様へ送信していますので、返信は結構です（＾人＾） --[[利用者:Σ64|Sigma64]] 2012年1月3日 (火) 15:57 (UTC)
"
とても,これらの記事がどんどん誰かに加筆されていく様がとてもうれしいです。
とても,とても充実したよい記事だと思うので、よかったら[[Wikipedia:秀逸な記事の選考]]に出してみませんか。
ある程度,例えば「エジプト数学」-&gt; 「エジプト」のようにすればいくつかは青くできますが、未作成の数学者記事などある程度はしょうがないことです。
大変,突然のお願いで大変申し訳ありませんが、ご協力いただければありがたく思います。
非常に,現在存在する歴史項目は非常に少なく、やはり自治州の成立をもって結としているのでやはり自治州の歴史として置いておくべきで分割すべきではないでしょう。
ある程度,　私としてはある程度のスタイル変更は文章にリズムを付けるためには必要かとも思っております。
多少,"（多少遅くなってもいいので）--{{User:っ/sig}} 2005年10月17日 (月) 08:37 (UTC)
"
多少,多少遅くなってもいいので、よろしければお願いできますか。
あまり,あまり力になれなくて申し訳ありません。
非常に,どの様な団体/方言でその様に呼ばれているかを示すのなら百科事典の情報として'''非常に有用で歓迎できます'''が、単に「わずかながら使われる」と言うだけでは「[[Wikipedia:言葉を濁さない|言葉を濁さない]]」という方針に反します。
少し,ただ少し意義があります、面倒くさいでしょうがお読みください。
ちょっと,::あーちょっとちょっと西双版納は漢字表記だから誤りじゃないですよ。
ちょっと,自分の意見を持つ事は一向に構いませんが、拍子抜けしちまいますからもうちょっとしっかりしてくださいね。
すごく,こんにちは、すごく遅くなりましたがバンコクではお世話になりました。
少し,ここ数日現れないかも知れませんが、最後までこの件におつき合いしますので、少し時間を下さいませ。
かなり,かなり攻撃的な文章ですが、当記事はあなたのお好きなようになさったらいいかと存じます。
あまり,記載者を尊重してばっさり削らなかったのですが、1946年に辻が舞い戻ったというあまりに荒唐無稽な記事だけを残すのは無責任に過ぎませんか。
非常に,いえいえ、とんでもないことで、[[利用者:Hareno|Hareno]]さん本人もうすうす自覚してらっしゃりそうなことを指摘したような気もするのでご本人が気分を少々害されても不思議ではないと心配でしたので（予想していましたが、率直に受け止める方で、非常に労力を費やし苦労されているのにもかかわらず、やっぱり気にされない方だったので頭が下がっちゃうのですが）、あなんさんのコメントで逆に救われたような気になったのです。
十分,「いたずら」と書かれた時点で私の説明が不十分であったのです。
ちょっと,そこでちょっと不思議だったのは、「ミャンマーの歴史と美術」というページについては削除の対象とされていなかったという点です。
それなり,　さて、あくまで余興として答えておきますが、あからさまに商業的なサイトや、個人の与太話をだらだら書いている様なサイトを消したつもりで、個人サイトであれなんであれ、それなりのクオリティーを持ったサイトは残しています、その判断はおおよそ私の主観です。
あまり,正直あまり愉快ではありませんので。
多少,一部分を抜き出した引用をされ、それに対して本人が「不快です」と申し上げているのですから、謝罪しろとは言いませんが、多少の配慮をなさるのが常識ではありませんか？
結構,自由に編集なさるのは結構ですが、そうした引用方法はいかがなものか、と指摘しているわけです。
とても,ただ、そうした先制をしたことに対して「あきらめてください」というのは、とても常識ある社会人の方がなさる行為と思いませんが。
ちょっと,ただ、ちょっと上から目線になってないかしら？
大変,大変分かり易い論旨での賛成意見をありがとうございました。
ある程度,他の国でもこれはある程度充実している記事があれば、どんどん、サブページを追加してくださって結構です。
結構,他の国でもこれはある程度充実している記事があれば、どんどん、サブページを追加してくださって結構です。
少し,::しかし、東南アジアの記事もポータル作成をきっかけに、少しずつ記事を充実していけば嬉しいんですけどね（最近、インドやパキスタンの記事の救済に動いていますけど、英語版のインドやパキスタンの記事の充実ぶりは、感嘆するほどがありますね）。
多少,これを珍と呼ぶのは、もの知らずです]」というコメントが引用されているわけですが、このコメントについて多少気になったので、失礼を承知でこちらにお邪魔しました。
少し,それでもなお「珍」ではないと仰るのならば、もう少し詳しい反対理由が必要かと思います。
かなり,しかしながら、ご指摘の通り表現方法としては非常にまずかったとは思いますし、引用されてかなりはらはらしました。
非常に,しかしながら、ご指摘の通り表現方法としては非常にまずかったとは思いますし、引用されてかなりはらはらしました。
あまり,」以下はあまり珍項目と関係ないように思います。
多少,私もこの推薦には賛成できないことはもちろん、あなんさんが多少突き放したくなる気持ちもよく分かります。
非常に,逆にたとえば量子論の基礎の基礎である[[不確定性原理]]も、文系の方にとってみれば非常に物珍しいのではないかと思います。
多少,:::多少突き放した頃の私は少々口が悪かった時期でもあります。
少し,自分なりにもう少し調べ、理解が深まりましたら追記させていただきます。
大変,門外漢ながら勝手に立ち上げて放置した記事なので、他人行儀ですが誰かが加筆してくれるかと期待しておりましたので、大変嬉しく思います。
大変,レッドリストの種が多い科なので大変良かったと思います。
ちょっと,ところで Detracia bullaoides の生体写真ですが元は[http://flickr.com/photos/23594521@N00/226575727/]か[http://snailstales.blogspot.com/2006/08/one-more-snail-at-edge-melampus.html]からのもので、漢字解説を付けてアップしたMatin Lutherという中国人の方のオリジナル作品ではないようですので、その点ちょっと問題があるかも知れません。
大変,コベソマイマイも代表的な蝸牛なので生態画像は大変有用だと思います。
非常に,また ''herklotsi'' のタイプ産地は「Japan」ですが、殻の特徴とシーボルトの収集品であることから「おそらくは長崎産」ということで落ち着いていますので、長崎のツクシマイマイの写真があれば非常に有用だと思います。
少し,今回は、[[ヨモギホンヤドカリ]]の項につき、僭越ながら[[タイプ]]標本の部分を少しだけ補足させていただきました（Type specimen の検討手順や、その検討結果を分類学的観点からいかに有用に活用するかについては、常日ごろから頭を悩ませておりますため）。
非常に,古くは、海産無脊椎動物（特に貝類や棘皮動物）に非常に興味を抱いていた時期があったのに、なぜか菌類が専門になってしまっているのですが、Fooke さまの記事を拝読して、懐かしさとともに海の生物への興味が蘇りました。
あまり,普通の日本人があまり知らない分野の新たな内容は私も大変楽しみにしています。
大変,普通の日本人があまり知らない分野の新たな内容は私も大変楽しみにしています。
若干,さきほど　[[コンテ・ディ・カヴール級]]の内容に若干手を加えさせていただきました。
少し,少し見やすくなったと思われませんか？
十分,"--[[利用者:二十時三十分|二十時三十分]] 2009年6月27日 (土) 23:32 (UTC)
"
相当,[[西大井駅]]・[[小野学園女子中学・高等学校]]・[[芦川よしみ]]について「独自研究」タグを貼付されていらっしゃいましたが、独自研究に該当する箇所の指摘がなく、また拝見したところ独自研究に相当する部分が確認できなかったため差し戻しました。
相当,再び貼付する際には独自研究に相当する箇所を指摘していただければ幸いです。
十分,"--[[利用者:二十時三十分|二十時三十分]] 2009年6月30日 (火) 00:23 (UTC)
"
少し,お願いですから、少し冷静になってください。
十分,: 今回のような場合は、[[Wikipedia:コメント依頼/利用者:二十時三十分|コメント依頼]]をお出しになれば良かったのではないかと存じます。
少し,「[[サーベラス (モニター)]]」について、少し教えて頂きたいことがあります。
あまり,「モナーク」は見た感じであまり似てないよと思ったので、誰が酷似と言ってるのだろうと気になったとか、そういうしょうもないレベルのことではあるのですが。
少し,現在[[Wikipedia‐ノート:ウィキプロジェクト 船/記事名/船種表記/艦艇一覧表記の検討]]において[[利用者:Watchdog daemon|Watchdog daemon]]さんが議論を持ちかけ少し紛糾気味です。
少し,私も少しづつですが、ソースを追加しています。
結構,艦名ではなくて地名とかのお話になってしまいますが、日本語のソースを見ていたら、「○○イェ」のかわりに「○○エ」となっているものも結構あるみたいです。
あまり,あまりポピュラーな単語ではないのでかえちゃってもいいかなぁと思っています。
あまり,ただ、一般にコルベットやフリゲートに分類されるものでも、実際に運用された国では類別が異なるので、あまり細小に分類すると執筆者の意見の相違により論戦が起きかねないので私は大雑把に分類するようになりました。
やや,：当初は主力艦として設計されて建造された物の、戦力的価値から近海用の海防戦艦に類別された物もあり、各国ごとに独自の類別法があってややこしいのです。
ちょっと,他言語ウィキもちょっと怪しいのかもしれません。
ずいぶん,ずいぶんと昔のことで恐縮なのですが、Ｋ－ＳＹＡＮさんが以前に[[クリストーバル・コロン (装甲巡洋艦)]]に写真を追加された際、キャプションに「[https://ja.wikipedia.org/w/index.php?
少し,:上記の私の発言は日本語少しおかしくなっていました。
相当,他者の利用者ページの改竄は[[Wikipedia:投稿ブロックの方針#8.2項 他者の発言の改竄]]における禁止事項に相当しますので、投稿ブロックの対象になるということです。
それなり,慣習に反する行為を行うのでしたら、それなりに強い理由が必要なはずです。
やや,当該ノートページは、以前IPUserによって白紙化された経緯もあったりして、なかなかに今回もややこしそうです。
ちょっと,　書籍でも、ちょっと補足的なエピソードが本文の合間にコラムで挿入されていることがありますが、そういったイメージで使いたいということです。
ちょっと,:::状況はだいたい理解いたしましたが、IPさんにももうちょっと丁寧にご説明なさったほうがよかったかなと思います。
非常に,ウィキペディア日本語版の運営にも深く関与する理事会の[[:m:Wikimedia Foundation elections/2021/Candidates/ja|候補者]]の選出に際し、投票資格をお持ちの数少ないユーザーの一人であるOhuraさんのご意見を反映することは非常に重要だと考えています。
非常に,ハイズビル事件の前例は相反する見解を並存させ、相対化する非常に強い効果があります。
あまり,:#Zeek氏はwikipediaにごく最近参加したので活動期間が短く、wikipediaのさまざまな規約をあまり理解していないように見受けられます（管理人の役割を知らなかったりなど）。
あまり,したがって、Zeek氏例の提案するルール自体に、wikipediaを熟知した人からの提案ではないのであまり信用が置けないという一般的な問題があります。
十分,どの主張にも優劣をつけないというルールで十分だと思います。
あまり,重要な資料は何らかの研究書に引用されていることが多いので、あまり問題にならないと重います。
大変,日頃、ウィキペディアの編集、大変ご苦労様です。
少し,あなたが立候補者に対して行った非礼をもう少し良く考えた上で、もう一度具体的な根拠をご返答をいただけないでしょうか。
あまり,でなければあなたの発言はあまりに無責任すぎます。
非常に,「説明はしないし説明義務もないがあの人は不審であると私は思った」ではウィキペディアへの参加姿勢としては非常に不適切であり、これは[[Wikipedia:礼儀を忘れない]]という方針をないがしろにすることになります。
とても,また個人攻撃と再三おっしゃっていますが、[[Wikipedia:礼儀を忘れない]]について理解のないあなたが、個人攻撃とおっしゃるのはとても不思議に感じます。
結構,場当たり的な言い訳はもう結構ですので、編集をお休みください。
ある程度,*良質ライター確保策/半年くらい前に比べると市町村記事などもある程度はカバーされてきましたが、記事の充実度をみるとまだまだの感があります。
少し,このままでは少しずつ前進しているとはいっても、いつまでたっても英語版の域には達しないかもしれません。
とても,荒らし対策に追われる管理者はとてもそんなことをしている余裕はないようなので、一般ウィキペディアンの共同作業が必要です。
ちょっと,ただ以前あなたもちょっとした加筆で百科辞典の編集に参加してみませんかという呼びかけをよく見たことがありますが、これで来た人がいるとしてもどうでもいいような小編集で終わってしまって記事充実にはあまり役に立たなかったように思います。
あまり,ただ以前あなたもちょっとした加筆で百科辞典の編集に参加してみませんかという呼びかけをよく見たことがありますが、これで来た人がいるとしてもどうでもいいような小編集で終わってしまって記事充実にはあまり役に立たなかったように思います。
ある程度,記事の種類にもよりけりだとは思うんだけど、専門家…とまではいえない人でもいくつかの参考文献と、暇つぶし感覚じゃない本気の執筆をしようという気概があれば、ある程度はなんとかなっちゃうと思うの。
かなり,ひとつの記事書くのにかなり時間はかかるかもしれないけど。
あまり,そういった場に一方的に「ウィキに参加してください」という文面を書くのはあまりよろしくないと思います（旧井戸端BBSで見られた宣伝書き込みと同様に受け取られるかもしれません）。
ある程度,個人HPでなくとも、自治体とか商店街とかのある程度公的な団体での掲示板では、あまり盛り上がっている例がなかったり、専ら内部告知のみに使われていたりして、効果が薄い事も考えられます（上記の閉鎖的な面云々は、他国の事情はしらないので日本特有の物なのかもしれません）。
あまり,個人HPでなくとも、自治体とか商店街とかのある程度公的な団体での掲示板では、あまり盛り上がっている例がなかったり、専ら内部告知のみに使われていたりして、効果が薄い事も考えられます（上記の閉鎖的な面云々は、他国の事情はしらないので日本特有の物なのかもしれません）。
あまり,一挙に大量に呼び込んだユーザーが、最初からそれらルールを全て飲み込んで作業に当たってくれる、ということはあまり考えられません（企業で雇われた新卒社員は即戦力にはならないのと似たようなものです）。
少し,これならば、Wikiの宣伝ができて、かつ質問者にはWikiの該当記事を読んでもらって少しでも参考にしてもらえればと思います。
ある程度,ただし条件としてある程度育った記事でないと困りますが、少なくとも問題になるような事はないと思います。
少し,もし上記の行動を行うのであれば、一度に呼びかけを行う分野の対象数を1つぐらいに絞って、投稿する数も大量にではなく少数で、それをある程度の期間継続的に少しずつ行っていくのがいいと思います。
ある程度,もし上記の行動を行うのであれば、一度に呼びかけを行う分野の対象数を1つぐらいに絞って、投稿する数も大量にではなく少数で、それをある程度の期間継続的に少しずつ行っていくのがいいと思います。
結構,無用の混乱が生じるので、趣旨に賛成されないのであれば、来ていただかなくても結構です。
ある程度,知らない人にいきなり宣伝されてもびっくりするし、ある程度自分がしょっちゅう出入りして名前も知ってもらってる掲示板とかに限ったほうが良いかも。
かなり,ウィキペディアの計算機資源は寄付によってまかなわれているので、対外的なイメージはかなり重要です。
少し,:またこれは少し話が変わりますが Tekune さんの疑問とお願いは真摯なものであり、関心の表れそのものでしょう。
結構,こうしたことを提案されるのは結構なことですが、批判には黙れというのは、不健全な発想におもえました。
結構,投稿者が少なければ、外部から呼んでくるしかないと思うのですが、テクネさんはそんなことをする必要はないと言う意見なので、それなら来ていただいても時間の無駄なので来てもらわなくても結構ですということです。
結構,「良質ライター確保対策」のためにいろいろ論陣を張っておられ、結構なことです。
あまり,「他人が書いたものだけいじくりまわすのはあまりいい趣味とはいえませんね」とありますが、[[Wikipedia:ページの編集は大胆に]]にあるように、編集は奨励されております。
少し,ただ、京都市南区や右京区にコリア・タウンがあると主張されているのですが、私は行ったことも読んだこともないので、もう少し詳しく加筆していただけませんかということです。
多少,ノートで主張されている以上、多少は本文加筆の道義的義務はあると思いますが、嫌なら嫌でそれまでのことのです。
あまり,::あまりにも規則が複雑で執筆意欲を減退させます。
とても,typo で修正しようと思ったのですが、とても綺麗な履歴だったのでご遠慮もうしあげ、ノートに書かせて頂きました。
少し,少しお互いの主張を整理してみてはいかがでしょうか。
あまり,Trek011さんとはあまりお話したことはなかったと思いますが、ずいぶんいろいろなことをおっしゃっていただいたように思います。
ずいぶん,Trek011さんとはあまりお話したことはなかったと思いますが、ずいぶんいろいろなことをおっしゃっていただいたように思います。
大変,ご登録大変ありがとうございます。
大変,ところで、中国語のところにレベルが書かれていないので、大変お手数をおかけして申し訳ありませんが、自分がどのレベルに属するのか書いていただけないでしょうか。
あまり,レベルなんて自己判断だけだからあまり意味がないように思います。
若干,[[利用者:Trek011|Trek011]]氏にあっては5月9日に[[法務死]]という項目を作られておられますが、こちらに関しても、記述内容に若干の疑問を呈させていただかざるを得ないのが現状です。
とても,あの件はルールが変わってしまっていてとても残念ですね。
かなり,例えば、「なじる」でなく「書く」であったり、「叫ぶ」ではなく「主張」だったり、単語の使い方一つで文面から受ける印象はかなり変わると思います。
かなり,は少々編集合戦をやらかした結果、現在かなり韓国寄りの記述のまま保護されています。
結構,Trek011氏は英語版にアカウントをお持ちだし編集履歴も結構あるのでノートでの議論や、保護が解除された後の加筆で手助けを頂きたいが、どんなものでしょうか。
あまり,そのうち気が向けば行くかもしれませんが、あまり紛糾しているところは時間が取られてしまうので、好みません。
かなり,インターラングの設定で、何とか整理しようとしましたが、意味の分からない言語版は、かなり混乱したままです。
少し,少し思いついてメモを書いたのですが（全然まとまりのない文字通りのメモですが）、ウィキメールは利用可能でしょうか。
非常に,:::肝心のキリカさんが書かれた文章が削除されてしまったので、タイミング的に拝読できなかったのが非常に残念ですが、私なりにこれからメッセージを書いてみようと思います。
非常に,もし、ウィキペディアが現在抱えている困難を乗り越えて、一つ上のステージにたどり着けるにはどうすればよいかとの問いを設けるとするならば、その答えを出すに際し、今回の一件は非常に試金石になるような気がしてなりません。
非常に,非常に難しい舵取りですし、一介のウィキブレイク中の者が考えるべきことではないのかもしれませんが、何らかの糧にはなるかもしれません。
少し,今このサイト上で数多く起こっている軋轢に対する、ほんの少しのクッションになれれば。
あまり,それに、PhysicalReviewさんがご自身のノートで書かれた内容が、あまりにも他者（それも、違反行為を親切にも指摘してくれた方）に対して攻撃的だったことがさらに影響していると思います。
ある程度,:ただ、私個人的には、ノートに書かれたお話で十分反省されていることはある程度示されたと思いますよ。
十分,:ただ、私個人的には、ノートに書かれたお話で十分反省されていることはある程度示されたと思いますよ。
十分,:私個人としては上で書いたとおりで、ソックパペットについてとブロック回避への固執を除けば、十分「言葉」になっていると思いますよ。
かなり,利用者ページにこそ書いていませんが、残念ながら私自身この信条はかなり強く決心していることでして、おいそれと曲げたくないのです。
かなり,かなりの数にのぼるようですね。
少し,少しは確認してから修正するようによろしくお願いします。
大変,これは大変失礼致しました。
少し,少し質問もありますので、お手数ですが「ノート:スタイ」で御回答おねがいします。
結構,今から考えると、確かに違和感がありますので、該当部分を削除し、赤リンクを追加していただくことで結構です。
あまり,200人あまりの美術家が、あなたによる「記事化」を待っています。
少し,最近あまりお見えにならないようですが、ピカソの年代別作品ページの件、少し考えてみました。
あまり,最近あまりお見えにならないようですが、ピカソの年代別作品ページの件、少し考えてみました。
かなり,除去したメッセージは、かなり昔のもので、ご覧になる方は皆無に近いと思いますが、この会話ページの過去の版から閲覧することはもちろん可能です。
少し,修正前に条例をもう少し件数見ておくべきでした。
少し,（記事、少し触りました。
あまり,私はウィキペディア日本語版に2年半ほど前から投稿している者ですが、投稿を続けている主な理由は、自分が興味をもっている寺院、神社、文化財、伝統美術工芸等の分野の記事についてあまりにも不備や誤りが多く、このまま放置しておけば、インターネットを通じて、文化遺産に関する誤った知識が広まりかねないという危機感を持っているためです。
結構,私自身、よく気をつけて投稿しているつもりですが、時々ケアレスミスもあると思いますので、客観的に見て誤っている点については、逐一こちらのページにお断りいただかずとも、要約欄なり、当該記事のノートページなりに記入のうえ、どんどん修正していただいて結構です。
ちょっと,その件は週末までにはお返事しますので、ちょっと待ってください。
少し,:本願寺関連記事名の件は、少し前に私の方で改名依頼を出し、改名テンプレを貼っておきました。
十分,拙速にならないよう、十分周知期間を置いて改名に踏みきりたいと思います。
少し,先に[[ノート:人間国宝]]にて該当者全員にリンクを貼るかどうかの議論がなされた時のUraniaさんのコメントを拝見し、私でも良ければ少しでも協力をと思った次第です。
あまり,現代の工芸のことはあまり詳しくないのですが、できるだけお手伝いはしたいと思います。
少し,[[北海道の文化財一覧]]にて修正された件につきまして、最初はそうなのかと思っておりましたが、少し気になりましたのでご教示ください。
やや,[[蔵骨器]]である陶磁器は、被葬者が現に埋葬された年代かやや前と考えられるので、開山塔の年代よりも当然古くなります。
大変,貴重な図録から調べて加筆なされたことについては、敬意を表しますが、藤澤氏は生産地の方であって膨大な資料から判断なさっていることなので、大変恐縮ですが、年代の記述については初稿どおりに戻させていただきました。
結構,この会話ページでも、当該記事のノートでも結構です。
若干,なお、この機会に当該項目を見直し、若干手直しさせていただきましたが、赤リンクを外された「[[斗栱]]」に就きましては、これは建築用語として将来どなたかが立項して下さるだろうとの期待から戻させていただきましたこと、ご了承いただければ幸甚に存じます。
ある程度,国分寺のように国家政策として建立された寺院にはある程度信頼できる史料が残されていると思われるので、権威付けに創作された伝承の類は少ないと思いますが、その他の中小寺院の歴史の記述は歴史と伝承の区別があいまいなものがあると思われます。
ある程度,したがって、ある程度客観的に明らかな史実と、伝承による縁起をできるだけ書き分けるべきではないかと考えています。
十分,私としては、自分の提起した問題点は十分ご理解いただいたうえで、感情的なやりとりの結果ではなく、冷静で論理的な議論の結果、別の方向性が打ち出されるのであれば、それはそれで尊重せざるをえないと考えています。
とても,本来なら、「天寿国繍帳」に関する過去の主要な論文や研究書に一通り目を通してから執筆すべきでしょうが、今の私にはとてもそんなアカデミックな能力はありません。
ちょっと,なので、「矛盾が解消されるように整理・明文化せよ」と言われましても、ちょっとどうしてよいかわかりません。
やや,自分の過去の発言のうち、法人名について言及した部分は、現在ではやや修正の必要を感じています。
多少,しかし、3年も経てば自分なりにいろいろ勉強したり経験していって考えが変わるということもありますし、過去と今の発言とを並べてみれば、多少は矛盾した部分も出てくるでしょう。
ちょっと,3年以上前の発言と最近の発言を並べて、矛盾を指摘するのはちょっと酷ではないでしょうか。
ある程度,3年ほど前、仏教PJで皆で話し合って、ある程度の合意ができ、その内容は「ほぼ推奨されている付け方」という節に表示されているのはご存じのとおりです。
少し,将来的にはもう少しきっちりした方針を策定すべきかもしれませんが、今すぐどうにかしなければという状況にはないと思います。
ちょっと,いろいろご不満もおありかもしれませんが、年末年始、ちょっとWPから離れてリフレッシュしませんか。
大変,このたびは、私の早とちりでUraniaさんが間違っているかのようなことを書いてしまい、大変申し訳ございませんでした。
やや,私の至らなさもあり、少々ややこしいことになってしまいました。
大変,これをご覧になりましたら、大変恐縮ですが、できるだけすみやかに[[ノート:護国寺#改名提案]]をご覧になり、ご意見を述べていただければ幸いです。
非常に,こんにちは、非常に感謝したい、これらの記事を改善するために助けることができる：[[グアティマク]]、[[ザナタ石]]。
大変,お邪魔いたし大変失礼いたしました。
あまり,私はこの種の議論にはあまり積極的には参加しておりませんが、参加する場合には、WPの方針と一般常識とに従い、中立的な観点から意見を述べ、他者の意見に対しては、誰の意見であるかに関係なく是々非々で臨んでおります。
相当,私が文化財に関して不勉強なばかりに、Uraniaさんにはこれまで相当数の記事で手を入れて頂きましたが、これからも懲りずにお付き合い頂けると幸いです。
少し,他者にそこまで求める以上、ご自身が提示なさる「証拠」についても、もう少し厳しくあるべきではないでしょうか。
相当,複数の箇所に記述の通り「特別名勝」で、物品であれば、国宝に相当します。
大変,:大変迅速に修正頂き、誠にありがとうございました。
非常に,ウィキペディア日本語版の運営にも深く関与する理事会の[[:m:Wikimedia Foundation elections/2021/Candidates/ja|候補者]]の選出に際し、投票資格をお持ちの数少ないユーザーの一人であるUraniaさんのご意見を反映することは非常に重要だと考えています。
非常に,しかし、同じ項目内に「スロバキア」と「ブラチスラヴァ」が共存していることに非常に違和感を覚える。
非常に,:今までヒト関連の記事を人間的側面から記述して下さる方が居らず、非常に偏った記述が多い状態が続いております。
大変,また、加筆のみならずカテゴリの議論にまで参加して頂いて大変に有り難く存じます。
少し,少しずつでも[[メインページ|ウィキペディア]]を良い物にしていきたいと思いますので、よろしくお願いします。
十分,コメントそのものは十分検討に値するものなのですが、「本項の章『皇族への復籍問題』を別項『皇位継承問題』に分割し、本項では同問題の概略のみを記載すべきかどうか」という議論に混乱を生ずる虞もあります。
結構,答えられないならお答えなさらなくて結構ですよ。
結構,日本語で結構です。
ちょっと,[[東京大学]]という言葉を用いた文章にちょっと爽快感を感じてしまいました。
あまり,どうかあまりお気になさらずに、今後ともご活躍いただければ嬉しく思います。
大変,管理者就任直後で至らない点も多々あるかと思いますが、今後とも何かありましたらご指摘頂けると大変嬉しいです。
大変,）、何か活動をしていればそれを心掛けてくれる人がいるというのは大変心強いものです。
結構,'''抵抗を感じられる場合は無視して頂いて結構です。
十分,<del>編集された記事を読みますと、相手チームが FG を決めた後も自チームに十分反撃する時間が残っていることを想定されているようですね。
ある程度,Wikipedia自体のご理解をどうもされていないご様子なので、以前作成した記事の作業及びある程度（数ヶ月以上）既存の記事の拡充の経験を積まれるまでは新規の記事の作成を停止願いたいと思います。
少し,[[ノート:遊☆戯☆王オフィシャルカードゲーム デュエルモンスターズ]]にて少しばかり説明させていただきました。
大変,: 大変申し訳ありませんでした。
大変,大変申し訳ありませんでした。
非常に,Wikipediaにおいて、著作権侵害は存続を左右する非常に重大な問題となります。
かなり,だから私は、数多くいるウィキペディアンの中では、駅名標に対しては、かなりの愛着と知識を持っているほうであると自負してもいます。
相当,これ、商標やサービスマークに相当するので、wikipediaの規則(GFDLまたはPD)には適合しないのではないでしょうか。
ちょっと,ちょっとお願いがあるのですが、もしお手元に写真があればもう１・２枚追加して貰えないでしょうか？
ちょっと,ちょうどSec. Semi Exp.さんが「[[Wikipedia‐ノート:ウィキプロジェクト 鉄道/路線#路線と関係ない項目]]」で意見を募集中でしたので、ちょっとした提案を行い[[横浜線]]に記述を加えてみました。
大変,:私が誤った誘導をしてしまったせいでこのようなことになってしまい、大変申し訳ないです。
あまり,あまりお気になさらないでください。
あまり,:あまりにもマニアックすぎて、駅の説明に必要な情報ではないと判断したからです。
とっても,せっかくなので、この2項目に限らずウィキペディア全般的な話題として、他の方の意見を聞いてみるのが我々にとっても良いと思われます。
十分,[[相沢しの]]については不十分な確認のまま「著作権侵害」としていったん削除依頼をしてしまいました。
大変,大変失礼しました。
大変,: お二方、お手数をおかけいたしまして大変申し訳ありませんでした。
ちょっと,:了解しました、ご指摘ありがとうございます（英語版の見てちょっと勘違いがあったようです）。
ちょっと,::ちょっと雑談めいてしまいますが、昨今は「だってウィキペディアに書いてあったぜ」という、当事者が全く知らない/事実ではないことが、ウィキペディアによってあたかも真実のように広く流布される場合があります。
とても,ですので、今回の私の対応はとても杓子定規で堅い対応に見えるかもしれませんが、いろいろな要素があってということをご理解いただければ幸いです。
非常に,非常に短時間ですが、保護対処をしたことを報告します。
大変,:大変申し訳ございませんでした。
ちょっと,:では、ちょっと修正してみましょうか。
少し,韓国の政治家である[[柳時敏]]に設置した「Succession box」について少し説明させてください。
あまり,さて、『[[第176回国会]]』の記事なんですが、IPユーザーさんが立てた記事の体裁があまりにもひどかったので、私が直したんですけど、こんな感じでよろしいでしょうか？
やや,あちらにコメントしようと思ったのですが、話がさらにややこしくなるだけみたいですので、こちらに回答しますね。
非常に,::（以下、個人的所感）依頼者の再登場で審議が進むかと思ったのですが、そうはいきませんでしたね(笑)あのページは立項直後から関わっていて、荒れそうなテーマにもかかわらず何とかかんとかみんなでまとめてきたページなので、いきなり削除依頼・保護という事態になって、非常に残念に思っています。
非常に,弁護士さんなど法律の専門家には自明のことでも、素人にどの程度詳しく説明すれば理解してもらえるかと言うのは、非常に難しい問題ですよね。
相当,可能性があるとしたら、これと全く同じ案件で著作権法上問題がないという判断をした研究等が、検証可能性を充たす出典で解説されていることなのですが、それを探すのは相当時間がかかりそうです。
相当,しかし著作権法13条4号は、前3号、つまり2号に含まれる著作物（＝中国語の原文）の翻訳物及び編集物（＝毎日新聞が作成した訳文）に相当するものについての条文なわけですから、日本語訳文そのものは4号に該当するのでは？
ちょっと,この翻訳物が著作権保護の対象にならない根拠は、もうちょっと正確に書くと、2段階に分けて考える必要があります。
あまり,:あまりに論議が熱くなっていて、正直追いかけるのが精一杯な状況ですが、なんとか方向性を見いだせるよう努力しましょう。
あまり,:また、<noinclude>[[Template:先代次代]]</noinclude>の代わりに、<noinclude>[[Template:Succession box]]</noinclude>を利用されていますが、これは私の個人的な意見としては、あまり使ってほしくないテンプレートです。
あまり,:と言いますのも、一党独裁国家においては、党職・官職の区別はあまり意味がなく、人によっては相互の職を行き来すます。
ちょっと,::Infobox Officeholderはですね…なんだか最近、大統領タグから（なぜか）置き換えてる人を見るようになりまして、ちょっと使ってみたという程度のことでして。
相当,とはいえ、修正は相当大変でしょうがね…。
大変,とはいえ、修正は相当大変でしょうがね…。
あまり,:従来より先行して[[イングーシ共和国の大統領]]だけが存在していた状況で、まあこれがあるなら他のロシア連邦内共和国の大統領の記事も必要でしょうと、それから各共和国の大統領（元首）の更新があまりに遅れている現状があったために修正して行ったのですが、そうなると<small>マイナーな政治家も多々あるため</small>リンクが切れてしまい、記事が孤立してしまうケースがあったんですね。
非常に,ひとまず、各共和国記事からは、右側のテンプレートの「大統領」の所からリンクだけは貼っていますが、「歴代の大統領について～」のリンク貼りに追加ついては非常に感謝いたします（将来的に記事の統合議論が起これば、それはそれでよいと思っています）。
ある程度,Wikipediaの記事は確かにみんなで育てていくのですが、記事の出だしである程度うまい指針を付けないとうまくいきません。
少し,[[血液型性格分類]]のページに関しまして、もう少し中立的な観点からの編集をお願いできないでしょうか。
かなり,:[[田県神社]]が書かれたのはかなり昔ですね。
結構,結構綺麗な雪景色をUPされていますがライセンス未記入となっています。
大変,切手の画像の件につきまして、説明もなしにいきなりフェアユースのテンプレートを張ってしまいまして大変申し訳ありませんでした。
大変,私はどうも冗長な文章を書きがちなのでこうして他の方に直していただくことは大変にありがたくございます。
少し,どちらかを[[Wikipedia:メインページ新着投票所/新しい画像投票所]]に推薦したいと思うのですが、少しお頼みがあります。
とっても,月までだけでもどういう時期に撮影された写真かは分かる状態にしていたほうが、閲覧者や使用者にとってもいいと感じます。
結構,いえいえ結果論ですから、お気になさらなくても結構ですよ。
非常に,非常に初歩的な方法ですがよければ参考にして下さい。
非常に,最近IPユーザーによってカテゴリが乱造されているケースがあるので、カテゴリについてはどこかで提案してみるのは非常に良いことだと思います。
大変,大変ありがたいです。
ちょっと,ちょっと駅舎から遠い画像で恐縮です（^^；。
若干,:勿論、ページ名の変更をすることもできますが（[http://ja.wikipedia.org/wiki/Wikipedia:%E3%83%9A%E3%83%BC%E3%82%B8%E5%90%8D%E3%81%AE%E5%A4%89%E6%9B%B4 記事名の変更]）、変更提案など若干手間を要しますので、この度のお答えは取り敢えずここまでとします。
あまり,それに、執筆や画像投稿には精力的でも、Wikiのシステム自体にはあまり通じていない、ということも、迷っている原因の一つです。
あまり,ただ、編集合戦自体は失礼ながらウィキペディアではあまり歓迎されない行動ではなかろうかと存じますので、今後ご留意頂ければと思います。
ある程度,:::今私が取り組んでいるのは、ある程度の規模の都市、その市に関する画像、それにその市域内の鉄道駅についてのカテゴリを新設していくことです。
あまり,厳密すぎると一般の利用を供するWIKIとしてはあまりにもマニアックになるように思えます。
結構,:項目名での、固有名詞と一般利用の齟齬（通称が有名過ぎるものの、あくまで本名で立てる）について、Wikipediaでは結構そういう例があるようです。
かなり,あと、車体は簡単なんですが、シャーシは難しくて、メーカーまでわかっても、細かい型式まで調べるのはかなり苦労します。
結構,:::ざっとで結構ですので、お手数ですがよろしくお願いします。
ちょっと,名鉄の[[手力駅]]の駅名板写真についてちょっとご相談したいことがあります。
大変,まだしも駅名標画像を絞って掲載している私にこのような言い方で批判されるのは、大変心外です。
ずいぶん,ずいぶん前から問うているのですが誰も回答していません。
かなり,:うーん，私は基本的にジャンボフェリーには夜行便しか乗らないので、画像を撮れる時期はかなり限られてしまうのです。
かなり,:[[Wikipedia‐ノート:ウィキプロジェクト 鉄道/鉄道プロジェクト#駅名標画像について|Wikipedia‐ノート:ウィキプロジェクト　駅名標画像について]]で泥沼のような議論に陥ってまして…駅名標画像についてかなり「潔癖症」の方が居られるようで、議論も決着しない内からIPユーザーが駅名標画像をバシバシ消しています（阪急や大阪市交は全滅のようで）。
大変,大変御手数ですが、他の、適切な記事にリンクするか、あるいは、使用予定がないのであれば、データベース容量の削減のために、削除をご検討願えませんでしょうか。
かなり,かなり前の話なので恐縮ですが、Bakkaiさんが2005年7月11日 (月) 13:27 (UTC) に投稿された[[西平安名岬]]の[{{fullurl:西平安名崎|oldid=2483355}} 初版]の中で、「原音としては「いりひゃんなざち」が近い」と書いていらっしゃいます（[[東平安名岬]]にも同様に「原音としては「あがりひゃんなざち」が近い」という記載がありました）。
いささか,彼と会員（予備会員も含めて）との交流で、種村がいささか傲慢なのではないか、と考えられる事例であれば、手許の著書や『TTTT』バックナンバーから幾らでも探すことができますが、これとて「微笑ましいエピソード」とする見解もあり、絶対的な論拠とは言えないのです。
非常に,なお、駅の写真については、駅の全体像が移っているものが理想ではありますが、非常にアクセスしにくい場所のものに付いては、百科事典としては写真があった方がよいと考え、条件のよいものについて掲載しています。
すごく,悩みこんでいた時に、ウィキペディアでBakkaiさんの久大本線筑後大石駅の写真を見て、理想の写真とぴったりですごくきれいだったので、どうしてもこの写真を使ってでっかいポスター広告を作りたいと思いました。
とても,とてもわがままなこととは承知しているのですが、どうしてもこの写真がいいんです。
かなり,神鉄沿線はかなり前に到達済（Wiki撮影という意味ではなく、小旅行の対象として）のため、再訪する可能性は少ないです。
多少,出典については、現状の本文に付して論拠を強化すると共に、従来記されていた内容や未記述の情報についても、出典が確認でき次第、書き加えていこうと考えております…先に大規模編集される前の文章も念のためコピーして手許に残しており、参考文献を漁る際に多少は参考にするつもりです。
結構,2つのテンプレートは、現出の記事については出典条件を満たしているので外していただいて結構です。
大変,Bakkai様にはお手間を掛けさせてしまい大変申し訳ございません。
やや,当該画像は即時削除に付し、同画像（やや画質向上）を[[:ファイル:Tsunashiki tenman shrine Imabari.jpg]]として新たにアップしました。
やや,少なくとも、状況を斟酌せず「とりあえず」やめろはややいかがなものかと。
ちょっと,"差し出がましいとは思いましたが、意見だけ出て何も動きがないのも意見を出した側としてはちょっと寂しいですので・・・　--[[利用者:Ardianti|Ardianti]] 2009年12月19日 (土) 21:30 (UTC)
"
若干,--[[利用者:あるふぁるふぁ|あるふぁるふぁ]] 2010年2月4日 (木) 17:14 (UTC)<small>若干修正。
結構,--このコメントはご一読後除去していただいて結構です。
大変,管理者とは本当に大変だと思いました。
大変,: 返事が大変遅くなり恐縮です。
大変,たとえ見解は違えど、その殆どが前向きな御意見で、大変勉強になりました。
結構,"なお、このウィキメールは多数の利用者様へ送信していますので、返信は結構です（＾人＾） --[[利用者:Σ64|Sigma64]] 2012年1月3日 (火) 23:25 (UTC)
"
ある程度,:修正されたものを読んで、ある程度分かりました。
あまり,[[ノート:パイオニアレッドウイングス|パイオニアレッドウイングスのノート]]で、項目名は｢レッドウ'''ィ'''ングス｣のほうが良かったとかかれていたので、ノートに投稿したのですが、今あまり活動されてないみたいなので、ここにも書いておこうと思います。
ある程度,GARNETの場合、ある程度資料も限定されていて、そんなに社会現象を引き起こしているわけでもないでまとめやすかったんですが、井上陽水のようなアーティストなんかは資料も多く社会的影響が大きいので、何人かで相当ガッツリやんないと秀逸入りは無理なような気がします。
相当,GARNETの場合、ある程度資料も限定されていて、そんなに社会現象を引き起こしているわけでもないでまとめやすかったんですが、井上陽水のようなアーティストなんかは資料も多く社会的影響が大きいので、何人かで相当ガッツリやんないと秀逸入りは無理なような気がします。
大変,突然のご挨拶、大変失礼をいたしました。
若干,それでは（この項目への投稿も若干おかしいかな？
ちょっと,何かに「GARNET CROWの所属事務所はAding」と明言されていれば私も書き加えていたんですけれども、ちょっと現段階の各資料からでは正確性に欠けると思います。
あまり,その疑問を取り除くには「GIZA studio所属」と「Ading所属」の違いについて加筆する必要が出てくるのですが、それを言及するには現時点での契約状態を示す資料があまりにも少なすぎます。
ちょっと,page_count=1&companyName=%83r%81%5B%83C%83%93%83O&companyNameAccord=1]、ちょっと誤解を与えてしまうような気がします。
十分,自分としては、「Adingとの関わりをどうしても入れたい」ということでなければ、「GIZA studio所属」という記述で十分だと思っています。
ちょっと,となると、一体このうちのどの会社とGARNET CROWが実演家契約をしているのかはちょっと不明ですけれど、一応「GIZA studio所属」という言い方で解説されてきていることは間違いないわけです[http://www.giza.co.jp/gizainf.html]。
十分,この考えが的はずれでなければ、「GIZA studio所属」という言い方で、十分村上ぽちさんの意図された「ビーイング傘下の株式会社」を充たすことが出来ているような気がします。
十分,</small>と、こんなようなことも考えたりしているのですが、もしかしたら違っているかもしれないので参考までに留めていただいて、要は「プロモーションはAdingが担当」までは言えるけれど、契約している所属事務所については厳密には不明ですから、所属については（レコード会社・所属事務所両方の意味合いを含めた）「GIZA studio所属」という言い方で、今のところ百科事典の冒頭定義としては十分ではないかと思っております。
いささか,いささか自分たちだけではいかんともしがたい問題と思いますので。
ちょっと,:ちょっとそちらまで手を広げる余裕がありません。
あまり,査読依頼を出しておきながら、あまりにも長くログオンしていなかったために消し忘れてしまいました。
かなり,私がかなり大量にテンプレートを剥がしたため、疑問に思われたものと推測いたします。
あまり,キモチのお話と想像のお話を許していただけるならば、あとは対処を待つだけの案件に関して、「いち利用者」でもある権限を持った人の会話ページに、（今回のZEROさんの行動を拡大解釈して）対処を促す書き込みが今後増えるとしたら、私はあまりいい気持ちはしません。
とても,ZEROさんにとって興味がある記事に対しての現状の問題点に対する懸念もわかりますが、正直な感情を書かせていただくと、今回はスのGさんがフォローしてくださったことはとてもありがたいと私は感じました。
ちょっと,ちょっと寄り道で分野Aの記事をすべて見てみました。
大変,ZEROさんの書かれた[[松江騒擾事件]]は大変内容が深くて感動しました。
あまり,スキャナがないのであれば、そのまま写真をデジカメで撮る、という強引な方法もあるのですが、きっちりデジカメと被写体を固定しないと、あまり綺麗には取り込めませんし、ゆがみなども出てくる可能性もありますのでおすすめしません。
ちょっと,"私の仕事場にあったような気がしますが、1,200ページ以上におよぶ分厚い辞典の写真をスキャンするのは周りの社員から怪しい目で見られそうでちょっと無理です。"
大変,最近のスキャナは大変安くて驚きましたが、値上げ時代なものでスキャナに回すお金はありません。
相当,（ひょっとしたらご存じないかもしれませんが）[[Wikipedia:ウィキマネー]]での依頼に相当しますので、ささやかですが、ウィキマネー2ウィキをお支払いいたします。
大変,　私の書き方にも読み方によっては攻撃的とも取られかねない舞いようだと思いますので、大変無礼な振る舞いかとも存じますが、あきれすさんが納得された時点で、本番のノートは削除と言うことにさせていただきたいと思います。
とても,　あきれすさんのような常連の方にとっては「ルールを理解してる人が来てとても迷惑している」と感じる方も多いと思います。
とても,　そういった初心者の参加者にも良識ある書き手になってもらうにはあきれすさんのような方がうまく誘導してあげることがとても重要だと思います。
とっても,それは貴方にとっても翻意ではないと思いますし、私もルールに乗っ取っている貴方様が責められるのはおかしいと思います。
かなり,対する[[キャプテン・マーベル (マーベル・コミック)]]の知名度は、日本ではかなり低いのでは無いでしょうか？
十分,:[[WP:CSD#A1]]：「定義がないということの意味は「『項目名は○○である』という定義文がない」という意味ではありません」　当該記事は記事主題を特定するために十分な情報があり、当該記事に定義がないという意見には同意できません。
大変,大変失礼しました。
大変,Kusunoseさんご指摘のとおり、私の作業によって誤リンクを多数作成してしまったこと大変申し訳なく思います。
大変,大変失礼致しました。
十分,GabrieleさんとしてはGabrieleさんの御初めになったコメント依頼を最優先すべきであるとお考えになったが、それは価値観の違いであり、そう考えないことも十分に可能である、といまは認識しておられるということでよろしいでしょうか。
ある程度,ある程度道筋がみえてきたので次の質問をしたいと存じます。
少し,少し理解が進んだような気がします。
ある程度,ただ、私にはJAWPだけではなく他の600のすべてのプロジェクトが大事で、その関与の度合いはある程度傾向はあっても時と場合によってかわりうる、そうした点でGabrieleさんが最初に要求されたようなかたちではもはやJAWPとは関わっていないのだということを理解していただきたいとも思います。
あまり,このままではあまりにももったいないと思いまして、僭越なメッセージを差し上げました。
結構,"「[[恋におちたら (ビートルズ)|恋におちたら]]」の記事で「歌詞は（女性の立場ではなく）明確に男性の立場で歌われている」と書いておられますが、この曲が女性の立場の曲、という説は、日本では結構広く流布されており、他ならぬ私もそう信じていただけに
"
少し,で、Bakkaiさんのために、少しここで補足させていただきます。
ちょっと,もう5年くらい前になりますが、お世話になっている、ある方のお誘いでウィキペディアに投稿し始めて、最近あまり熱心にやってなかったんですが、自分の好きな西洋絵画の項目があまりにもさびしいので、もうちょっと頑張ってみようかなと思いまして・・。
あまり,もう5年くらい前になりますが、お世話になっている、ある方のお誘いでウィキペディアに投稿し始めて、最近あまり熱心にやってなかったんですが、自分の好きな西洋絵画の項目があまりにもさびしいので、もうちょっと頑張ってみようかなと思いまして・・。
ある程度,鉄道駅の項目については[[Wikipedia:ウィキプロジェクト 鉄道]]にてある程度のフォーマットが定められています。
ある程度,なるべく、同義語などはREDIRECTで対処をし、記事を小分けにするのではなく、ある程度記事が成長してから分離したほうが良いと思います。
あまり,クリックひとつを省略するのは、あまりにも怠惰であると思います。
いささか,あなたの書いた[[学友会]]の記事ですが、いささか疑問があります。
やたら,そうですか、こっちが言っても聞く耳が無いのでJohncapistranoさんに人の投稿を削除したり、反日に偏った削除依頼をむやみやたらに出さないように機会があれば伝言だけしておいてください。
相当,:法令上、取り決めがあるのは[[学齢]]・進級などについてだけで、具体的には、6歳未満の人は小学校に入学できない、小学校の就学の始期に達した人は幼稚園に入園できない、義務教育期は6歳から15歳、各学年の修了は平素の成績を評価して定める（ただし義務教育は伝統的に年齢主義で運用）、就学免除猶予の後に在学者を相当の学年に編入することができる、などの定めがあります。
少し,しかし、高校・大学は下限だけを書いて問題ないのですが、小学校などを法律に忠実に下限だけを書くのは少し抵抗がありますね。
少し,::少し検索して調べてみたら、学年と年齢の関係については、「年齢主義」、「履修主義」、「習得主義」などの用語で、色々と議論されているみたいです。
ちょっと,私は、ちょっと総合科学について、きついことを言って申し訳ありませんでした。
ちょっと,一方私は、ちょっと自分の仕事に影響があることや、記事を書いた者にはリスクがあるのにも関わらず突付かれ、投稿損という、何か正直者が馬鹿を見るといったものを感じ取り、暫く自粛することに致します。
非常に,[[:画像:HanshinMap(150dpi).png]]は非常に見やすく便利だと思うのですが、直通特急が全部止まる[[舞子公園駅]]が入ってないので、修正していただけるとありがたいです。
大変,お忙しいところ大変申し訳ないのですが、修正の方、お願いします。
少し,":ご本人でしたか．失礼しました．自分の利用者ページにも書きましたが，英語版を見るとちょっと凹みます．ぼくは航空系学科の学生で，小型機の整備も少しかじったんですが，中途半端な知識しかないのであまり期待しないで下さい……．[[利用者:Marsian|Marsian]] 2004年7月13日 (火) 12:31 (UTC)
"
ちょっと,":ご本人でしたか．失礼しました．自分の利用者ページにも書きましたが，英語版を見るとちょっと凹みます．ぼくは航空系学科の学生で，小型機の整備も少しかじったんですが，中途半端な知識しかないのであまり期待しないで下さい……．[[利用者:Marsian|Marsian]] 2004年7月13日 (火) 12:31 (UTC)
"
あまり,":ご本人でしたか．失礼しました．自分の利用者ページにも書きましたが，英語版を見るとちょっと凹みます．ぼくは航空系学科の学生で，小型機の整備も少しかじったんですが，中途半端な知識しかないのであまり期待しないで下さい……．[[利用者:Marsian|Marsian]] 2004年7月13日 (火) 12:31 (UTC)
"
非常に,オフラインで一覧系記事をいくつか訳しているので、非常にタイムリィで助かります。
かなり,航空年表も英語版からの翻訳でかなり追加できそうです。
相当,当初は簡単に済むかなと思っていたのですが、慎重を期して改名提案を相当程度告知すべきかとも考えています。
とても,あるいは要約欄の記載忘れかと思いますが、削除になった場合、お手数ですが、現状と同じ内容でかまいませんので（作成後の改版は軽微なリンク修正のみだった）、要約欄に記載のうえ再投稿していただけるととても有難いです。
十分,一応、現地での発音はラーチャダムヌーンスタジアムである、という一文を記事に入れれば十分だと思いますが。
大変,現状の「空手」へのリンクを修正するだけでも大変ですので。
少し,もう少しわかりやすい説明をお願いできますか。
結構,回答できる範囲で結構ですので、やっぱこれでしょさんにもご協力いただければ幸いです。
少し,過去の日に新しい記事を書き込む例はほとんどと言ってないと思いますが、すでに投稿されてあった記事を少し編集し直しすることはよく行われています。
大変,ウィキニュースは一旦公開されると書き直しは大変らしいですが。
あまり,（特定しづらく、リスクもあまり無い様に思いますが、、、。
ちょっと,最近忙しいので、もうちょっと待って下さい。
結構,ムエタイの画像や動画は結構手持ちがあるのですが、格闘技は動きが激しいのでなかなか質の良いものを撮影するのが難しいです。
結構,試合の画像だけでなく、それ以外の格闘技関連の写真だけでも結構です。
十分,これはaimai化のために移動せずとも、山手線方式で十分対処可能な事例ではなかったでしょうか？
十分,）総合選手を扱うには不十分なので使わないでください。
あまり,とまあこんな感じに書いてはみましたが正直正確さにはあまり自信がありません。
少し,私の方は少しずつWBAの王者一覧を作っていっております。
大変,もし不愉快に思われましたら大変申し訳ございません。
かなり,議論は「[[Wikipedia‐ノート:ウィキプロジェクト 漫画#漫画作品カテゴリの見直し提案|漫画作品カテゴリの見直し提案]]」から始まりかなり長くなっておりますが、50音別カテゴリの廃止には反対がなかったため、「[[Wikipedia‐ノート:ウィキプロジェクト 漫画#漫画作品カテゴリの見直し提案2|漫画作品カテゴリの見直し提案2]]」に現在出ている案をまとめ直し、仕切り直しております。
十分,:と記述していますが、配信元と発信日が記述されておらず、これでは不十分です。
やや,ややこしくて恐縮ですが、会話ページは即時削除の対象ではないのです。
結構,:外していただいて結構です。
ちょっと,ただ、投稿者にいきなり噛み付いてきたり、権限がないから修正しろと仄めかすとか、知らない人にいきなり嫌味だの言ったりするほうが、ちょっと違うのではと思います。
かなり,今回の記述は「栗山薫」のようにかなりはっきりとしたもじりもあるのですが、「伍代進一」などは確かに苦しいです。
かなり,ところで、視聴者にとってかなり自明な内容であって特にそれについて記述したオフィシャルな文献がない場合には、Wikipediaに記述することはできないのでしょうか。
非常に,またms:も追加してらっしゃいますが、地図とテンプレが張り付けてあるだけのスタブ以下ページがほとんどですので、のちのち、削除される可能性が非常に高いです。
十分,他の自治体でも手続きにおいて新設合併を経ているところはたくさんありますが、わざわざ項目分けして記述しているものは私の知りうる限りありませんし、新設と編入についての記述は文章中で明示されておりますのでこれで十分なのではないでしょうか。
十分,、都決勝などなど、「古豪」に十分入りますよ。
若干,どうも、貴方と若干名の方との論争が終了の様子をみせてませんので、ここはひとつ直接チャット等で解決しようではありませんか。
多少,リアルタイムで発言と応答だと多少は進展が違うでしょう。
少し,掲示板に関しての利用はもう少ししたら連絡します。
非常に,スポーツ関連（ことに大相撲）のあたり、非常に興味深く拝見しまして、勉強にもなりました。
ある程度,記事については、ある程度整理いたしました。
ちょっと,件の編集に色々と問題点があるのは確かですが（先程、Kyoku88さんの会話ページにて指摘させていただきました）、無言での差し戻しを繰り返すのはちょっといただけないので、まずは相手と会話ページなり記事のノートなりで議論を持ってみてはいかがでしょうか。
ちょっと,自分でもちょっとむきになってた自覚はあるので、ちょっと引いて考えなおしてみます。
かなり,ご気分を害されないとよろしいのですが、今回はかなりたくさんの方にこのお知らせを差し上げています。
少し,」という所が少し気になりました。
ちょっと,サイト中「反証可能性」の解釈についてはちょっと微妙な気もしましたが、概ねご主張を理解しました。
十分,しかしながら、[[進化論]]とて学問の性質上、[[反証可能性]]が十分にあるとは言いがたいのが現状です。
十分,コペルニクス的転回が起こって[[進化論]]が「疑似科学」に変わる可能性だって十分ありえますので（まあ[[創造科学]]が進化論に取って代わることは少なくともありえないでしょうけど^^;）。
非常に,理由は、例え世界の仕組みを説明する資格を相対論・量子論に奪われたとはいえ、現在においてもニュートン力学は実用的に非常に便利なツールであるからでしょう。
十分,あなたの疑似科学に関する認識はいくらなんでも不十分に過ぎます。
かなり,"--[[利用者:Spirituelle|spirituelle]] <del>2006年8月19日 (土) 09:50 (UTC)</del>2006年8月19日 (土) 19:07 (UTC)<small>かなり論理が甘かったので修正</small>
"
十分,誰も生命の起源などとは信じてはいない[[自然発生説]]であっても、日常生活における「食べカスを放っておけばカビが生えてくる」程度の未来予測には十分用いることができます。
少し,:追記 [[電場]]のノートに少し書き込みしましたので読んでいただけると幸いです。
結構,結構削ったつもりだったのですが、大変な長文になってしまったことをお詫びします。
大変,結構削ったつもりだったのですが、大変な長文になってしまったことをお詫びします。
かなり,駒場祭は旧制第一高等学校時代から続く日本でもかなり歴史の古い（日本一古いかどうかは私の手元に資料がないので不明）学生主体の文化祭です。
かなり,入学試験のように社会的な影響力が大きく、さらに文量がかなり大きければそれを理由に分割することも可能なのですが、現在はテーマが一覧表になっているだけで実際の説明部分はそれほど大きくなく、テーマがたくさんあることに分割を推進しようとするとテーマ自体を全て載せるべきなのか、も議論となってしまうと思います。
少し,果たして分割をするべきであるのか、あるいは東京大学の記事の中でこのまま説明を続けるべきなのか、例えばテーマは削除してもう少し文量が増えたら分割するとか、あるいはこのままの状態で残した方がよい、とか、ぜひとも駒場祭の記述内容の再検討も含めてお手数ですが、ご意見を頂ければ幸いです。
大変,こんにちは、その節は大変お世話になると同時に結果的に御迷惑をおかけすることになってしまいました。
若干,その後、Spirituelleさんの反対なさった問題点を若干解決したつもりなのですが、現在の状態でも依然、ガイドライン化に反対でしょうか。
かなり,先ほど記事一覧をざっと見てみると、記事がかなり西の方に偏っている（特に東讃の観光がひとつもない状況）ようなので、Charenjiさんのご活躍を期待しています。
非常に,関係執筆者に個別にコメントされるのは、今後の活動を円滑にするために非常に有益だと思います。
あまり,現在あまり使わない字であるために（学校教育では習わない字であるために）、「桜」「厳」がウィキペディアで採用されているというようにご理解ください。
かなり,要は明治以降の人物についてはかなり中途半端なことになっておりまして、改善すべき点も多いのが実情です。
あまり,ご質問の「本町通三～五丁目」だと（あまりないのでしょうが）「本町通三」という地名から（～）「五丁目」となり、「本町通三丁目」「本町通四丁目」「本町通五丁目」を指すことにならない可能性があると考えます。
あまり,）まである地名でも、各丁目ごと記述するのがいいのでしょうが、あまりにも冗長かもしれません。
大変,title=%E8%8A%A6%E5%88%A5%E5%B8%82&diff=6079230&oldid=6059156]の記法が大変参考になりました！
非常に,この問題は非常に難しく、同時期の阪急阪神HDや上記の日本航空、将来のキリンビールなど、私自身もどうするべきか対処に悩んでおります。
大変,大変失礼しました。
かなり,最近かなりの落語家さんの記事を分割しました。
ちょっと,となるとちょっとおかしい（？
かなり,私自身もかなり参考になるところがあり助かっております。
あまり,カーナビもこれだけ発達してるのに香川では交差点名称があまり出ないのはツラい限りです。
非常に,ウィキペディア日本語版の運営にも深く関与する理事会の[[:m:Wikimedia Foundation elections/2021/Candidates/ja|候補者]]の選出に際し、投票資格をお持ちの数少ないユーザーの一人である暗黒尼僧イザベラさんのご意見を反映することは非常に重要だと考えています。
少し,::「中立性に疑問」とやると少しキツめの言葉に聞こえるので、POVないしNPOVと書くのを好む人もいるようです。
多少,多少なりとも思い入れがあるからこそその記事を書くわけでして、中立的に書くのは難しいものです…。
少し,ただ、ご指摘の[[PC-9800シリーズ]]で私の書いた「POV気味」というのはやや勝手な用法だったので、私も今後もう少し解りやすいように書こうと思います。
やや,ただ、ご指摘の[[PC-9800シリーズ]]で私の書いた「POV気味」というのはやや勝手な用法だったので、私も今後もう少し解りやすいように書こうと思います。
ちょっと,ちなみに55ボードのところは、NECがちょっと悪者のように書かれすぎかなぁ（「やり玉に挙げられる」とか）、という意味でそのように書きました。
少し,少し気になったので。
非常に,また、ノートページに置いて他者の意見を削除するなどの行為も非常に悪質です。
あまり,218.126.32.12さんがされている行動は現在のWikiペディアにおいてはあまり歓迎されるものではありません。
かなり,また、本日かなり長時間にわたって多数の記事を作成・投稿されていらっしゃいますが、百科事典として必要最低限の内容を欠いた[[Wikipedia:スタブ|スタブ記事]]は歓迎されない傾向にあり、場合によっては[[日本神話]]や「日本神話の登場人物」などへの統合・リダイレクト化が行われる可能性もあります。
非常に,当方は内閣府の国政モニターをしているともがら、信用のないウィキペディアに名前が載せられていると非常に体裁が悪いのだから。
非常に,擬人化画像の方は大丈夫ですが、車両の方はwebで拾ってきた画像を加工したものなので非常にまずいです。
いささか,[[神奈川菊名郵便局]]、[[国会内郵便局]]などを書かれていますが、ほとんどは[http://yuubinkyoku.com/office_search/ 郵便局・ATM検索] の内容すら及ばず、いささか粗製濫造の感もあります。
大変,もし不愉快に思われましたら大変申し訳ございません。
かなり,議論は「[[Wikipedia‐ノート:ウィキプロジェクト 漫画#漫画作品カテゴリの見直し提案|漫画作品カテゴリの見直し提案]]」から始まりかなり長くなっておりますが、50音別カテゴリの廃止には反対がなかったため、「[[Wikipedia‐ノート:ウィキプロジェクト 漫画#漫画作品カテゴリの見直し提案2|漫画作品カテゴリの見直し提案2]]」に現在出ている案をまとめ直し、仕切り直しております。
少し,今後は、リダイレクトの作成前によくよくお調べいただき、一意または適切ではないと'''少しでも'''お感じになった場合は作成をなさいませんよう、強くお願いいたします。
非常に,ウィキペディア日本語版の運営にも深く関与する理事会の[[:m:Wikimedia Foundation elections/2021/Candidates/ja|候補者]]の選出に際し、投票資格をお持ちの数少ないユーザーの一人である特急東海さんのご意見を反映することは非常に重要だと考えています。
結構,:追記:コモンズにアップロードするときには高解像度でも大丈夫ですので、現在のように画像の解像度を落とさなくても結構です。
いささか,Sinryowさんの投稿画像には、この種の断片的写真が多数存在するので、いささか気になっております。
ある程度,"#既存の一部の駅の解説記事について、内容にある程度の基準を設定し、この基準に達しない記事を削除する案について賛否とその基準の内容について　　[[利用者:藤井三方|藤井三方]] 2005年4月16日 (土) 04:27 (UTC)
"
十分,:::以前ウィキプロジェクト バスに停留所一覧についての議論を持ち出したことがありましたが、「停留所一覧を書くべきでない」と考える人たちに、「停留所一覧を書くことには意味がある」という考えを十分伝えるだけの理由や論理がなく、結局その話自体を取り下げたことがあります。
十分,今でも、自分はその点の十分な理由や論理は持てていないと思っています。
かなり,それはおいといて、僕の利用者ページに幌延旭川線の作成者と「Darkstudy」氏が同一人物ではないか、というのが来ていましたが･･･IP利用者にしてはかなり過ぎるほどのできですし、履歴から見ますと投稿内容等似ていますが･･･。
十分,特に旭川～幌延線の場合はクローズドドアがないので、停留所を単にテキストで列挙するだけで十分だと思います。
十分,僕も「停留所はテキストで十分」は同じです。
少し,もう少しいろいろあたってからにします。
ちょっと,最近、バス関連の写真があまり撮影できていない状況ですが、ちょっと時間を見てチェックしてみます。
あまり,最近、バス関連の写真があまり撮影できていない状況ですが、ちょっと時間を見てチェックしてみます。
かなり,:かなりの量の執筆お疲れ様です。
ちょっと,:ちょっと情報収集を行うのが難しい状態になりつつありますが、可能な限り追記・修正を行っていきたいと思います。
ちょっと,内容に期待してただけにちょっと残念。
やや,言いにくいのですが、Sinryowさんの処理のために移動処理がややこしくなってしまいました。
結構,この件、必要であればPJ女子サッカーのノートページに議論を立ち上げる用意はありますが、Sinryowさんが新規にカテゴリを立ち上げるご予定がおありという事であれば、作業を進めて頂いても結構ですが、宜しければご意向をお伺いできましたら幸甚です。
少し,:: 先にリバートをしたのは、確かに後々考えると少し性急だったかなと思い、その点はSinryowさんにまずお詫び致します。
少し,前回の議論はIPによる編集合戦の防止が主眼のようですから、少し議論の旗色が変わるような気もしますね。
とても,とても助かります。
非常に,ウィキペディア日本語版の運営にも深く関与する理事会の[[:m:Wikimedia Foundation elections/2021/Candidates/ja|候補者]]の選出に際し、投票資格をお持ちの数少ないユーザーの一人であるSinryowさんのご意見を反映することは非常に重要だと考えています。
ちょっと,もうちょっとマシな体裁でかけませんか？
少し,少し前例を調べてみましたけど、[[いそかぜ (列車)|いそかぜ]]が[[いそかぜ (列車)]]で登録されている例や、[[はまかぜ (列車)|はまかぜ]]が[[はまかぜ (列車)]]で登録されている例とかがありました。
あまり,当時まだ入ってきたばかりなんで、詳しいところはあまり分からなかったんです。
あまり,旧型客車はあまりにも多形式で雑多であり、全部取り上げたら際限が無くなってしまう'''恐ろしい'''分野です（冷汗三斗）。
とっても,質を保証できない鉄道記事をむやみに増やし過ぎるのは、Wikipedia全体にとっても、鉄道趣味者側にとっても得策ではないと思います。
あまり,さて、初段の「旧型客車はあまりにも多形式で雑多であり、全部取り上げたら際限が無くなってしまう」との事ですが、やはりそうだと思いますね。
あまり,野暮用続きでしばらくはあまり顔を出せませんが、取り急ぎ。
若干,閑話休題、[[利用者:KIZU|KIZU]]さんより下記の「管理者への推薦状」私宛にも届きまして、若干当惑しております。
それなり,新規参入者に対して「書くならそれなりの内容が必要だよ」と間接的に示すという意味でも、です。
かなり,ご気分を害されないとよろしいのですが、今回はかなりたくさんの方にこのお知らせを差し上げています。
十分,されども当方、近頃本職の多忙により、鉄道関係の記事投稿も十分にできかねている状況でございます。
ある程度,"#既存の一部の駅の解説記事について、内容にある程度の基準を設定し、この基準に達しない記事を削除する案について賛否とその基準の内容について　　[[利用者:藤井三方|藤井三方]] 2005年4月16日 (土) 04:22 (UTC)
"
非常に,:::私の環境からは、非常にレスポンスが遅いものの開くことができました（びっくりするくらい重いです）。
非常に,ウィキペディア日本語版の運営にも深く関与する理事会の[[:m:Wikimedia Foundation elections/2021/Candidates/ja|候補者]]の選出に際し、投票資格をお持ちの数少ないユーザーの一人であるRonさんのご意見を反映することは非常に重要だと考えています。
十分,しかし、書式やreferenceが不十分でありました。
十分,以後、十分注意したいと思います。
非常に,そのため、非常に短い記述だけの記事を新設したり、余り発展の余地のなさそうな話題を扱うページを新設することの是非については、いろいろと議論があります。
十分,せっかく作成して頂いた記事も、内容が十分でないと後になって[[Wikipedia:削除依頼|削除依頼]]されるようなことになるかも知れません。
少し,マールブランシュの記事の著作権について少し案じているのですが、[[ノート:ニコラス・マールブランシュ]]をご覧いただけますでしょうか？
あまり,あまり聞いたことはないですね」との返事であった。
若干,[[阿佐東線]]でも「阿佐海岸鉄道阿佐東線」に転送されるようにしてありますが、これは暫定的なリンクや検索の便を図るためのもので、[[阿佐東線]]とリンクするのは転送のためにサーバに若干負荷がかかるので推奨しません。
結構,多くても同じ章（セクション）内で最初に出てきたときにリンクすれば結構です。
とても,プランのおかげでとても読みやすくなったと思います。
かなり,英語版に比べたら、かなり貧弱だと思います。
少し,本当、東欧世界のいろんな建築物を展開していただいて、投稿されるたびに、その記事の楽しみに読んでいます（私も、もう少しは、詳しく世界遺産に取り組まないといけないと思いながら、本当に専門分野外のことを準備中です。
非常に,"このGFDLは非常に特殊な著作権形態であり、
"
ある程度,この項目があること自体がある程度がウィキペディアでは広辞苑と現代用語の基礎知識を合体したもののように感じましたので、問題の社会的背景として民放マスコミの関わりを加筆しました。
あまり,ヒットがなく、テレビにあまり出なくても、地道に活動している歌手はたくさんいます。
十分,個人的には判断に迷いますが、他に類似の団体があるならあの定義では不十分でしょうし、正式名称や所在地などがある方が定義だけに限っても望ましいかと思います。
やや,）そこで、定義だけ、というのだとやはりやや歓迎されないのではないか、と思います。
あまり,ここは初めてなものであまりよく分かっていないもので、どうぞよろしくお願いします。
ちょっと,== アニメポータルちょっと改造しました。
ちょっと,:※PiaCarrotさんへのお返事は[[利用者‐会話:PiaCarrot#Re: アニメポータルちょっと改造しました。
ちょっと,亜衣羽湊さんががんばって「コーセルテル～」の記事を作っていらっしゃる所にいきなり書き込みをして結構変更を入れてしまったので御気に触りはしないかとちょっと心配していたのですが好意的なお言葉をいただきうれしいです。
結構,亜衣羽湊さんががんばって「コーセルテル～」の記事を作っていらっしゃる所にいきなり書き込みをして結構変更を入れてしまったので御気に触りはしないかとちょっと心配していたのですが好意的なお言葉をいただきうれしいです。
あまり,『ベルサイユのばら』は有名な漫画なので読んだことはありますが池田理代子さんのあのきらきらしい絵が苦手なのであまり好きではないですね。
すごく,でもすごく上手な絵ですね。
とても,今回のことについてはイヤな思いもされたかと思いますが、にもかかわらず率直にお話いただき、とてもうれしく感じています。
多少,内容はまだまだ（コモンズで写真をたまたま見たので仏語版を元に多少付け加えただけ）で、[[ジャンヌ・ダルク]]が駆け抜けた？
非常に,もしご興味などがあれば加筆していただければ助かりますが、今回の対処だけでも非常に助かりました。
あまり,理由としてはほかの新着記事を探すのが面倒だったというだけなので、あまり深い意味がなかったのも事実です。
かなり,記事の数も内容もかなり出来上がっているものですし。
かなり,:他のドラフトやポータルと比べて見ると、かなり完成していると思います。
ちょっと,しばらく様子をみても回答が得られない場合は、この会話ページに移動した旨をお知らせすることになるでしょうか（そこのところ、本当にそれで良いのかちょっとわかりません）。
それなり,[[ウィキペディアン]]として上の一応[[利用者:Suisui|Suisui]]共々（彼の方が私より永いですので経験という点で対等では無いですが、）それなりに永くいるものです。
いささか,ないしは他の記事を見ておられるのか、いささか心配になってこちらに書いた次第であります。
十分,多忙の折、気楽なお気持ちで十分ですので、参加願えればとも思います。
非常に,宜しくお願い致します（性は非常に扱う領域が広いでの、色々な方の参加を願ってこそ、プロジェクトとして形が取れるとも思います。
やや,したがって、Safariでのデバッグはやや入念にやりたいとおもっています。
少し,また、相手が書いているのは「変な意見」なのか「単なる意見の違い」なのか、もう少し[[wikipedia:善意にとる|鷹揚に]]構えてみてはどうでしょうか。
少し,私の会話ページにメッセージを書かれておられますが、失礼ながら少し丁寧さに欠ける言葉遣いです。
非常に,せっかく加筆していただいたにもかかわらず全削除となってしまうのが非常に残念で、お知らせに参りました。
非常に,ただ、インドに関しては、いろいろな方面で、現地語との折り合いが付かず、非常に苦労しております。
あまり,履歴の「その他内容より記載」という含んでおり、ウィキペディア内の引用なのであまり詳細に書いていませんでした。
少し,少しでもご興味がありましたら、簡単なコメントだけでもお寄せいただけたら幸いです。
非常に,::非常に端的で有意義なコメントをお寄せいただき、ありがとうございます。
あまり,見に行ってみたのですが「支持をされていた改名案につきまして、取り消そうとする意見」というのがどの部分かあまりよく分からず、どこにコメントしたらよいのか分かりませんでした。
非常に,ウィキペディア日本語版の運営にも深く関与する理事会の[[:m:Wikimedia Foundation elections/2021/Candidates/ja|候補者]]の選出に際し、投票資格をお持ちの数少ないユーザーの一人であるBuckstarsさんのご意見を反映することは非常に重要だと考えています。
十分,現在ウィキペディアのデータベースがかなり遅い状態で、投稿の反映が数分～数十分程度遅れてしまうことがあります。
かなり,現在ウィキペディアのデータベースがかなり遅い状態で、投稿の反映が数分～数十分程度遅れてしまうことがあります。
十分,そのようなときは再度投稿するのではなく、しばらく（少なくとも数十分）待っていただけますでしょうか。
やや,SF関係は（やや過剰ながら）一通りまとめ終わったのですが、ファンタジー全般についてのカテゴリがまだ整備されていないので、Category:SFの様式にならって、Category:ファンタジーのカテゴリを新たに作り、その傘下カテゴリ（ファンタジー作品、ファンタジー作家、ファンタジーの登場人物など）を体系化しようと考えているところです。
ちょっと,ところで個人的な語感ですが、「ファンタジー文学」というと、幻想文学と同じく何となく格調の高い異郷の作品というイメージがあり、例えば指輪物語のようなハイファンタジーから、神曲・失楽園・イーリアスなど神話伝説を題材にした古典文学作品があてはまりそうで、ハリポタやグインサーガなどは、作品の質とは別次元でちょっと違うのでは、という気がしますね。
あまり,あまり期待しないほうがいいかも･･･ゴルフコースに関する記事は作りたいですね。
すごく,[[:Category:ゴルフ]]の中身もすごく充実してきました。
あまり,つまり、[[コース (ゴルフ)]]は今以上にあまり膨らまないほうがいいと思っていますので、別の記事内に統合されることはおかしいとは思いません。
非常に,神童は、「音楽」「数学」において出現の親和性が非常に高いのであり、なぜそうなのか、という理由も想定できますが、それを記すと「個人の研究発表」の類になるので記さないということがあります。
結構,（カテゴリについては、「人の像」に追加されるのは結構ですが、既存のカテゴリの削除はおやめください。
非常に,カテゴリは、「記事分類の役割」と、「カテゴリを見て、そこから記事を知る」という二つの機能があり、「神童」は、主として後者の意味でカテゴリ設定している非常に特殊な項目です）。
結構,従って、上では「人の像」カテゴリに加えても結構ですという趣旨を記していますが、このカテゴリを追加するのはおやめください。
大変,漫画雑誌カテゴリのノートでより有意義で速やかな議論を行いたいと思いますので、このような話をするのは大変恐縮ですが、何卒ご理解いただきますようお願い申し上げます。
ちょっと,<del>手元のメモを根拠にしているので、確認にちょっと時間をください。
あまり,たびたび失礼いたしますがあまりにうれしいので書かせてください。
少し,技術的な問題かと思い、少し待ってみましたが、まだ見れない状態です。
大変,一人だけでは削除編集は大変でしたよ。
相当,版も相当積み重なっていたわけですし、少なくとも事前に提案をするべきだったと思います。
大変,フライングフィッシュの件といい、大変にお手間をとらせてしまいました。
ちょっと,確かに無名軍人を取り上げるのはちょっとやりすぎでした。
ちょっと,"== ちょっとお願い ==
"
少し,2点目は、あなたが多用されている画像提供依頼用の画像の使用を少し控えていただきたいのです。
非常に,「画像がない」ことは一目瞭然であり、視覚障害者向けの読み上げ式ブラウザを考慮しても「画像がない」という益するところの非常に少ない情報が手に入るだけですから、ブロードバンドであればさしたる問題ではなくとも、ナローバンドにおいては有益であるよりも障害になっています。
あまり,これについては、英語版での用例を初めて見た折に、「あまりにも見る人のことを考えていない発想だなぁ」と感じたのですが、何らあなたに悪意はなく熱心に翻訳をなされる過程で導入してしまったことと推察します。
非常に,せめて、手順は踏んでいただきたかったのですが、この行為に非常に不信感を持っています。
わりと,- などといったように定着し、かつこなれた訳語を用いられた方が望ましいと思われる訳語の選び方をされている記事がわりと見受けられるように感じられますが、訳語の選び方を検討されてみてはいかがでしょうか。
ちょっと,"== ちょっとした挨拶 ==
"
非常に,ウィキペディア日本語版の運営にも深く関与する理事会の[[:m:Wikimedia Foundation elections/2021/Candidates/ja|候補者]]の選出に際し、投票資格をお持ちの数少ないユーザーの一人であるACHAPYさんのご意見を反映することは非常に重要だと考えています。
結構,でも結構気に入らなくてちょこちょこ直してしまうんですよね。
あまり,シリーズ名の方が分かりやすければぜんぜんそれでもかまわないと思いますが，略称はあまり気に入らないんですよね。
大変,大変助かりました。
少し,わたしはどちらの記事名でも問題ないだろうと思っていますが、記事名を変更なされた理由が少し気になるところです。
大変,こんにちは、早速ですが、大変申し訳ないのですが[[架空の猫一覧]]の編集をリバートさせていただきました、該当項目は現在ノートで議論中です。
あまり,天文分野に関しては僕自身も情報源はネットと図書館くらいしかないのであまりお力になれません。
ちょっと,カタカナ転写はちょっと難しいのですが、「ウビイヴォフク」は無難でしょう（他に、「ウビィヴォフク」、「ウビーヴォフク」など）。
ちょっと,ウクライナ語名だとちょっと異なります（「ウブィイヴォウク」かな?
ちょっと,アクセント位置に「ー」を用いることは可能ですが、ちょっと私には今アクセント位置がわかりません（もし必要でしたら来週図書館に行って調べてきます）。
ちょっと,なお、「エレーナ」のウクライナ語名は「オレーナ」で、これまたちょっと異なりますが、愛称形は同じで「リャーリャ」のようです。
大変,大変勝手な話ですが、あなた様がご指摘されたように、あの場所で行う論議では無いと思われますので、是非、私のノートにお越し下さいますようお願い申し上げます。
大変,専門分野ではないので多くの間違いがあろうかと思いますが、West さんによるご丁寧な修正によって記事の体裁・内容ともに良くなったと、大変感謝いたしております。
いささか,最新の差分を拝見しましたが、訳はともかくロシア人宇宙飛行士の表記がいささか怪しいようです。
ちょっと,あの辺の言葉は[[利用者:ПРУСАКИН|ПРУСАКИН]]さんが詳しいので、ちょっと確認してもらいましょうか。
十分,:U.S.S.の由来についてはあの記事の冒頭でも紹介されているので十分でしょう。
ちょっと,黙って改名したのはちょっとやりすぎだったかなと思っていたので、お礼まで頂いてかえって恐縮です。
結構,:{{mpl|(65407) 2002 RP|120}}については、[[:Category:名前のない小惑星|既に日本語版にある他の小惑星]]と同じ形式なのでこのままで結構です。
ちょっと,　小惑星の翻訳についてなのですが、本記事を出す前に５件づつほどまとめて翻訳してどこか中間的なところにアップして、明らかにここは変だろうというのを慣れた人に指摘してもらって、改めて本記事に出したいのですが、ちょっとしたことについて、いちいち第三者意見をつのるのも変ですし、wikipediaの天文関係で気軽に相談できるフォーラムみたいなのはご存知ではないでしょうか。
あまり,:::[[Portal:天文学]]か[[Wikipedia:ウィキプロジェクト 天体]]あたりが該当するんでしょうが、両方ともあまり人いませんね。
大変,取り急ぎリバートを行いましたので、大変お手数ですが、再確認のうえで、編集を再度行ってくださるようお願いします。
大変,このたび出典をあわせて再記載していただいたのは大変喜ばしいことなのですが、捕らえ方によって2通りの解釈があります。
ある程度,既に[[フォーマルハウト]]で御手数をかけてしまいましたが、これを含めWikipediaに不慣れな方の加筆を、私がある程度推敲したつもりですが、記事数が多いため、推敲しきれていないかもしれません。
ある程度,私の方である程度は対処しますが、無条件に全取消しするのも乱暴な気がしており、対処に大変難儀しております。
大変,私の方である程度は対処しますが、無条件に全取消しするのも乱暴な気がしており、対処に大変難儀しております。
ある程度,フィクションに関する記述はある程度の取捨選択が必要だという点については同意しますが、特定の事物に関する項目ではなく、時代に関する項目では作品単位より作中年代順に記した方がむしろ読者の興味を引きやすいのではないかと愚考します。
多少,この問題については、多少繰り返しになりますが、わが国の歴史学、考古学は、残念ながら事実を事実として議論、検証できる、そういう学問的状況にありません。
かなり,その築造年代がかなり正確にわかっていますから、それをもとに記紀の誤りを正し、歴史を見直すべきです。
少し,少し感情的になってしまい、マナーを失した投稿してしまいました。
大変,:::大変失礼しました。
かなり,所詮、デモクラシー優位の共同作業なので、かなりの妥協をするしかないかと思いますけど。
少し,もう少し整った内容を投稿していただけませんでしょうか。
少し,もう少しお待ちになってみてはどうかと思いました。
結構,再移動して頂いて結構です。
あまり,でもあまりゲイリ・ライのことについてあまりよくしりません。
あまり,[[香港]]の関連項目に挙げられたのをきっかけに調べて加筆できるところはしたのですが、あまり多くの情報は得られませんでした。
あまり,あまりお役に立てなくて申し訳ありません。
少し,少しの情報でも、知れてよかったです。
あまり,あまりにも嫌がらせがひどいのでWikipedia外に設置を検討します。
大変,ジャンルがジャンルだけに風当たりの強さは大変かと思いますが、怒りの炎がおさまったらぼちぼち頑張ってくださいませ。
非常に,そこで、これらのIPユーザーは、せくそろじすと氏の分身ではないかという疑いが、非常に濃厚です。
少し,1.登録する前まで少しの間、活動していましたので無関係とはいえません。
ちょっと,2.ログインを面倒くさがって、ちょっとしたことならばそのままIPで編集したりコメントを書いたりしたりすることもあります。
かなり,これらについて、せくそろじすと氏が、IPで投稿したものかどうか、かなりの分量の個性的な発言もあるので、自分の発言か否か、判断可能なはずです。
ちょっと,）のレベッカなんとかという名前で活動し普通にプロフィールなどに本名も出ていたような気がするのですが、ちょっと前にテレビで本名を聞かれたときに「公開していない」「本名が出たら大変な事になる」とはっきり明言していましたし、最近のプロフィールには本名の記載がないか、公開していない旨が書かれています。
大変,）のレベッカなんとかという名前で活動し普通にプロフィールなどに本名も出ていたような気がするのですが、ちょっと前にテレビで本名を聞かれたときに「公開していない」「本名が出たら大変な事になる」とはっきり明言していましたし、最近のプロフィールには本名の記載がないか、公開していない旨が書かれています。
大変,つまり、もし全教皇を奪格表記にするなら「ピウス」→「ピオ」、「グレゴリウス」→「グレゴリオ」、「パウルス」→「パウロ」などすべて直すという大変な手間がかかります。
少し,「[[染色体]]」拝見したところ秀逸な記事になりそうですので、少し手入れをさせていただきました。
非常に,そのため、非常に短い記述だけの記事を新設したり、余り発展の余地のなさそうな話題を扱うページを新設することの是非については、いろいろと議論があります。
十分,せっかく作成して頂いた記事も、内容が十分でないと後になって削除されるようなことになるかも知れません。
ちょっと,最近になって[[Wikipedia:すべての言語版にあるべき記事の一覧]]というちょっと偏ってはいますが基本となるべき項目が挙げられたりしてきていますが、こういったものが充実していくとより使えるものになって執筆していただける方も増えていくかなぁと考えています。
非常に,日本人ドライバーの経歴なんですが、非常に詳しく書かれていて関心します。
あまり,当初、私への219.14.95.19さん、モースポマンさんによるあまりにも稚拙な書き込みがありましたので、話し合いは不可能かと思い、こちらでも一方的に改変させて頂きました。
ある程度,IDを取得すると目立つのでどうしてもたたかれやすいですが、ある程度の責任が生じますので発言等が慎重になります。
かなり,ただ、こちらの意図が伝わっていなかったようで、そのまま219.14.95.19さんがかなりのペースで記事を立ち上げるのでこちらも追って改変していく形となってしまいました。
大変,記事が多くなる前にスタイルを整えたかったのです（あとでの修正は大変ですから）。
大変,また、219.14.95.19さんが精力的に投稿してらっしゃるドライバーの一覧ですが、これも英語表記は不要となります（書くの大変でしょう、でも使う人はそのリンクをたどれば英語表記は出てきます。
あまり,（これについては多すぎてあまりにも面倒なのでそのままになってます。
ちょっと,ちょっと分かりかねます。
結構,いままでドライバーの記事のスタイルが確立していなかったため、219.14.95.19さん達の独自のスタイルを立ち上げるのは結構ですが（むしろ奨励します）、それはあくまでも既に定義されたスタイルに則ってください。
あまり,まず219.14.95.19さん側でこちらに稚拙な書き込みがされる前後ではあまりにも状況が違いますので分けて考えて下さい。
十分,では、他の方から十分な説明がありましたか？
十分,今回の件でこちらの意図することが十分伝わっていないようで、感情的になられているように見えます。
ちょっと,同一人物視されて遺憾な事についてですが、ちょっと時系列が混同されているかもしれません。
ある程度,少なくともこちらが修正を行い初めて、オルギーさんからご連絡頂くまでにはある程度の期間があったはずですが。
かなり,こちらから議論しなかった理由はご説明した通りですので、オルギーさんから最初のお話があるまでかなりの期間が経った理由についてご説明が頂きたいのです。
それなり,それなりの理由がなければ議論まで時間がかかったのはお互い様ではないでしょうかとのことです。
かなり,かなり大変だと思います、スタイルは結構いい加減な方が多いので（私もまだ間違いがあるかもしれませんが・・・）。
結構,かなり大変だと思います、スタイルは結構いい加減な方が多いので（私もまだ間違いがあるかもしれませんが・・・）。
大変,かなり大変だと思います、スタイルは結構いい加減な方が多いので（私もまだ間違いがあるかもしれませんが・・・）。
大変,ゼロから立ち上げるのには大変ですし、下位フォーミュラのデータまでは手元にありませんのでそれで勘弁して下さい。
あまり,記事を作っていただくのはありがたいのですが、あまりにも内容のない記事を多く作るのはご遠慮していただきたく思います。
かなり,スタブ未満の天皇の記事はかなり迷惑です。
かなり,スタブ未満の記事を洗い出す作業と手直しでかなりの工数を割かざる終えません。
ちょっと,無駄なリダイレクトページを増やさないようにするため、頑張ってリンク先を修正したのですが、うまく考えをお伝えすることができず、ちょっと残念です。
あまり,ただし、存在しない記事をリダイレクト先に指定したページを新規作成するのは、直後にその記事を作成するならともかく、あまり褒められたものではないので、今後は控えられた方がよいと思いますよ。
少し,お知らせいただく少し前に自分で気がつきました。
大変,"ウィキペディアは、履歴と著作権に関してだけは守らないと、あとになって大変な作業となってしまったり、その後の加筆が全て失われてしまったりということになりますので、どうぞ、気を付けていただけますと嬉しいです--[[利用者:すぐり|すぐり]] 2005年11月4日 (金) 14:54 (UTC)
"
少し,本題については、この会話ページから上のリンク（井戸端）を見て、前例準拠で削除依頼を出したのは、少し思慮が足りなかったかもしれないと思い始めています。
非常に,非常に読みにくくなるばかりか、意味も通らなくなります。
ちょっと,--ちょっとカチンときて-->ご期待には添えそうにありません。
ちょっと,私はちょっと考えが変わって、ルールは最低限の縛りだけであとは自己流、でやった方がいいと思います。
あまり,:Ryoさんの投稿記事と私の趣味はあまりかぶっていないので（『[[ふしぎ遊戯]]』とか『[[天晴じぱんぐ]]』などは読んだこともない）、あまり書けることはありませんが、加筆できるだけはやってみます。
ちょっと,--管理者への立候補についてですが、管理者は、ちとアレなブロック対象者から絡まれたり、某所で行動を逐一ヲチされて揚げ足取りや挙句は萌えキャラ化までされたりするので、ちょっと管理者は御免だなというところがありまして、すみませんが辞退いたします。
かなり,:フランスはかなり凄まじいオタク大国だそうですね。
結構,他言語版オタク記事の一覧がどこかにあったと思いますが、仏語版には日本語版にないオタク記事が結構あって驚いたことがあります。
結構,読まれた後は、この書き込みを消していただいても結構です。
あまり,[[ノート:日産・プリンスロイヤル]]においても「ヤフーからリンクが貼られているというのにこれじゃ恥さらしだ……」といった同様に余分な発言をなされていますが、正直なところ、多数の人にとってあまり見ていて気分のよくなる記述ではないように思えます。
かなり,プリンスロイヤルのノートは、ヤフーのニュースで見て参考ページとしてウィキペディアの項目がリンク張ってあったので、どんな内容かなと見てみると、ニュースの文言とかなりの部分一致する記述が見られたので、「まずいこのままではウィキペディアへのリンクを踏んだ人が見てしまう」とあわてて削除依頼に出したものです。
やや,"その記事も、改稿されて同一性がややこしくなってますが……--[[利用者:Charon|Charon]] 2005年9月1日 (木) 11:19 (UTC)
"
十分,固有ジャンル「～のRPG」という情報は、本文中冒頭で触れられているので十分でしょう。
やや,テイルズファンとしてはやや複雑ですが、ここは百科事典なので、そのほうがいいです。
それなり,とはいえ、管理者が手不足なのは事実なので、いつになるかは未知数ですが、知識にそれなりの自信がついたら検討してみます。
いささか,現在、賛成3名ですので、いささか賛成人数が少ないと考えております。
少し,少し小さなものにしました。
少し,3000円と少しですが、貴重で重要な本ですので、お知らせいたします。
大変,要はリストを一から作成するのは大変だから既に誰かがまとめていればそれを利用すればよし、ただしきちんと確認し、必要最小限の情報を使うように…ということです。
相当,（ひょっとしたらご存じないかもしれませんが）[[Wikipedia:ウィキマネー]]での依頼に相当しますので、ささやかですが、ウィキマネー2ウィキをお支払いいたします。
あまり,あまり商売の分野を広げすぎず、本当に得意な分野の経営に特化する。
とても,営業マンの話を聞いていると、顧客のところに足を運ぶ回数が増え、そのうえ人員が削減されたこともあり、担当区域の得意先をとても回りきれないという悲鳴が聞こえる。
十分,:したがって、リンクを公式サイトなどのみに限定することは、WWW上の百科事典という特性を十分に発揮しきってないと思います。
あまり,あまり本文が白紙に近い形ですと見た方がかえって分かりづらくなり、リンクのみを張っておられるとリンク集のようになるおそれがあり、百科事典としての品質が問われる事になります。
結構,::外部リンクを張りまくる事は結構かもしれませんが、その辺も理解してください。
少し,もう少し十分な知識を得てから記事を起こすようにするとか考え直されていた方がよいかと思います。
十分,もう少し十分な知識を得てから記事を起こすようにするとか考え直されていた方がよいかと思います。
結構,取りあえず、あなたの返事を読みたいので、こちらのページで結構です。
あまり,位置のことですが、あまり気にしないでください。
大変,いつも大変お世話になっております。
若干,[[ノート:孤児院]]にSketchさんがコメントされていた点について若干コメントしましたのでご覧頂ければ幸いです。
大変,また、ご丁寧なお知らせをいただき、大変助かりました。
かなり,CUあり、家族での同一IPからの投票あり、オープンプロキシからの投票ありと、かなり揉めました。
大変,:もし、そのようなルールを正式にご提案なさることがありましたら、お手数ですがお知らせいただけると大変嬉しく思います。
少し,なお変則ですがお知らせのため削除テンプレへの置き換えは少しあとにしたいと思います。
大変,大変失礼しました。
少し,もう少し新聞などで調べてはみますが、とりあえずは「シロウロカンボス」で良さそうです。
かなり,『日本地名小辞典』（『日本の地名』巻末付録、鏡味完二、角川書店、1964年）がいま手許にありませんので、同書があるとかなり充実できます。
ちょっと,いつか加筆いただけたうれしいですが、私も図書館まで行ける機会がありましたらちょっとチェックしてみたいと思います。
かなり, ただ、一般論として、国語辞典の執筆者というのは国語学者であって、国語学以外の各専門分野に（とりわけ[[社会的少数者]]論や[[クィア理論|クィアスタディーズ]]のようなマイナーな分野に）とくに明るい人がいるとも想定できませんから、私が挙げたような特定分野の専門書にくらべれば、特定分野に関する典拠としての価値はかなり低いと思います。
非常に,:ただし、上にも書きましたとおり、付帯状況が非常に重要ですので、「 ''…こともある。
やや,::であれば、やや補言しなければなりませんので、以下に追記することにいたします。
ちょっと,::──私もそうですし、おそらくザンザザーンさんもご経験がおありではないかと思うのですが、一般に、「ちょっと知りたいな」と考えてウィキペディアを開くとき、斜め読みで済ませてしまう場合が非常に多いかと思います。
非常に,::──私もそうですし、おそらくザンザザーンさんもご経験がおありではないかと思うのですが、一般に、「ちょっと知りたいな」と考えてウィキペディアを開くとき、斜め読みで済ませてしまう場合が非常に多いかと思います。
非常に,::そもそも、この件について1行や2行でフェアに記述すること自体、非常に困難なことなのであり、したがって、どうしても冒頭において略称についてふれたいのであれば、「略称については呼称節を参照のこと」などと誘導するにとどめるしかないのではないか、と私は考えます。
相当,::イタリア語についてですが、「～に相当」と書かれたのは、起源を等しくするという意味でしょうか。
ちょっと,前者なのでしたら、ひととおりはその経緯などを書いておかないと、ちょっと読む人には了解しきれないんじゃないかな、と思います。
ちょっと,"そこでとりあえずイタリア語の場合はe,oに関してはその基準でいけるという事で例として挙げた方が親切かなあという思いでつけ加えたのですが、ちょっと余計な配慮をしてしまったかもしれません、なぜ、フランス語でなくイタリア語？"
少し,時間があれば今後も翻訳も少しでも出来たらとも思っていますし（それなりに長いものは難しいかもしれませんが）、これからも言語関係中心になりそうですし、こちらこそよろしくお願いします。
それなり,時間があれば今後も翻訳も少しでも出来たらとも思っていますし（それなりに長いものは難しいかもしれませんが）、これからも言語関係中心になりそうですし、こちらこそよろしくお願いします。
あまり,冒頭文があまり長くなっても問題でしょうし、上記 2. の問題についても、「第一に人を指す意味、第二に同性愛そのものを指す意味」的な順序になっていれば、まあ落しどころなのでしょう。
非常に,[[ノート:後天性免疫不全症候群]]においてのぎゅうひさんのお話は、問題の解決に非常に有意義であると私は思っており、説明を続けているものの一人として心強く、感謝をしております。
すごく,:そのように言っていただけるとすごく励みになります。
非常に,:話の流れを読むのが下手で、また多人数の討議が下手で、ついつい一対一の対話に持ち込んでしまう癖があり、ウィキペディアでは非常にオーガナイズされたみなさんの議論を拝見しつつ肩身の狭い思いでもおりましたが、私の持ち味を殺さず、できる範囲のことをやっていければと今では思っております。
あまり,森へのリンクを修正しているとき、あまり意味のない（本題とあまり関係ない）森へのリンクが多いなぁと思っていました[http://ja.wikipedia.org/w/index.php?
少し,少し落ち着きましたら、また言語学の方にも顔を出そうと思ってますので、よろしくお願い致します。
非常に, たいへんな量の作業と心労を注ぎ込まれてきたことと思いますが、それらがひとまず徒労に終わってしまったこと、非常に残念に思っています。
非常に,:今回の案件では主執筆者が非常に攻撃的かつ悪辣な態度を示したこと、また議論の参加者になぜか匿名（IP）利用者が非常に多く、彼らが議論の主題から離れたところで異口同音に論調を形成してしまったことが特徴でした。
それなり,また、彼自身が誇示しているように、それなりに優秀な執筆実績を持っていることも暴言や対話拒否といった方針違反の免罪符となっていますね。
ちょっと,あれは問題だろうと思っていてもちょっと手を出せない利用者が多い所以です。
非常に,ＬＲさんのご尽力のおかげで非常に読みやすくなりました。
結構,"ご都合がつきましたら結構ですが前回のようにデザイン面を
"
少し,議論に加わらずに解除後すでに書き換えを行っている人もいるようなのですみませんが少し急いでいただけますか？
十分,あと、下記URLの作品データは最近見つけたものなのですが、シンプルにして十分という印象を受けましたので、もしよろしければご参考までに。
十分,しばらく前に[[アスキーネット]]を作成したのですがまだまだ不十分ですので気が向いたらば加筆して下さい。
かなり,また、今回はご要望どおりトランペットの記事を一瞥して歴史の項を一部直しましたが（「F管のソプラノ」はかなり無理、そんなものを作ったらまず「ソプラニーノ」）、基本的に編集参加の強要と編集権の放棄の択一などには応じられませんし、あなたの編集が改変されることを望まないなら、あなたはそもそもwikipediaに参加するべきではありません。
かなり,#私のwikipedia活動はかなり繁閑の斑があります。
とても,その美的センス自体は理解できますし（理解してましたし）、記述方法の不整合が気になるというのはwikipediaに携わる上ではとても役に立つ重要な才能です。
大変,:大変説得力のある御意見をありがとうございます。
十分,私の編集履歴を洗われたなら、[[ノート:教皇]]での中立を履き違えた根拠ない優越感に基づく不必要なイジメはご存知と思います（「よう○○、お前と昔××だったんだってな、んじゃ一生××で十分だよな」）。
とても,実は、（お気づきでしょうが、）私自身wikipediaに来てほぼ最初にやったことは「俺達は改革教会だ、カルビン派なんて言う奴はトーシロだ、判ったか」と、おかしな事になる前に一喝することだったんですが、私のその主張にはとてもじゃないけどアレほどの裏づけを持たせられなかったですよ。
非常に,:「面白くなかった」かというと、少々微妙でして、非常に迷っていたというのが本当のところです。
あまり,「ギリシャ正教とも呼ばれる」と自らを紹介する事にあまり抵抗が無いのもここに一因があります。
大変,「自称尊重」の原則についてのお考えに大変説得力を感じた次第です。
大変,ただし、1～2名でそれを行うのはなかなか大変な状況です。
かなり,::非球面自体の有用性は判りますが、研削加工で製造となると、かなり限られた分野だと思うのですが。
あまり,VISA TOUCHは私もいずれやろうと思っていましたが、あまりにもリンクしているページが多くて、躊躇していたものです。
非常に,そのため、非常に短い記述だけの記事を新設したり、余り発展の余地のなさそうな話題を扱うページを新設することの是非については、いろいろと議論があります。
十分,せっかく作成して頂いた記事も、内容が十分でないと後になって削除されるようなことになるかも知れませんので、できるだけ、量的、内容的にまとまりのあるものを書いていただけるよう、お願いできますでしょうか？
大変,国番号については二転三転情報が錯綜していたので、不要になって大変さっぱりしました。
ちょっと,ちょっと多用中で、反応が遅くなりました。
結構,ハンドルの誤記は気になさらなくて結構です。
かなり,:記事 1. は、日本語版の翻訳らしいので、出典とは認めがたいのですが、かなり以前から修正はされていません。
あまり,なお、多くの方からのコメントはあまり見込めない可能性がありましたので、予めコメント依頼は済ませております。
とても,: まず、ムカイさんのとても慎重な議論の進め方に感謝いたします。
非常に,ウィキペディア日本語版の運営にも深く関与する理事会の[[:m:Wikimedia Foundation elections/2021/Candidates/ja|候補者]]の選出に際し、投票資格をお持ちの数少ないユーザーの一人であるKazovさんのご意見を反映することは非常に重要だと考えています。
結構,もちろん結構です。
大変,大変失礼致しました。
十分,Firefox の開発用 FTP サーバ ( ftp.mozilla.org ) とリリース用 FTP サーバ ( releases.mozilla.org ) に一切存在しないことを十分確認した上で編集しております。
かなり,小田急電鉄であなたが書かれている件について、かなり粘着質に記されておりますが、どういった理由でしょうか。
少し,リダイレクトになっているのがご不満であれば、少しでもいいからきちんと内容をつけましょう。
結構,取りあえず、[[ノート:ロマンスカー]]で結構です。
結構,仮に署名の仕方が分からなければ、<nowiki>~~~~</nowiki>と文末に書き添えれば結構ですので。
相当,そういう意見の者もいる程度は実際いるのであれば残して相当です。
結構,その場合、こちらで結構ですので。
かなり,モグラ目に比べるとかなり見劣りしてしまいますね。
ちょっと,ウィキでメッセージをいただいたのはこれがはじめてで，ちょっと興奮しています。
あまり,従来はあまり広く認められていなかった分類法が、遺伝子研究によって実は正しかったと認められたり、以前はシノニム（異名同種）であったものが、新しい分類群名に採用されたりと、古い・新しいの判断も、一筋縄では行きません。
十分,間違いをおそれて書き込みを躊躇していても、この強みが十分に生かされません（ただし、すでにある記事を書き換えるときは、新しい記事を起こすとき以上に慎重さを要するでしょうが）。
ちょっと,お手伝いをしていますが、私はちょっと力不足なので、もしよろしければご協力いただけると大変助かります。
大変,お手伝いをしていますが、私はちょっと力不足なので、もしよろしければご協力いただけると大変助かります。
ある程度,ある程度知識のある読者なら間違いに気づくでしょうがとの発言となった根拠をお示しいただけないでしょうか？
少し,<br/>ところで、Wikipedia のノートページは、（決して知識や手持ち資料の多寡を競い合うための場でないことはまあ当然として、）本文記事を少しでも正確で明快で有益で愉快なものとするための話し合いの場である（に違いない、よね？
かなり,この度は「Actinopterygii→Osteichthyes」の件で、かなりの記事を修正いただきましてありがとうございました。
ある程度,少なくとも、ある程度の議論の末にコンセンサスの形成が図られるべき問題ではないか。
少し,現在、[[サル目]]関係に少しずつ着手しているのですが、いくつかご相談があります。
とても,これによって、哺乳類の50音リストが自動的に生成するため、検索時にはとても重宝していました。
大変,今回、件のユーザーにリストが壊されてしまったため、大変困っています。
あまり,<br/>おっしゃるとおり，「哺乳類」のカテゴリに50音リストが自動的に生成される便利さは非常によくわかるのですが，一方で，今後哺乳類各種の項目化が首尾よく進展したときに，あまりにも大きなカテゴリとなってしまいそうなことが気になります。
非常に,<br/>おっしゃるとおり，「哺乳類」のカテゴリに50音リストが自動的に生成される便利さは非常によくわかるのですが，一方で，今後哺乳類各種の項目化が首尾よく進展したときに，あまりにも大きなカテゴリとなってしまいそうなことが気になります。
大変,私の期待（[[日本の哺乳類]]への加筆）以上の事をしていただき、大変感謝しております。
ちょっと,「[[auシカ]]」の性格設定には「気は優しく臆病」とあり、[http://www.okitour.net/Column/aka/ こちら]のツアーサイトの記事では、沖縄の「シカァ」（臆病、間抜け）という言葉と動物の《鹿》と関係があるか否かは「定かではない」としていますが、もしも慶良間のシカ（ケラマジカ）のイメージからそういう言葉が生まれたのだとしたら、ちょっと面白いと思いました。
大変,大変古いことなのでご迷惑かとも思いますが、ご容赦ください。
かなり,記事作成に当たっての、数々の参考文献の参照も、かなりご負担が掛かったのではないかと、「イヌの起源」を拝見して思っております。
少し,おそらくは僕の手許にあった資料のどれかに従ったものでしょうが、少なくとも、最近改訂のあった東海大学出版会の『日本の哺乳類』の配列とは、少し違っていますね。
ちょっと,では、目の配列もちょっと考えてみますね。
ちょっと,ちょっと考えてみますね。
非常に,非常に気になるところなので、このような和名が宛てられた経緯について資料等があれば、教えてくださると幸いです。
ちょっと,慣れないことなので、ちょっとまとめて時間が取れるときまで待たなければならないかもしれませんが。
かなり,また、要望点に応えるため、かなり大幅な章の組みなおし、節名の変更、文章自体の改変などを行っております。
少し,作成してから少し時間が経っていることもあり、意外な展開に少し驚きました。
とても,「良質な記事」にふさわしいとはとても思えませんが、審査側のご指摘に応じていろいろと手直しをいただいたとのこと、重ね重ね感謝いたします。
かなり,<br/>審査で受けた指摘や Hare the Hatter さんにいただいた修正については、まだチェックできていないのですが、何分、記事が私の手を離れてかなりの時間が経っていますし、整理不行き届きで、手許に見当たらない資料も少なくありません。
相当,私見ですが、Laika なる語のロシア語での本来の原義（犬種名となる以前の）が、記事にあるとおり barker（吠え屋≒“ワン公”）であったとすれば（現行記事にも「字義的には日本語のワンちゃんに相当する」とありますが）、少なくともこの点は、おっしゃるほど「つじつまの合わない」話でもなかろうと愚考いたします。
ずいぶん,「好奇心 on the web」の記事にあるとおり、クドリャフカに関する記述は、元々、ずいぶんと混乱していたようです。
少し,犬種ですが、雑種である以上「犬種」は特定不可能で、「ライカは雑種」が正しく、どの犬種が混ざっていたかは、ライカが宇宙に散った今となっては写真を手がかりに憶測を重ねる以上の事はできず、これにこだわった所で正確性の向上に結びつかないとは感じますが、サモエドの写真を見る限り、ライカは少しも似てないなと思いますので、サモエドに言及しないほうが良いと思います。
ちょっと,ロシア語はやたら変化する言語ですが、「指小形」という日本語とは異なる概念があり、たとえばКудрявкаが「巻き毛ちゃん」になるのも、-каという愛称語尾がついて、可愛い、小さい、親しいという意味の女性名詞に変化させるものなので、「吠え屋」では「違うだろ」というレベル、“ワン公”でも「ちょっとなぁ」ですね。
やたら,ロシア語はやたら変化する言語ですが、「指小形」という日本語とは異なる概念があり、たとえばКудрявкаが「巻き毛ちゃん」になるのも、-каという愛称語尾がついて、可愛い、小さい、親しいという意味の女性名詞に変化させるものなので、「吠え屋」では「違うだろ」というレベル、“ワン公”でも「ちょっとなぁ」ですね。
ちょっと,実際はКудрявкаは「本当の」ではなく「最初の」名前で、打ち上げ当時から今に至る「本当の」＆「正式な」名前はЛайкаだというのが、ちょっと調べただけで判ります。
ちょっと,ライカという犬種もあるが、この犬に関してはライカは名前として用いられており、」「実際はКудрявкаは「本当の」ではなく「最初の」名前で、打ち上げ当時から今に至る「本当の」＆「正式な」名前はЛайкаだというのが、ちょっと調べただけで判ります」というご指摘については、まさしくおっしゃるとおりだと思います。
ちょっと,</B>」とのご連絡を受け、ちょっと困惑していたところでした。
ちょっと,おっしゃるとおり、「ちょっと調べただけで判る」ことなのに(笑)！
大変,ご迷惑をお掛けして大変申し訳ありませんでした。
かなり,[[GFDL]]に縛られているのでWikipediaではかなり著作権に神経を尖らせております。
大変,Ryun314さんのように執筆にご協力いただいた方にこのような嫌疑がかけられるのは私も大変申し訳ないと思っております。
結構,(ご一読なさったなら、小生のこの文章を削除して結構です。
かなり,署名し忘れてましたね・・・京都・奈良の文化財だけ特別扱いしたアメリカの姿勢はかなり問題ありです。
ちょっと,ちょっと本来のゲーマー属性発動中で、執筆を一時中断中。
少し,しかしまだ、マチルダ歩兵戦車と、巡航戦車セントー・クロムウェルは書く予定なので、「Mk.~」を消してしまって、かえって分かりにくくならないか少し心配・・・[[巡航戦車]]・[[歩兵戦車]]を見ていただくと分かりますが、始めは「Mk.~」が正式名称でした。
非常に,ところで、[[タイ王国]]の履歴を見てもらえば分かりますが、最近どうしても親日国家という言葉を入れたがるIP利用者が居り、非常に困って居ります（笑。
やや,IPの編集者ですと、他の投稿履歴を参考に出来なかったり、相手がアクティブな間に会話ページに書かないと伝わらないという問題がありますから、いろいろややこしい判断も必要で、保護やブロックによって気付いてもらうということも方法としてはあると思います。
あまり,ただ、今回のように、投稿履歴が全くなく、議論の意思もあまり感じられないIP投稿者（後述するように、Good FaithをAssumeすることもむずかしいと考えていました）への説明について、テンプレを使用せず、丁寧に説明するほどの労力を使う気にはなれませんでした。
十分,そもそも今回の場合はテンプレが私の伝えたいニュアンスには必要十分だったということもあります。
少し,」とするのは少し飛躍しているのでは、と思われました。
相当,また、荒らしについての判断ですが、私は今回のものは白紙化に相当すると思いました。
かなり,１文程度の削除というだけに留まらず、節全体を削除する、というのはかなりインパクトがありました。
十分,ソースの付いたテキストを、議論や編集内容の要約もなく削除する、というのは、Good FaithをAssumeできない十分な理由になりませんか？
ちょっと,IP編集者の中には普通に議論したり編集作業を共同してやったりする方も当然おられ、そういう方の権利が保護されるべきなのは当然ですが、単発のIP編集まで過度に権利保護するのは、それはちょっと違うのでは、と思いました。
若干,"--[[利用者:Corruptresearcher|Corruptresearcher]] 2007年11月5日 (月) 21:24 (UTC)（若干修正--[[利用者:Corruptresearcher|Corruptresearcher]] 2007年11月5日 (月) 22:25 (UTC)）
"
ある程度,節のまとまりとして除去する理由は、既にコメントの中で書いている通り、いくらかは考えられます（それに同意するかどうかはわかりませんが、ある程度理解できる、というようなものですけれど）。
十分,<nowiki>--~~~~<nowiki>」で十分だと思うのです。
少し,ただ、まだ少しご理解いただけていないと思うのは以下の２点です。
若干,２点目については若干まだ腑に落ちない点があります（単発のIP編集者に手厚すぎるのでは、という点）が、先のコメントで例示された表現を使うことにやぶさかではありません（あえて別な表現をする理由は私にはありませんので）。
若干,そういう意味では、私の会話ページではなく、当該記事のノートページで議論された方がよかったのでは、という気も若干いたします。
非常に,トゥーンレンダリングのことが非常にわかりやすくなって素晴らしいです！
ちょっと,思うところはなくはないですが、もうちょっと落ち着いて考えられる余裕ができたら、意見表明したいと思います。
ちょっと,もともとが西日本なんで、地元の人がどうとらえているか、ちょっと分かりかねるんだけど、郷土史研究家のような人は多いんですよね。
とっても,田原は、トヨタの車の積出港で、アウディの荷揚げ港でもあるので、もちろん、スズキ、ホンダなどもですが、市の財政収入がとっても大きいし、企業からの寄付もあるようです。
とても,とてもうれしいです。
少し,私も少しずつ勉強していくつもりですが、Mishikaさんが提示する資料がどんなものか、とても興味があります。
とても,私も少しずつ勉強していくつもりですが、Mishikaさんが提示する資料がどんなものか、とても興味があります。
ある程度,そりゃあ[[韓国起源]]に書いてあることはある程度そうだし、最近の韓国人が日朝交流史を説明する際にいちいちの事象に極端な付会を行って「韓国が日本に文化を伝えてやった」とする史観は率直に不快です。
少し,当サイトのガイドラインもさることながら、中立的な視点とは詰まるところ地道な実証の積み重ねで少しずつ近づいていくものと私は思っています。
ちょっと,まさかわが身にブロックが関わるとは思わず、ただいまちょっとビクビクとしております。
すごく,:しかし、teesは豊橋市か田原市（の一部）にしか展開していないわけで、我が家から程近いところに荒らしの犯人がいるということなのに、こちらからはなかなかわからないというのはアナログ脳な私ではすごくやきもきしてしまいます。
ちょっと,近いですね・・FM豊橋もアンテナをちょっと上げれば聞こえます。
少し,[[明]]末の歴史をwikipediaで読んでいて、[[鄭成功]]はあるのに[[呉三桂]]がない、というところから用語の追加に少し取り組んでいました。
非常に,歴史には昔から非常に興味があります。
非常に,:あと、活字本もでていて利用しやすい資料としては、西蔵志、西蔵図考、衛蔵通志、西招図略など非常にたくさんありますが、いずれも１７２４年の「雍正のチベット分割」以降の編纂のばかりであり、著者が直接見聞した事項についてはともかく、「西蔵」そのものの領域については、古い物をなぞっているだけの印象があります。
ちょっと,ちょっと違うのですが、1900年に張之洞が「満州」改革についての文章を劉坤一とやりとりするのですが、その地域概念があいまいだったり、対象区域を表す呼称として「満州」「遼東」がぶれながら登場します（遼東なんて、ほんの一部地域に過ぎないのに）。
大変,大変興味深く読ませていただきました。
大変,たしかに死に票が多く、落としどころは大変そうですね。
ちょっと,もうしわけない、ちょっと時間がなかったもので。
ちょっと,日本の戦国時代では籠城戦の指揮を行った女性（多くは城主婦人）の話がいくつかありますが、正史『三国志』では私の記憶の限りではありませんし、お国柄からもちょっと考えづらそうです。
やや,やや唐突で、私自身の投稿に落ち度があったのではないかとあわててしまいます。
結構,正史だって、時の権力者の意向で抹殺された事項も結構あるんですよ。
ちょっと,ま、ちうちょっと柔軟な頭を持ちましょうね。
非常に,[[田原市]]などですが、[[特別:Contributions/220.214.178.243|Contributions/220.214.178.243]]を見ますと、転載と暴言によりブッロクされております[[特別:Contributions/221.119.55.132|Contributions/221.119.55.132]]に非常に良く似ております。
ちょっと,内容からちょっと知恵をつけ始めた中学生くらいかなとは思っていたのですが、それはまずいですね。
かなり,かなり参考になりますよ。
結構,私も、大学時代の専攻が三国時代というわけではないので、結構苦戦しております。
大変,大変ごもっともなことをおっしゃっていると思いますよ。
多少,シェーラさんも言葉が過激すぎますが、Aboshiさんも多少やりすぎだと思います。
とても,こういったご心配とご意見をちょうだいし、とてもうれしく同時に恥ずかしく思っております。
多少,それと崋山関係の史料も多少、引用しました。
ある程度,その約束を守ったことや、そして崋山と二人三脚で改革を行なったことが、ある程度は名君として評価されていました。
かなり,何度も言いますが、かなり前に本を紛失しており、覚えてないんです全く。
かなり,しかもかなり前に。
非常に,消されてしまうのは非常に残念なので、どうにか特定版削除でいけないかと思っているのですが、どうも難しいようです。
あまり,あまり踏み込んだことのない分野でしたが、それだけに注意すべきでしたね。
大変,</BR>今度のことで、なんと言うか執筆のやる気を殺がれていたところでしたが、Aboshiさんが味方してくださったことは大変嬉しかったです。
あまり,2chの方で見た書き込みを見て、冷静に考えてみるにやはりあまり推奨されることではないと思います。
ちょっと,ちょっと悪ノリだったかな、と反省しているところでした。
ちょっと,らりたさんが相手に忠告しても無視されているという非礼極まりない状況には私としても大いに憤慨するところではありますしお気持ちも分かりますが、だからといって「ちょっと脅しておきますが、そうそう敵を増やさないほうがいいですよ。
ちょっと,うーん…私自身もちょっとすぐに探せなかったのでいけませんが、できるだけ情報を付加してほしいですね（柴田勝次郎氏所蔵だけだと、おそらくどのことか断定できません）。
とても,:と言いつつ、私もまだ「調べている」とはとても言いがたい状態なので、いい参考書などありましたらぜひとも教えてください。
非常に,＞しかし、同年同日同所で秀秋の兄弟2人も死亡しており、暗殺された可能性が非常に高いと思われる。
あまり,　あまりに失礼ではないですか？
あまり,それにしても、きちんと調査もせず、「私、ドルチェットが小早川秀秋の記事を書いた」と決めつけるのはあまりに失礼です。
かなり,:今回はかなり抑えて書いておりますが、読んでいただけましたかね？
大変,:#「日清戦争後　軍は５つにわかれていた」とありますが、大変な誤解を招きます。
あまり,袁世凱のイメージについては実際に撮られた宣統3年ころの写真（[[袁世凱]]のトップにあります）と12年の差があるとはいえあまりに隔たりすぎです。
かなり,私は城郭のことについてはかなりの素人ですが、確かに南側が城外に対してほぼ平面のこの城を「山城」というのかなあという疑問はあります。
非常に,諏訪原城が平城・山城・平山城という分類で山城に該当するなら、非常に似通った構造の新府城・大島城・小山城・岡城などもすべて山城ということになります。
とても,また、金谷町（当時）教育委員会の学芸員さんが山城・平山城・平城という江戸時代初期以来の区分を知らずに諏訪原城を「山城」と分類したとはとても考えられません。
非常に,ウィキペディアでの整合性云々の問題は、はっきり申し上げてNobulariさんが諏訪原城を平山城と分類している先行研究を持ち出さない限り非常に区々たる問題です。
相当,私も相当いやな書き方をしていると思います。
非常に,それと、これが一番重要なのですが、あなたの物言いは私にとって非常に不快です。
とっても,:学生時代、法制史はとってもおざなりにしたところで（社会に出て仕事をしてみて法制が「思いのほか」重要なことを痛感しています）、特に査読依頼まで出て行ってどうということは恥ずかしくてできません。
あまり,決まりきったことがあるわけではなく、一人の研究者の先行研究の概括のみを参照するのもあまり望ましいものではないかと思いますし。
大変,気賀沢先生以外の研究の概括を見つけるのは大変に困難なようですが、記事の厚みが変わってくると思いますよ。
ちょっと,ドルチェットさんなどが相変わらずの記事を量産するのを見ながら、いくつもの記事を小出しに作るより、しっかりした記事を一つしっかり作るほうが本当は積み上げになるのではと思いつつ何もしないうちに、らりたさんがそういう記事を作成されたのを見てちょっと悔しいというが正直なところです。
少し,私も確認不足ですのでもう少し調べなおそうと思っていますが、これでいいでしょうね。
かなり,ここで田原の方にお会いしたのは初めてで、かなりうれしいです。
大変,:さて、ありがとうございます、というか私などの言葉に応じていただけるとは、大変恐縮です。
あまり,テンプレに項目を追加するのもあまりにもゴチャゴチャするので、ま、これでいいかなと、編集を続けている次第です。
少し,少し時間を下さい。
結構,私が編集した項目を差し戻していらっしゃいますが、それは別にあなたの考えなので結構ですが他の部分も編集してますので、差し戻すのは冒頭だけにしてもらえないでしょうか。
かなり,お話しするのはかなりお久しぶりかと思いますが、らりたです。
かなり,という言葉は私が言われたらかなりヘコんでしまうと思います。
少し,もう少し他の言い方をされたほうが良いのでは？
ある程度,また、今回の件でらりたさんが知らないまでも「おかしい」と思ったように、ある程度そのことを知っていると、ある種のカンが働いてきます（実は私も知らないなかったのですが、「夏姫、虞姫、戚姫、薄姫」と並べてみて、あれ、と思って調べてみてわかったことにすぎません。
ちょっと,:ご依頼の件はちょっと難しそうですが、了解です。
ちょっと,見出しがあるから見にくいとはちょっと良くわかりません・・何のために目次が存在するのでしょう。
結構,疑問は残りますが、とりあえずもう結構です。
十分,'''スポーツ選手一覧'''から'''スポーツ選手一覧の一覧'''への移動ですが、'''スポーツ選手一覧'''で十分なのではないのでしょうか？
若干,でも、（おおよそですが）1日以上経過と書いているので、若干フライングでしたね（笑）。
かなり,コメントアウトに関する部分に関してですが（内容的に[[ノート:ハッカー文化]]と重なる事をご容赦下さい）、[[ハッカー文化#生活|生活]]における記述は、かなり雑多なハッカー関連の手記やコンベンション関係の報道記事に散見されるスタイルを抽出して、類型的にまとめてみた物です。
あまり,勿論、あの記述内容があまりに断定的だと言うのであれば、「一部筋からの類型的な物としては」等の条件付にする事に関しては反対する所では在りません。
やや,:: 了解しました、やや「まだ決着の付いていない案件」に対し、[[利用者:K-kazumasa|kaz]]さんが個人的な主義・指向を記事全般に押し付けて回っている気もしますが…折を見て関連項目の議論に参加してみようと思います。
少し,少し前にAphaiaさんの会話ページに質問なさったようですね。
非常に,そのため、非常に短い記述だけの記事を新設したり、余り発展の余地のなさそうな話題を扱うページを新設することの是非については、いろいろと議論があります。
十分,せっかく作成して頂いた記事も、内容が十分でないと後になって削除されるようなことになるかも知れませんので、できるだけ、量的、内容的にまとまりのあるものを書いていただけるよう、お願いできますでしょうか？
とても,"駅記事の画像の投稿は個人的にはとてもうれしいのですが、複数の画像を1つの記事に並べておく場合は
"
大変,title=%E7%89%B9%E5%88%A5:Newpages&limit=500&offset=0 新しい記事]の中から、自分に関わりの多い記事を探している方がたくさんいらっしゃって、そのときに、要約欄に何に関するものなのかが書かれていると大変助かるのです。
結構,「北海道の駅」などで結構です。
相当,なお、削除処理後にこのメッセージを受け取った場合には、[[Wikipedia:削除の復帰依頼]]に出すようにお願いします（相当期間が経過しますと、復帰できない場合があります。
かなり,あなた様が、TV番組の記事についてかなりの本数をお書きになられていますが、「番組表」及び「27時間テレビ」で読者に意図が分かりづらい記事を作成されておりますが、如何でしょうか。
とても,長野市内地下化に際して東急5000系（長電2500系）を大量導入し、一気に不燃化を実現したことに比べれば、3000系（3500系）の導入は、2500系の老朽代替程度の意味しか持たず、長野電鉄にとっての劇的な事件とはとても言えません。
少し,「いま……に勉強です」は日本語の表現としては、少しぎこちないと感じました。
十分,それだけだと不十分な情報であれば、訂正したいと思います。
大変,大変勉強になりました。
非常に,私はWikipediaに対するAnonymさんの情熱とJudentumに対する知識の深さに感服しているので、このたびの処分は日本語版Wikipediaにとっての損失でもあり非常に残念なことだと思っていますが、今回のAnonymさんの行動に関して言えば、管理者の方々に辛辣な皮肉（ある意味Anonymさんのお気持も解りますが）を浴びせた直後に一時復帰を懇願なさる等、何をしようとしておられるのか正直量りかね、少々困惑しています。
ちょっと,それから、Arpeggioさん、ゆきち氏はちょっと問題のある人物ですが、Miyaさんはいい人です。
ちょっと,"== ちょっと ==
"
やや,:ただPan-Worldismというterm自体が英語としてやや不自然に感じたので、Mr. Adlerに問い合わせたところ、あのような返事を受け取りましたので御紹介した迄です。
あまり,すみませんがあまりいい気分ではありません。
少し,少し前にも、別の投稿者名で同じようなことをされてたのではないかと言う気がします。
あまり,禁煙などで項目を立てられますと項目内容にあまりふさわしくない情報となる可能性が大きいと思うのですが。
非常に,そのため、非常に短い記述だけの記事を新設したり、余り発展の余地のなさそうな話題を扱うページを新設することの是非については、いろいろと議論があります。
十分,せっかく作成して頂いた記事も、内容が十分でないと後になって削除されるようなことになるかも知れませんので、できるだけ、量的、内容的にまとまりのあるものを書いていただけるよう、お願いできますでしょうか？
少し,僅かでも価値のある情報とご判断いただけたという喜びと、少しばかりの恥ずかしい気持ちでいっぱいです。
結構,時間を見つけて、英語と格闘してみたいと思います（ウィキメールでも結構です）。
ちょっと,ちょっと躓いてしまったけれど、へこむなよ。
あまり,結構長い間Wikiにあまり参加できていないのですが、それでも構わないでしょうか？
結構,結構長い間Wikiにあまり参加できていないのですが、それでも構わないでしょうか？
ちょっと,（ちょっとしばらくの間、現在の調子が続きそうです）ウィキプロジェクトに参加した事がないもので勝手がわからないのですが、問題がなければ是非参加させていただきたく思います。
ちょっと,マヤ考古についてちょっとお尋ねしたいことがあります。
大変,Shimoxxさんは口分田や職田といった均田制関連項目に良く投稿なされているのでご意見をいただけると大変助かります。
あまり,提案をしている私が言うのもなんなんですが、実は私も「''あまり細かくこだわる必要はないんだけどな''」と感じてはおります。
若干,"--[[利用者:Wushi|Wushi]] 2007年1月27日 (土) 19:39 (UTC)→若干修正--[[利用者:Wushi|Wushi]] 2007年1月28日 (日) 13:22 (UTC)
"
大変,:今回は大変失礼いたしました。
大変,日本史分野に新たな執筆者が登場されたことを大変嬉しく思っております。
少し,こちらももう少し構成を考えたいと思います（仰るとおり、文脈上に[[源氏]]や[[奥州藤原氏]]の台頭を盛り込むのは苦労がいると思います）。
大変,大変に失礼いたしました。
少し,時代区分については、[[ノート:江戸時代]]で少し、私と[[利用者:Kaznov17|萬卯]]さんのやり取りもありますのでご参考までに。
あまり,:以上のことから、「日本の政権ボックス」には日本の歴史における政権の変化を理解する上で有用性があまり認められず、むしろ政権が一方向的に交代したとの誤解を生みかねない危険性が高いものと判断いたしまして、誠に申し訳ないことではありますが、消去させていただきました。
大変,自分には敷居の高い石母田・竹内・安田・戸田・石井・佐藤・高橋・元木etcの諸先生のご所見をわかりやすくご紹介いただき、大変助かっております。
相当,以前に比べて最近は日本史学を専攻している/していたウィキペディアンも相当数ともなりましたし、そのほか優秀な書き手の方も増えてきましたので、心強く思っている今日この頃です。
それなり,鎌倉党なんて、鎌倉に住んでて、鎌倉時代以前の鎌倉の情報収集はそれなりにしているつもりですが、それでも鎌倉党の実態なんてどこにもでていません。
あまり,　というような感想もあまり自身はありません。
少し,:::高橋先生の武士論は、正直、自分には非常に難解であり、とはいえ悔しいのでずっと判ったつもりになってきていましたが、KTMCHIさんサイトの判りやすい解説のおかげで、少しは理解に近づけたような気がします。
非常に,:::高橋先生の武士論は、正直、自分には非常に難解であり、とはいえ悔しいのでずっと判ったつもりになってきていましたが、KTMCHIさんサイトの判りやすい解説のおかげで、少しは理解に近づけたような気がします。
とても,「武士」と「武士団」をちゃんと書き分けられたかがとても心配ですが。
大変,かえって大変なご労苦をおかけしてしまい恐縮です。
十分,「しばらく」が具体的にどの程度の期間を指すのかは、状況にもよるでしょうが、概ね1週間ほど待てば十分だと考えられているようです（重大な案件だと2週間とか1ヶ月になるようです）。
ちょっと,ちょっとした弾みで私も上記議論に些か携わってしまったのですが、あれから二転三転して未だに揉めております。
ちょっと,最近お忙しそうであまり執筆されておられませんが、できましたらちょっと覗いてみてください。
あまり,最近お忙しそうであまり執筆されておられませんが、できましたらちょっと覗いてみてください。
大変,日頃、ウィキペディアの編集、大変ご苦労様です。
非常に,理想的な、というか望外の Objection をいただき、非常に感激しております。
とても,[[レニ・リーフェンシュタール]]に関連して一か月以内に応答したいと言ったのに何か月も経ってしまった今でも応答できないでいることがとても気になっていることもありまして……もっとお時間をいただくかもしれません）。
非常に,誤読（条件反射的な対応）が二つもあり、これには非常に心外に思っているところですが、詳しいお返事はしばしお待ちいただきとうございます。
かなり,なお、現状ではかなり中立的な観点が抜けており、且つ不要とおぼしき記述を多々なされております。
それなり,藤井三方さんは、昨年来、[[Portal:鉄道/加筆依頼]]に駅の記事等多数出されておりますが、最初の依頼からかなり時間がたって、それなりに加筆されているものも多いと思います。
かなり,藤井三方さんは、昨年来、[[Portal:鉄道/加筆依頼]]に駅の記事等多数出されておりますが、最初の依頼からかなり時間がたって、それなりに加筆されているものも多いと思います。
十分,加筆依頼に出された以上は、加筆の状況を御自分で判断され、十分だと判断されたものは適宜除去願います。
非常に,現在の[[Portal:鉄道/加筆依頼]]の内容ではどの記事がどれだけ加筆が必要なのか一般の利用者からは非常にわかりにくく、かえって加筆に手が付けられなくなると思います。
十分,:駅舎全体が写っていないとして除去なさっていますが、私にはこれで十分だと考えます。
あまり,ただ、ikaxerさんが、年末年始に私とやりあった後、あれだけ熱く持論を述べられたのに、なぜ記事編集をあまりなさらないのかということがひっかかっていたことがありました。
相当,私の場合、今年に入ってから、駅情報テンプレートおよび貼付け記事のメンテナンス、色に関するガイドラインの策定、それにともなう記事のメンテナンス等で相当に疲れました。
ちょっと,::ちょっとお邪魔します。
少し,少し言わせてください。
非常に,:自分自身の納得が行く写真を撮影されるためには、皆さん非常に苦労されるらしいですね。
ちょっと,ちょっと不公平ではありませんか。
十分,しかし、今回の場合、前2者の観点から見た限りでは十分であると思われ、また、特に、代替画像もなく、ピンぼけなどの劣悪な画像でないならば、わざわざ写真をはがすのはどうかな、と思うのが感想です。
十分,そのあたりは十分考慮することが必要ではないのでしょうか。
少し,来迎寺駅の駅舎ですが、少し暗くつぶれてしまっているので、補正をかけて頂けると助かります。
ちょっと,今現在Category:漫画のノートでカテゴライズについての話し合いが再開されたところでボクシング漫画というカテゴライズの話は出ていないので、ちょっと気になりました。
若干,若干変則的な選択肢構成ですので、Aの後Cがよい等の形でも構いません。
十分,"Hermeneus氏とKitchener氏は編集時間に重なりがないだけでなく主張も同傾向で十分「蓋然性」が
"
非常に,日本のプロ野球の場合、「日本人扱い」というものが非常に多いということはご存知ですよね？
ちょっと,特に在日コリアンと思われる選手については帰化しているかどうかが分かり辛いのでちょっと難しいのではないでしょうか。
少し,中南米や米国ならば出生地で国籍が決まりますが、日本の場合だと血統ですし、同じ基準で分類するには少し慎重さが必要だと思います。
十分,国籍の如何、あるいは帰化したかどうかということは公にされるとは限らないですし、噂レベルでの書き込みが増えることが十分有りえます。
かなり,まぁ確かに削除すれば済むことですが、かなりネットではそういう噂になっている選手が現実にいますのでとてもパトロールが大変だと思います。
大変,まぁ確かに削除すれば済むことですが、かなりネットではそういう噂になっている選手が現実にいますのでとてもパトロールが大変だと思います。
とても,まぁ確かに削除すれば済むことですが、かなりネットではそういう噂になっている選手が現実にいますのでとてもパトロールが大変だと思います。
ちょっと, 今日になって模倣者が現れていて、ちょっと気になっているところです。
少し,[[Wikipedia:削除依頼/逆差別]]でどこまでの版を削除して、どの版を削除しないべきなのかについて、検討してみたのですが、Hermeneusさんが示唆された意見と少し違ったものになっているように思いました。
非常に,実は私は精神科に通院中であり、病状は非常に重く、心神耗弱時（パニック時）の自分の行動（書き込み）に関する記憶が全く無いのですが、履歴を見ると、常軌を逸した書き込みを行ってしまったようです。
十分,統合する為、依頼を出しましたが、219.66.110.165氏は私のテンプレートでは不十分だと考えておられるようです。
ちょっと,[[連邦]]との分担についてもちょっと現状では機能していないように思いますし。
結構,お暇なときで結構ですので。
大変,大変に不躾なお願いで恐縮ですが、[[:Category:ウィキプロジェクト 劇団四季に参加しているウィキペディアン]]について、Hermeneusさんのご助言を賜れないでしょうか？
かなり,その精神療法には、特異性はありつつもかなりの実績を上げている。
相当,::私は独自調査に相当されると思われる問題箇所を一つ指摘しただけです。
大変,大変憤りを感じる。
大変,大変攻撃的に感じます。
少し,態度がどうのとふてくされる前に、自分が注意された点をもう少し深刻に受け止めた方がいいように思います。
あまり,まだ記事を書かれてあまり日にちが経たれていないようですので不慣れな点があるかとは思います。
十分,十分そういった点などをふまえてお書きください。
大変,大変申し訳ないことをしてしまいました。
ある程度,#既存の一部の駅の解説記事について、内容にある程度の基準を設定し、この基準に達しない記事を削除する案について賛否とその基準の内容について　　[[利用者:藤井三方|藤井三方]] 2005年4月16日 (土) 04:22 (UTC)
少し,お返事も頂かない内から度々お邪魔してしまいますが、少し調べたところ、これらの人物紹介のページは、特定のウィキペディア外部のウェブページからのコピーを含んでいるようです。
少し,ZZZさんはこれまでに色々な分野に興味を持たれ、沢山の記事を執筆されて頑張っておられますが、少しペースを落とすか、十個の記事を書くなら十個分の記事を書く時間を１個の記事に集中して、残り９個は執筆依頼に出してもらえないでしょうか。
あまり,あまり一人で無理をせずみんなで助け合って沢山の記事を作っていきませんか。
結構,::赤リンクをつぶすのは結構ですが、転載はいけません。
十分,その際[[Wikipedia:著作権|著作権]]には十分注意願います。
十分,執筆依頼についても「どこどこ線の駅」と書けば十分に意味が通じるのにダラダラと駅名を並べただけの用を得ない書き方も敢えて異を唱えずに見過ごしてきましたが、こちらに初めてお願いに上がる前に比べれば雑草取りが加わった以外にはあまり変わらないことをされているように感じます。
あまり,執筆依頼についても「どこどこ線の駅」と書けば十分に意味が通じるのにダラダラと駅名を並べただけの用を得ない書き方も敢えて異を唱えずに見過ごしてきましたが、こちらに初めてお願いに上がる前に比べれば雑草取りが加わった以外にはあまり変わらないことをされているように感じます。
とても,あなたの態度は、指摘された事実に真摯に向き合っているとは、とても言い難いものです。
ちょっと,一部の投稿の内容が辞書的であるような指摘が上で見受けられるようですので、ちょっと別の方面からメッセージです。
あまり,*それらの項目を書こうにも、私が書いた千葉県香取郡の駅はGoogle検索であまりヒットせず、調べることができません。
ある程度,:[http://www.mapion.co.jp/ マピオン]に比べて[http://www.chizumaru.com/index.asp ちず丸]は250mの範囲まで、[http://www.its-mo.com/ its-mo Guide]は150mまで表示してくれますので、現地に行かなくてもある程度は確認が出来ます。
相当,ただ、駅記事に限らずGoogle等の検索エンジンだけで記事を書くのは相当無理があると思います。
ちょっと,「成語」でちょっとネット検索をかけてみれば出てきますので、ともかく調べてみてください。
結構,わからないなら、わからないで結構です。
十分,「わからない」と答えていただければ十分です。
かなり,[[利用者:ZZZ|ZZZ]]さんが翻訳を行ったことがあるのならご存知の事かとは思いますが、翻訳というのはただ機械翻訳に通すのとは違ってかなり面倒な仕事です。
ある程度,また、翻訳の対象となる分野に関してある程度の知識を必要としますし、外国語表記の専門用語に適切な日本語訳を探すのに時間がかかることも少なくないです。
あまり,また、Wikipediaでは他人に仕事を押し付けたり急かしたりする行為は他の利用者の時間に不当な制限を加えることに当たり、あまり好まれませんのでご注意ください。
大変,:確かに、私自身が機械翻訳をやったことがありますが、適切な訳語を見つけるのが大変でした。
非常に,ところで話は変わりますが、「話は変わりますが」という言葉は相手の質問に答えていない状態で使うことは非常に失礼に当たりますがご理解していますか？
ちょっと,ただ、ちょっと分かったのは赤リンクの多い路線ということですね。
大変,私には駅や路線全体の何割が赤リンクなのかは知りませんが、一度に全部の記事を書くのは大変なので百科事典の記事として重要度はどの辺りに比重を置いたほうが良いと思いますか？
大変,:::私も機械翻訳にチャレンジしましたが、適切な訳語を探すのが大変でした。
いささか,とお知らせをされておりますが、ご自分で散々されていたことをこのように高圧的に注意されるのはいささか遺憾に思います。
あまり,記事を書かずに[[Wikipedia:執筆依頼]]へ多くの投稿をされていますが、あまりたくさんの依頼を出されると執筆依頼が動かなくなってしまうのでおやめください。
結構,執筆依頼の草取りも結構ですし、新規書き込みも結構ですが、ぜひ、記事の充実にご尽力ください。
かなり,[[日本の信用金庫一覧]]からのスタブ未満の記事をスタブ以上にするのもかなりの成果が出ると思います。
とても,なにかとてもついて行けそうにありません。
あまり,失礼ながら、私はウィキペディアに関してはまだまだ初心者で、あまりここに事についてよく理解しきれていない部分が多数あります。
あまり,それと、姉妹都市の追記に関してはは本文の内容をあまり確かめずに追記してしまいました。
あまり,しかしそれは、ごくたまにしか行われないうえに、ツアーについてあまり詳しく知っていないので、この記載は不適であるのなら記事の移動をよろしくお願いします。
とても,とてもひよこなんてー。
十分,"現状存続2,削除3ですが著作権侵害案件などと異なり状況が改善されたと見て削除票から存続票に変更されれば早期に存続終了となる可能性が十分あると思います。"
大変,大変長引きましてすみませんでした。
かなり,私はいつもあいまいな自分の記憶を頼りに編集活動を行っている点があるため、記事の一部の内容についてかなりいい加減な点がかなりあると自覚しております。
かなり,理由としてまず福知山の地理・地形の変遷を述べる上で必要だと思うことと、この項目の文章の（かなり）大雑把な流れとして「由良川は暴れ川である」→（その理由から）「同市の住民に甚大な被害をもたらす」という風になっております。
少し,これは一例ですが、由良川を編集した後に「''詳しい川筋の変遷などについては[[由良川#由良川と福知山]]を参照してください''」というように、少しずつですがFAT26さんのご意見も踏まえた上でゆっくり気長に追記編集していこうかと思っております。
少し,言い訳がましくて申し訳ないのですが、多忙のあまり返事を書く時間さえままならない状況でしたので、少し突き放すような発言をしてしまいました。
あまり,言い訳がましくて申し訳ないのですが、多忙のあまり返事を書く時間さえままならない状況でしたので、少し突き放すような発言をしてしまいました。
少し,今になって少し反省をいたしております。
非常に,非常にゆっくりですが、良い記事になるように更新を続けていこうと思ってますので今後とも宜しくお願いいたします。
少し,「[[長田野工業団地]]」「[[由良川]]」の内容はあまり膨らんでいないようですので、そちらに少しずつ移行してはどうかなと思っています。
あまり,「[[長田野工業団地]]」「[[由良川]]」の内容はあまり膨らんでいないようですので、そちらに少しずつ移行してはどうかなと思っています。
あまり,Lemさん、私は大麻の記事でアサに変更することで決まり、移動も許されたのですが、あまり差し戻す理由が分かりません？
あまり,悪の親玉は自説に固執するあまりに議論も他人の意見も一切無視しているあなた自身です。
あまり,私はあなたに「丁寧に返答」しなければならない義務も義理もありません、あなたは全ての行動があまりにも幼稚で稚拙過ぎます。
少し,もう少しスッキリした裏技を誰かに教えてもらったような気もしますが、今では思い出せません（し、再現することにも成功していません）。
あまり,というより、こういった瑣末な部分での sty 作業はあまり意識的にやってはいないだけだという方が適切でしょうか。
かなり,管理者さん曰く、そのリダイレクトというのは、どうやらサーバにかなりな負荷を与えるそうなのです。
かなり,これはかなり難しそうな問題ですので、イギリスの記事を書いている方々と相談する必要があるかと思います（繰り返しますがMarchさんにやって欲しいということではありませんので）。
結構,:[[アメリカ軍]]や[[アメリカ空軍]]へのリンクは結構な数があるので、ぼちぼち張替えていこうかと思っていました。
ちょっと,RAFに関しては数カ所で「英王立空軍」と訳してみましたが、王立ってのもちょっと変ですよね。
ちょっと,"ちょっと陸海についてはわかりませんが、やはり世界的にはRAF, RAAFで通っていますしカタカナ表記がいいような気がしますが、どこの国か一見わからないのがちょっと嫌ですね。"
大変,思ったよりconsiderationsが多くて大変です……。
ちょっと,かといって、外国語をそのままカタカナにすると今度は表記揺れの問題が…想定されるすべての表記をリダイレクトにするのはちょっと嫌ですし…。
結構,::monobook.jsは自由に使ってもらって結構です。
結構,よく使うページを入れておくと結構便利ですよ。
かなり,[[イギリス]]が最たるものですが、[[ブリスベン]]とか[[ロールス・ロイス]]みたく、原音とは違うけれどかなり定着しているものならまだ諦めがつくんですが、ビミョーなやつはどうしたもんかと……。
あまり,ja.wpの翻訳依頼が、あまり活用されていないように思い、ノートページで運用改変を提案しています。
かなり,</strike>日本語版のことでしたら、日本語版はかなり前から管理者でないと編集できないようになっています。
かなり,ただ、ウィキペディアには[[Wikipedia:中立的な観点]]という方針があり、あのままではかなり中立性を欠いた文章になってしまいますので、よろしかったら改訂にご協力下さい。
非常に,: うーん伝統的な日本の症候学の体裁をとっていることはわかりますが、非常に分かりにくいね。
非常に,国立がんセンターの、人間の体の絵の一部をクリックするとそこにおこる癌の説明ページに行く、というスタイルは非常に素晴らしいがこれだと著作権以前に盗作になってしまいますね。
非常に,BAZIANさんが前向きに検討して下さっていらっしゃる様に伺えまして、非常に頼もしく存知ます。
少し,私は他人の編集に大きな変更を加える場合にはノートページで変更の是非を問うてからにして居りますが、これはどなたかからお返事を頂くまで待つ必要がありますので少し足が遅すぎるかもしれません。
大変,うーん大変だ。
少し,復帰した後はもう少し丸くなろうと思っています。
ちょっと,以前に私が「[[糖尿病#糖尿病の症状|糖尿病の症状]]」の章に書き込んだ内容は以前に読んだ分権ではっきり記憶に残っている範囲で書いたものですが、ちょっと文献の山が未整理で再チェックに手が回りません。
大変,削除して頂いた後、今度は[[Wikipedia:記事の分割と統合#一部転記]]に沿った形で再度記事を分割して頂けますと大変あり難く存じます。
いささか,ラッキーマザー説というのは大学の授業で聞いた話を思い出して書いただけの、いささか無責任な記述です。
大変,大変遅くなりましたが早速記事を書き換えさせていただきますので、お暇があればまたチェックいただけると幸いです。
ちょっと,ちょっと意味がわかりません。
ちょっと,」も、ちょっと意味がわからないんですね。
ちょっと,"」と聞かれたらちょっと疑問ですけど、他のアルファベット2文字の場合も
"
十分,愚痴をいう時は十分注意するようにします。
ちょっと,ちょっと勉強します。
大変,日頃、ウィキペディアの編集、大変ご苦労様です。
あまり,私としても、信頼しうるデータがあっても、TOPページや「概要」欄に投稿することはあまり好ましくないと思うのですが（特にTOPページ）、Mochi様はどうお考えでしょうか。
あまり,<BR>会話ページなのでぶっちゃけると、本拠地ならまだしも、非本拠地だとあまり野球って話題になっていないと思います。
ちょっと,　さて、ネコを抱いている姿というのがちょっと不自然なのでやや不適切だと思うとのことですが、これは、US版のwikiを参考にしたのです。
やや,　さて、ネコを抱いている姿というのがちょっと不自然なのでやや不適切だと思うとのことですが、これは、US版のwikiを参考にしたのです。
若干,若干変則的な選択肢構成ですので、Aの後Cがよい等の形でも構いません。
ある程度,記事つくるなら、ある程度調べてから作成したほうがいいと思いますよ。
とても,"表情がとても上手く出てて可愛いですね(*^_^*)--[[利用者:空渡り|空渡り]] 2006年2月11日 (土) 03:45 (UTC)
"
ちょっと,:それはちょっとわかりません。
非常に,日本語版側の即時削除にあてはまるかどうかははっきり言って些事ですが、コモンズにライセンスが正しくない状態でアップロードされているという状況は非常に問題です。
十分,一応訂正しておきましたが、もし不十分な点、間違っている点がございましたら、再度の適切なアドバイスをお願い致します。
相当,ただ私自身、軍事関係は相当疎いため、どの自衛艦が「あぶくま」が分からりませんので、無作為に撮影に、もし「あぶくま」がありましたら、ぜひ提供したいと考えております。
大変,:返信が大変遅れてしまい申し訳ありませんでした。
とても,とても見やすくなっており、また内容も分かりやすくなっており、とても感謝しております。
結構,私の性格は「適当」ですので、これからもどんどん加筆・変更して頂いて結構です。
大変,:大変申し訳ありませんでした。
非常に,　  [[若狭湾|若狭湾沿岸]]に[[生息]]している物として、[[舞鶴市|舞鶴]]のことをたくさん書いていただいていること、いつも非常に嬉しく思ってます。
とても,今後の編集活動にとってとても大切な内容が書かれています。
ちょっと,ちょっとした間違いなら、すぐに直して投稿すれば問題ありません。
十分,こういった行為を繰り返されますと、最悪の場合'''[[Wikipedia:投稿ブロックの方針|投稿ブロックの対象とされる可能性]]'''がありますので、今後は十分注意して頂き、同様の行為はお控え下さいますようお願いいたします。
非常に,ウィキペディアには非常にたくさんのルールがあり、煩わしさを感じるかもしれませんが、全ての編集に関わるユーザーが不必要に紛糾を招くことなく編集行動が出来るように定められたルールですので、ご理解とご協力のほど、よろしくお願いします。
ちょっと,きちんと原典を読んでる人がこんな間違いをするとはちょっと考え難いです……。
非常に,そのため、非常に短い記述だけの記事を新設したり、余り発展の余地のなさそうな話題を扱うページを新設することの是非については、いろいろと議論があります。
十分,せっかく作成して頂いた記事も、内容が十分でないと後になって削除されるようなことになるかも知れません。
非常に,そのため、非常に短い記述だけの記事を新設したり、余り発展の余地のなさそうな話題を扱うページを新設することの是非については、いろいろと議論があります。
十分,せっかく作成して頂いた記事も、内容が十分でないと後になって削除されるようなことになるかも知れません。
少し,:[[線形性]]で少し腹に据えかねていたことがあったので、ついやってしまいました。
かなり,線型と線形についてはかなり昔からの議論がありますが、それらを読みましたか？
かなり,その上で移動妨害までしているということはかなり悪質な移動荒らしですよ。
大変,提案をしていただければ大変うれしいことだったのですが、少なくとも現状世界遺産関連のサブスタブは作らないと決めていますので、勝手に作成されないようにお願いいたします。
大変,大変古い画像で申し訳ありませんが、'''[[:Image:Ludwig.jpg]]'''画像（ファイル）に対して出典不明のタグが貼られました。
十分,これからは十分に気をつけるようにします。
大変,前回同様、出典明記の件、大変知らせていただきありがとうございました。
相当,韓国のドラマ関係で、今紫さんは長期に渡って同分野の記事を執筆しておられ、知識も相当お持ちだと思いますので、指針作成時にいろいろご意見をお伺いする機会があるかもしれませんが、その際は何卒宜しくお願い申し上げます。
やや,現代劇の定義で、今紫さんと私との間でややずれがあるようですので補足致しますが、『[[第5共和国 (テレビドラマ)|第5共和国]]』や『[[快傑春香]]』あたりは私は一律歴史劇と看做しておりますので、この両作品 (および同傾向を持つ作品…『[[野人時代]]』もそうですね) に関しては漢字表記でも問題ないと思います。
あまり,"#俳優記事の状況があまりに悲惨なので、記事を作成してそちらに漢字表記を書くのが望ましい (※俳優記事作成を促す)
"
少し,先に今紫さんより賜りましたご意見を踏まえて、もう少し練り直してみるつもりでおります。
大変,大変残念に思いますが、「無効票」に移動させていただきました。
あまり,ただ、td間の幅固定を可変にしている状態ですと、あまりに見難い（個人的感覚含む）と思いましたので、このように一旦戻してしまいました。
いささか,ですから私が単純にテーブル幅可変にしてしまったというのもいささか軽率だったように思えます。
ずいぶん,ウィキペディアに来てからずいぶん経ちますが、編集回数は微々たる物です。
ずいぶん,[[Wikipedia:ガイドブック]]を読んでから、ずいぶん日が経ちますので、また読んでみようと思います。
非常に,数学的に厳密な微分方程式と物理の道具としての微分方程式に落差があるのも事実、非常にデリケートな問題ではあります。
少し,「裏出典」ばかり表示せずに、少しは自分で調べたらどう？
大変,もちろん自分でも調べて見るつもりではおりますが、地元民でありながら武田研究にさほど通じていないのと、地元の図書館ではばっちり郷土資料が揃っているので参照すべき資料を探し出すのが大変そうなので、誰か実証的武田研究に通じた方がおられればという意味で張りました。
少し,少しは自分で調べて下さい。
少し,少しは自分で調べてから要出典を張った方がいいのでは？
少し,:義信事件については、つい地元民としてぞんざい（と思える）な編集に反応してしまったかなと、少し反省しているのですけどね。
やや,:まず、失礼ながら妥当性よりも整合性を優先される考え方にやや疑義を感じます。
とっても,（追記）とりあえずね、君ら2人は[[Wikipedia:個人攻撃はしない]]というガイドラインをよーく読んでね、他人事とはいえとっても恥ずかしいから。
あまり,これ、荒らしに近い行為であると思いますので、あまり不適切であるとは思いません。
十分,わたしは、費やした文章量からして十分に尽くしたと思いますけど、またーりさんは言葉があまりに端的であり過ぎるように思えます。
あまり,わたしは、費やした文章量からして十分に尽くしたと思いますけど、またーりさんは言葉があまりに端的であり過ぎるように思えます。
多少,多少時機を逸した感があるかもしれませんが、この際ですので改めて[[Wikipedia‐ノート:ウィキプロジェクト 日本の行政機関#「○○県庁」か「○○県庁舎」か|ウィキプロジェクト日本の行政機関のノート]]に議論の場を設けました。
ちょっと,慣例化しているのであればあえて反対はしませんけど、けして観光名所に位置づけられていない考古遺跡を分類してしまうことは誤解を生じかねないなとは、ちょっと感じます。
少し,::建築物と観光地の関連のカテゴリを少し調べてみました。
ちょっと,:「カテゴライズを専門に･･･」という方は、ちょっと思い浮かびません。
非常に,山梨県関係の画像は非常に少ない状態ですので、画像の提供はとても有り難く思っております。
とても,山梨県関係の画像は非常に少ない状態ですので、画像の提供はとても有り難く思っております。
ちょっと,「甲斐特有の神名」の意味については、ちょっと私の神道知識が不足していて、この場で説明することができません。
ちょっと,もう一度『県史』を確認した上で改めて説明させていただきたいと思いますので、もうちょっと待ってください。
結構,上でも述べましたが、お手すきの折で結構ですので、よろしくお願い申し上げます。
少し,少しく多忙で返答が遅くなりましたことお詫び申し上げます。
非常に,一方的な乱暴な行動をとってしまい非常に申し訳ないと思っております。
非常に,それほど著明でない人物の事が非常に詳しく記載されていることに目がとまり、不思議に思いました。
非常に,文学的要素は非常に少なく、むしろ「富士山というものが人を引き寄せた」という意味合いが強いように感じました。
少し,必要ないという意見は変わりませんが、そもそもこういう形の削除はルール通りではないのでもう少し会話をしてから戻させていただこうと思います。
とても,近世には甲州街道が整備され甲斐には多くの文人が訪れていますが、そうした背景の中で広重は甲斐側の実景をスケッチし、新たな富士見スポットとして作品を発表しており、これはとても重要なことであると思いますし、「甲斐国をはじめ」と特筆しておくべきであると考えています。
十分,Sablier de Verrie様のおっしゃられる通り、同展はあくまで山梨県側、つまり富士北麓をフィールドとした文学史の集成という趣ですが、「偏り」はその点のみであって、文学史専門の学芸員さんの編集されたものでありますから、十分に参考文献として使用できるものであると考えます。
とても,:Sablier de Verrie様はご不要とおっしゃられますが、近世・近現代に富士山麓地域の交通・保養地としての整備が進み多くの文人・画家が来訪し、そうした歴史的背景の上で富士が文学や美術のモチーフとして描かれることが多くなってきたことは、私はとても重要で著述しておく必要があろうと思いますし、そうしたことを指摘している文献も存在しているのですが、Sablier de Verrie様も本当に不要であるかどうか、再考していただければと思います。
あまり,私があまりよく思っていないのは、でここ様の説明あったように中村星湖氏の「山梨県の地域文芸・郷土研究者として重要な人物」というようなあくまで県としての視点です。
少し,それを踏まえて少し会話をさせていただいた後戻させていただきたいと言っているのに、なぜ繰り返しそれを引き合いにだそうとするのでしょうか？
あまり,それがどういうことなのかというのは、ノート（2010年2月27日 (土) 13:24）の「私があまりよく思っていないのは、・・・別の問題です。
非常に,そのため、非常に短い記述だけの記事を新設したり、余り発展の余地のなさそうな話題を扱うページを新設することの是非については、いろいろと議論があります。
十分,せっかく作成して頂いた記事も、内容が十分でないと後々削除されるようなことになるかも知れません。
大変,大変申し訳ありませんでした。
かなり,なるほど、どうやら近世の目安箱・民間からの政策提言システムとはかなり性格を異にする事例であるようですね。
かなり,（追記）加えて、私は旧竜王町の記事にかなり詳しく竜王町史に関して加筆したことがありますが、リンクが貼られていることで横断的に信玄堤の立地した市町村史を参照することができる重層的な構造になっているものと考えます。
かなり,」の位置の後に脚注として旧竜王町を追加するといったものは[[WP:NOT|関連性の低い記述]]にしかなりません。
相当,立証は①『竜王町史』を参照すると信玄堤に関する相当量の著述が存在する。
十分,信玄堤の所在地は[[甲斐市]]竜王にあるわけですから、それを記載すれば十分でしょう、ということです。
十分,どうしてもリンクだけを残しておきたいのであれば関連項目に記せば十分ではないでしょうか。
十分,コメント依頼を出したのは構いませんが、対話が不十分のまま依頼を提出しても他の利用者が迷惑になるだけだと思います。
少し,廃止自治体の在り方に少し疑問はありますが、信玄堤の記事は竜王河原宿と御幸祭の節にリンクを追加しようと思います。
あまり,それと「旧（自治体名）」という表現を補足的にあまり使用すべきではないと考えてる理由は、自治体の廃止時期がばらばらで記述の統一性がとれないからです。
少し,あちこち編集なさる前に、もう少しこの問題を第三者の意見も交えて詰めて考えてみては如何でしょうか。
とても,とても適切に書かれていると思います。
少し,:準緑さんの信虎期・甲斐乱国時代関係記事の立項は大変ありがたいのですが、『信虎のすべて』以外にも、もう少し関連文献を集めてから執筆したほうが良いようにも思われます。
大変,:準緑さんの信虎期・甲斐乱国時代関係記事の立項は大変ありがたいのですが、『信虎のすべて』以外にも、もう少し関連文献を集めてから執筆したほうが良いようにも思われます。
十分,私も編集に参加したいのですが、甲斐乱国時代の事情は非常に混みいっており、甲斐国のみならず東国情勢全体を理解していないといけないので、なかなか自分の理解が不十分で、躊躇してしまうのですよね。
非常に,私も編集に参加したいのですが、甲斐乱国時代の事情は非常に混みいっており、甲斐国のみならず東国情勢全体を理解していないといけないので、なかなか自分の理解が不十分で、躊躇してしまうのですよね。
少し,でここさんが書かれた[[敷島町]]や[[慈照寺 (甲斐市)]]などの記事で、出典の示し方を少しだけいじりました。
若干,:（追記）あまり言いたくはありませんが、EULE様の質問の文面には若干失礼なものを感じます（「佐藤八郎というのは私も聞いたことのない史家だったので調べたら山梨の郷土史家らしい人物がヒットし、であれば、でここ氏だろうと履歴を探ったら、やっぱでここ氏が追加したものだったので」）、「郷土史家の評価を書くなとは申しませんが」）。
あまり,:（追記）あまり言いたくはありませんが、EULE様の質問の文面には若干失礼なものを感じます（「佐藤八郎というのは私も聞いたことのない史家だったので調べたら山梨の郷土史家らしい人物がヒットし、であれば、でここ氏だろうと履歴を探ったら、やっぱでここ氏が追加したものだったので」）、「郷土史家の評価を書くなとは申しませんが」）。
少し,もう少し、記事の内容について質問されるのならば文面を考えていたほうが、こちらも気持ちよく対処できるのですけどね。
あまり,:それは別に良いのですが、手元の文献で調べてみたところ、信君の「評価」というのはおそらくは勝頼からの「裏切り」をどう考えるかという意味であろうと思うのですが、最近の文献ではあまりこの部分に言及したものが見られません。
かなり,佐藤八郎氏はマイナーとはおっしゃられますが、雄山閣本の『甲斐国志』の校訂者として、武田研究や山梨県郷土史研究の世界では、かなり知名度の高い人物です。
ちょっと,[[四大]]は[[Wikipedia:曖昧さ回避|曖昧さ回避のためのページ]]ですので、[[四大元素]]をそこへリダイレクトするというのはちょっとどうなのでしょう…。
非常に,ウィキペディア日本語版の運営にも深く関与する理事会の[[:m:Wikimedia Foundation elections/2021/Candidates/ja|候補者]]の選出に際し、投票資格をお持ちの数少ないユーザーの一人であるPolyesterさんのご意見を反映することは非常に重要だと考えています。
十分,Polyesterさんが提案された[[ノート:兼古製作所#改名提案|兼古製作所の改名提案]]について、十分な告知期間が取られたかと思いますが、長期間動きがなかったため、お知らせに参りました。
ちょっと,なぜならば「佐渡」の場合昼行列車・夜行列車双方で運行されている[[アルプス (列車)]]についても同様に昼行列車は[[あずさ (列車)]]、夜行列車は[[ムーンライト信州]]で記しておりますのと、運行経歴のみではちょっと記事として不十分であると思われるからです。
十分,なぜならば「佐渡」の場合昼行列車・夜行列車双方で運行されている[[アルプス (列車)]]についても同様に昼行列車は[[あずさ (列車)]]、夜行列車は[[ムーンライト信州]]で記しておりますのと、運行経歴のみではちょっと記事として不十分であると思われるからです。
非常に,13区に関してはそれぞれ地理的にも特徴がありますし、元々それぞれが1つの町村だったわけで、そもそも上越市自体、今回の合併で非常に面積が広くなってしまったわけで、それらを考えると「区としての記事は成立しにくい」＝「合併後の記事は上越市へ書けばいい」というのは少々性急な気もします。
大変,ある意味でモデルケースを作っているわけで、おっしゃるとおり「記事が成立しにくい」というのは性急であり、大変失礼しました。
ちょっと,そのようなわけで恐縮ですがもしこのメッセージに気づいてくださりましたら以下の画像について（ちょっと多いのですが）ライセンスのご記入をお願い申し上げます。
非常に,ウォッチリストにHitam1200さんのお名前を拝見して非常にうれしい気持ちでおります。
若干,上に申し上げましたお願いにつきましても、若干ではありますがご対応いただけたようでありがとうございます。
とても,さて、[[谷浜駅]]についてですがHitam1200さんがまどろっこしいと仰るのであれば確かにそうなのかも知れませんが、駅周辺・駅構造に限ってもとても多くの記述がHitam1200さんのあのご編集で消えてしまっています。
ある程度,Wikipediaが「百科事典」という性格のWebである以上は、文章を長々と書くのではなく、必要と思われる情報をある程度簡潔にまとめることが重視されるべきであり、それ以外の私的な研究結果は各々個人のWebなどを使って表現すべきである―というのが私見です。
それなり,駅自体にそれなりの特色なり何なりがあれば記事として文章化すべきでしょうけれど（例：駅舎の建替えとか、社会的に影響を与えた事件・事故の舞台となった）、線区の歴史であれば[[北陸本線]]を参照すれば、概ね事足りると思います。
ちょっと,*こんにちは、ブロック解除後で、自粛しておりますが、現在、年度末の「まちづくり計画報告書」を作成中で、その中で、ちょっと気付いた点が御座いましたので、投稿されて頂きました。
少し,*ちょっと気になったことだけをラフに書いて、少し、長期間研究してみます。
ちょっと,*ちょっと気になったことだけをラフに書いて、少し、長期間研究してみます。
結構,別に強力に主張していませんので、削除されても結構です。
大変,大変申し訳ありませんでした。
大変,また、Hideyukiさんには、大変ご迷惑をお掛けしました。
大変,大変申し訳ありませんでした。
少し,わかるところだけ少しずつ書いていくつもりです。
大変,:大変申し訳ありませんが、議論の提起は[[Wikipedia‐ノート:ウィキプロジェクト 鉄道|ノート]]へお願いします。
非常に,(突然の失礼なコメントで、非常に恐縮なのですが。
あまり,夜行列車の場合であると地域輸送にあまり重点を置いていない事もあり、かえってダイヤ改正毎の保守に時間がかかると思われるのと、上り・下りで選択停車を行う余地があると考えられるからです。
非常に,駅名は、小郡町や周南市を見ても分かるように、地区の住民にとって非常に重要なものです。
結構,画像ページの「編集」を押して、<nowiki>{{unverified}}を削除し、{{GFDL}}</nowiki>と書き込んで下されば結構です。
ある程度,ウィキペディアの項目間である程度まとまった文をコピーペーストする際には、[[Wikipedia:ページの分割と統合]]の手続きに沿った手順が求められます。
大変,せっかく投稿いただいたのに大変恐縮ですが、現在のウィキペディアの要約欄は後から修正できないため、いったん削除の必要があります。
あまり,　いちぶのオーラバトラーや登場人物についてはあまり発展することもないとおもわれますので。
十分,"（「英語版00:41, 17 January 2008を元に加筆」程度で十分だと思います。"
非常に,彼女を特徴づける非常に重要なキーワードだとは思いませんが、この時期（戦間期）のドイツ語圏における身体と芸術のあり様と表現者の履歴といった視点からみると、少なくともそれらの一例として彼女の行動・活動はそれぞれ幾分かの意味をもっていてキーワードとなり得ると考えて内部リンクを付けました。
少し,小生の考えは少しずれているかもしれません。
非常に,いづれにしても非常に瑣末なことなので無視して頂いても構いません。
ちょっと,[[近畿日本鉄道]]における車両記事の作成について、ちょっと待って頂けますか。
非常に,そのため、非常に短い記述だけの記事を新設したり、余り発展の余地のなさそうな話題を扱うページを新設することの是非については、いろいろと議論があります。
十分,せっかく作成して頂いた記事も、内容が十分でないと後になって削除されるようなことになるかも知れません。
相当,:: <blockquote>前記の趣旨に照らすならば、同条所定の「一般公衆に開放されている屋外の場所」又は「一般公衆の見やすい屋外の場所」とは、不特定多数の者が見ようとすれば自由に見ることができる広く開放された場所を指すと解するのが相当である。
ある程度,:: <blockquote>前記の趣旨に照らすならば、同条（46条柱書）所定の『恒常的に設置する』とは、社会通念上、ある程度の長期にわたり継続して、不特定多数の者の観覧に供する状態に置くことを指すと解するのが相当である。
相当,:: <blockquote>前記の趣旨に照らすならば、同条（46条柱書）所定の『恒常的に設置する』とは、社会通念上、ある程度の長期にわたり継続して、不特定多数の者の観覧に供する状態に置くことを指すと解するのが相当である。
大変,大変わかりやすいです。
非常に,"私事で非常に恐縮なのですが...<br />
"
大変,僕が一番悩んでいるのは、NHKニュース関連の記事で放送時間が誤っていることが大変困っています。
少し,最近のレンズは設計技術の向上で、可視光領域での色収差がきわめて少なくなり、その結果として、赤より少し長波長の波長域（～800nm）程度なら補正は必要なくなったと言うことのようです。
ちょっと,:ちょっと注意しながら消していたつもりでしたが、ありがとう浜村淳ですは消しすぎたようです。
結構,:行の半分がスポンサーなんてページも結構多いです。
十分,私だけに質問しても賛成票が多く集まっているという事は私個人の意見だけでは不十分です。
あまり,観光地の基準があまりにも不明確なので一体どこまでが観光地なのか分かりません。
大変,これらの記事に関しては、確かに「長期に渡り第３者が編集する機会を奪っている」ことになっていますので、大変申し訳ないと思っております。
非常に,議論相手に対する依頼ですので、そのような点で誤解を受けていれば非常に残念です。
わりと,:失礼します、「対話を拒否されたからブロック」というのはわりと短絡的だと思いました。
少し,ですが、ブロックというのは究極の手段ですから、一般にメーリングリストなどウィキペディア外のメディアでの議論を活用する・コメント依頼などを使ってみるなど、もう少し手順を踏んだほうが依頼の説得力が増すとおもいます。
あまり,しかし、これはあまりいいと思いません。
やや,賛成しておられたので、やや煩瑣な話になりますが、どのような意味で賛成されていたのか、あらためて確認をお願いしたくご案内差し上げております。
すごく,::“インターネットのプロ”でも知らない事があるなんて、すごくびっくりした一件でした。
かなり,ブロックの審議関連など皆さんにはかなり助けて貰ったのでこちらこそ頭が下がる思いです。
ちょっと,*言い回しちょっと難しいですね・・削除依頼のページに注意文の定型文章が欲しいですね。
結構,日本人に与えた影響って結構大きい様な気がするのですが、いかんせんこれ以上記述するデータが乏しいので加筆しづらいですね。
ちょっと,実は整理依頼の方、余り見ていないのでちょっと検討してみます。
ちょっと,）ちょっと意味が分かりにくいかもしれませんが、お願いします。
ちょっと,　ちょっと挑戦してみます。
大変,さて、表題に記しました「[[天狗党の乱]]」の項目は、初版より私が無駄な履歴を重ねてしまい、本文以上に大変見苦しい状態となっております。
結構,私は、スポーツに関して言えば、毎年の定義文は結構な量が書けると思っています。
結構,その意味では、スポーツの年度毎ページは単なる一覧表に終わらず結構書ける物と思っています。
ちょっと,ちょっと難しい・・ですね。
あまり,いちようスタブを貼った基準ですが、1・出演番組等はあるが、どの様な人物かがあまりかかれていないもの。
少し,2・人物は少しは書かれているが、出演作が無いもの。
大変,私が大して考えず赤リンクを作った[[野菜炒め]]に、大変素晴らしい記事を書いてくださってありがとうございました。
大変,私も大変楽しく読ませていただきましたので、新しい記事に推薦しました。
ちょっと,Yatobi様がお書きの「[[無限連鎖講]]」、「[[マルチ紛い商法]]」ところですが、「ちょっとおかしくないかな？
十分,"社会現象としては、介在する人の怪しさ大爆発で警戒心を呼び起こすには十分なんですが、如何せん法の条文との突合せともなると、恐るべき事になりそうですね…ご健闘お祈り申し上げます…--[[利用者:Yatobi|夜飛]] 2004年10月7日 (木) 13:26 (UTC)
"
多少,…と、[[マルチ紛い商法]]の記事なんですが、確かに[[無限連鎖講]]の記事で多少言及している上に、特定負担の事に関して云えば、リダイレクト処理で連鎖販売取引の記事に含めるのもアリかとは思います。
ちょっと,[[ネクター]]の原型についてちょっと調べてみたところ、森永製菓の「天然果汁クラッシュジュース」（昭和8年）というのがルーツではないかと思われます。
あまり,ウィキバンクは表が中心で説明はあまりなかったと思います。
少し,[[アプノモニター]]の記事で少し質問がありますので、[[ノート:アプノモニター]]を御参照くださるようお願いします。
かなり,"[[お父さん]]・[[父親]]に関しては、民俗学的な父性から、親としての立場・夫としての立場、夫婦という単位の部品…うーん、他文化との比較論にまで言及すると、何やらかなりとんでもない文章に成りそうな…（怖くて手が出ないかも）
"
十分,[[父性]]という記事もあってこれも不十分に思われます。
かなり,: 小生、気分が乗っている時にがーっと書いてみて、後になって勉強不足を思い知らされまくり…という事も多いです（執筆の姿勢としてはかなりマズいかも）。
とても,編集の内容はとても良いと思うのですが、[[成人向けゲーム]]の記事とするには疑問があります。
ちょっと,: ちょっと記事体裁上、記述部分に付いては気に成っていたのですが、記述内容自体に関しては[[有害図書]]絡みで分離させるまでも無いと考えています。
少し,:::少しの間でしたらその版だけ復帰いたしますが……。
あまり,: 小生、[[利用者:Yatobi|利用者ページ]]で述べている通りの不真面目な人間であるため、一定の不真面目さを持って自己主張致しており、また記事執筆中にも（対外的にはあまり目に付かない所で）不真面目さを発揮しながら記述しています。
大変,と申しますのは、ある外部の方がこの記事を読んで大変感情を害された旨、日記に書いて居られたのです。
非常に,読んだところ、確かに読む人によっては非常に傷つくだろうと思われました。
大変,これほどの労作を削除依頼するのは大変つらく迷いましたが、この記述が過去の版にでも残ることは、やはり放置できないと思われましたので、削除依頼に出させて頂きました。
大変,外部の方の日記で本文を読んだときはその方の視点で見たため「大変だ！
大変,」と削除依頼を出したのですが、あとでYatobiさんの執筆と気づいて読み返すと、たしかに「そのような考えを諌めるつもりで」との意図も読み取れて、大変複雑な思いに駆られています。
大変,今日の夕飯に[[ハンバーグ]]を作ったのですが、そこで参照したウィキペディアの項目に「電子レンジで加熱してから焼くとよい」とあり、言われるままに試してみたところ、大変おいしくできあがりました。
結構,挑戦状を叩き付けられた気分に浸るのは結構ですが、勝手に喫煙者を代弁されて、喫煙者としての小生も迷惑です。
多少,　しかし、しらふの今でもやはり多少は冒頭のアレを見たらカチンとくるよな気もします。
わりと,　今見たら、メリケンなんちゃら氏が言うようにこれからはわんわりとお話しましょう。
十分,多忙の折、気楽なお気持ちで十分ですので、参加願えればとも思います。
非常に,宜しくお願い致します（性は非常に扱う領域が広いでの、色々な方の参加を願ってこそ、プロジェクトとして形が取れるとも思います。
ちょっと,ちょっと今、マシン復旧作業中で40％復旧のため、すぐには対応できないかも…。
かなり,最初の内容が信憑性薄い書き方だったのは認めますけど、最初よりはかなり証明力が補強されたと思うんですけど。
非常に,それも非常に詳しく説明していただいて。
ずいぶん,* ずいぶん編集が久しぶりで、大変失礼しました。
大変,* ずいぶん編集が久しぶりで、大変失礼しました。
非常に,ウィキペディア日本語版の運営にも深く関与する理事会の[[:m:Wikimedia Foundation elections/2021/Candidates/ja|候補者]]の選出に際し、投票資格をお持ちの数少ないユーザーの一人であるAska27さんのご意見を反映することは非常に重要だと考えています。
あまり,このジャンルを書ける執筆者は現在の所あまりいないようですので、今後のご活躍に期待します。
少し,これは少し面倒ですし、履歴が元のページに残ってしまうので、ページの移動機能を使うことをお勧めします。
ちょっと,[http://www.odakyu-group.co.jp/train/railmap/index.html 小田急電鉄路線図]によれば、新松田駅～小田原駅間は一部列車停車駅で、新松田駅までに小田原駅発着の各駅停車との増解結を勘案してもちょっと説明がたりないでのではないでしょうか。
かなり,:使われているという根拠として、これなら正しいということはありませんが「CSC 関数」というGoogle検索においてもかなりのページがヒットします。
少し,近鉄の車両データを書かれる方はもう少し'''他人が読めるように'''勉強して書いてください。
結構,　「P51」については、私は英語は不得手なのですが、できるだけ一般用語に近いものにしてみただけですので、お気に召さなかったら戻していただいて結構です。
多少,政治や宗教のPOVはあんまり積極的に介入しない方針なのですが、Wikipediaの前提（フリーなコンテンツ、オープンな参加と共同作業）に反することには多少バイアス掛かって（防衛的に）行動している傾向はあるかもしれません。
すごく,すごく他力本願ですが……。
若干,:若干のタイムラグの後消えるというシステムですか。
あまり,":ありがとうございます．著作権侵害関連以外の問題で「管理者の時間」というリソースを奪うことはマズイと認識したので以後このような行動は慎みます．ご期待に添えるかはわかりませんが，時間のあるときに，relatively importantと思われる項目について，自分が理解していることについてだけ加筆していこうと思っています．しばらくは数学・物理のあたりに'''力'''を入れねばならない状況ですので，（ないと思いますが）あまり期待しないで下さい．きっと[http://www.amazon.co.jp/exec/obidos/ASIN/0201021153/qid=1100441269/ref=pd_ka_0/250-7133474-1479453]とか[http://www.amazon.co.jp/exec/obidos/ASIN/047133328X/qid=1100441336/sr=1-1/ref=sr_1_26_1/250-7133474-1479453]を読んでるんだろう，ということにしておいて下さい……． -- [[利用者:Marsian|Marsian]] 2004年11月14日 (日) 14:12 (UTC)
"
わりと,":ギアについては，ぼくもわりと興味があります．On GRD の航空機をパッと見て気になるのはギアですし，一時期シミーについて真剣に調べようとした（けど挫折）こともあります．書けそうな情報を得たら書いてみたいです．
"
やや,") から入ってタンデム・ボックス・リングとか……画像を載せるとわかりやすいし，楽しいんじゃないかなーという気がします（解説できるのか，という点はやや問題ですが）．暇なときにでも書いてみます．あ，そういえば[[鳥類|鳥]]はみんな高翼なんですよね，でもって[[トンボ]]とかはタンデム，うーん面白い（お前だけだ，と言われそう）．
"
ちょっと,":……えーと，それと，コメントアウトを使っての指摘がうっとおしいだとか止めた方がいいとかいうことがもしありましたら，率直に言っていただけるとありがたいです．自分でもちょっとウルサイかなと思うことはありますので（でもノートに書くほどでもないし，とやってしまうんですが）． - [[利用者:Marsian|Marsian]]<small> / [[利用者‐会話:Marsian|talk]]</small> 2005年5月21日 (土) 04:24 (UTC)
"
かなり,":はじめまして．どうもありがとうございます．全く気づいていませんでした．かなりまずいことをしていたと思います．教えて頂かなかったらどうなっていたことやら……．おそまきながら [[Wikipedia:削除依頼/外モンゴル]] に提出しました．これから自分の投稿履歴を洗い直してみます． - [[利用者:Marsian|Marsian]]<small> / [[利用者‐会話:Marsian|talk]]</small> 2005年5月28日 (土) 10:18 (UTC)
"
かなり,":当たっていたようで幸いです．ぼくもこないだ同じ症状に陥って，一瞬かなり焦ったので……．<small>ところで，この件にはまったく関係ありませんけども，しばらく前に[[ノート:ミュンヘン]]を見ていて個人的に一番的確というか自分にスタンスが近いなと感じたのはYukichinさんの意見でした．もっとも，だからどうということはないんですが．</small> - [[利用者:Marsian|Marsian]]<small> / [[利用者‐会話:Marsian|talk]]</small> 2005年7月30日 (土) 07:01 (UTC)
"
ちょっと,正直、こないだ画像の削除依頼をしたときに、ちょっとわかりづらいとは感じたんですが、といっても実際依頼はできたわけですし、結局、うまく回っているものを敢えて変えることもないよなぁ、と（STEP.0 は書き換えでなく、全く新しいモノをつけ加えるということなので、ずっとvaluableと思います）。
少し,:もう少しグダグダと背景を説明しますと &mdash; そもそもの提案の主題は、「代替画像を権利侵害でない場合にも適用させるべき」ということで、他のはまぁ「オマケの改善」的に考えていました。
ちょっと,":迷惑ということはないですよ．削除依頼の件，了解しました<small>（考えたらぼくがアップしたのもいくつか対象になるような……チェックしないと）</small>．ちょっと時間がかかるかもしれませんが，こちらでやっておきます．またなにかありましたら遠慮なくどうぞ（なんか営業みたいですが ;）． - [[利用者:Marsian|Marsian]]<small> / [[利用者‐会話:Marsian|talk]]</small> 2005年11月2日 (水) 13:51 (UTC)
"
少し,":わざわざ連絡ありがとうございます<small>（あまりにうるさく言ったので，嫌われたんじゃないかと思ってました…… :) </small>．少し自分でも考えてみて，もし改善できそうな点を見つけたらウィキプロジェクトのノートでコメントさせてもらおうと思います．hiddenStructureクラスは，ご存じで使いたくないのか，単にご存じでないということなのかわかりませんが，ぼくも個人的には使わない方がいいと思うので，なんとか使わずに改良できないか考えてみます（もうcproさんの方がtemplateについてずっと詳しそうですが……）． - [[利用者:Marsian|Marsian]] / [[利用者‐会話:Marsian|talk]] 2006年2月9日 (木) 12:51 (UTC)
"
あまり,":わざわざ連絡ありがとうございます<small>（あまりにうるさく言ったので，嫌われたんじゃないかと思ってました…… :) </small>．少し自分でも考えてみて，もし改善できそうな点を見つけたらウィキプロジェクトのノートでコメントさせてもらおうと思います．hiddenStructureクラスは，ご存じで使いたくないのか，単にご存じでないということなのかわかりませんが，ぼくも個人的には使わない方がいいと思うので，なんとか使わずに改良できないか考えてみます（もうcproさんの方がtemplateについてずっと詳しそうですが……）． - [[利用者:Marsian|Marsian]] / [[利用者‐会話:Marsian|talk]] 2006年2月9日 (木) 12:51 (UTC)
"
ちょっと,ちょっと感動。
結構,":::[[Template:qif|qif]]，たしかにcoolですよね．発明者の，ぼくより1つ年上のスウェーデン人[[:en:User:AzaToth|AzaToth]]（[[:sv:Lund|ルンド]]在住のコンピュータ工学科学生），まさしくtemplate artistという感じです．Adrianはqifの発明に対してtechnology barnstarを贈っていますし．実は動作をちゃんと理解していなかったので，とりあえず[[User:Marsian/03|解剖してみました]] ({{permalink|User:Marsian/03|4498584|permalink}})．理解，あってるでしょうか．無駄に長いので目を通されなくももちろん結構ですが，仮に見てみて，変なところがあればザックリ編集して下さるとありがたいです（サブページ節約のために，そのうちまた消して書き換えてしまうとは思いますが……それでもpermalinkはできるので）．
"
かなり,::::技術情報として価値の高い記事に成長しそうなのでかなり期待しています。
とても,ロシア艦船のほうに関しては、1対1の話し合い（下手すると「争い」）は何となく煮詰まってしまいますので、思いがけないコメント、とてもありがたく拝読いたしました。
非常に,":こんにちは．縦軸と横軸の話やメジャーマイナーと体系といったお話，ぼくは感覚的にわかるんですがmiya.mさんに通じてるかどうかは……．コメントの長さについては，人のことは決して言えないのでいくら長かろうが全く気にしません．実は今もグダグダと書いていたらやっぱり30行くらいになったので消しました．ひとつだけ要点をいうと，「せっかくだから」はそれ単体を主要な判断基準とするのがよろしくないのは確かです ([[WP:POV]]) が，同じ程度に日本語として非常にマイナーな複数の用語を比較する際の，判断基準の1つにはなりうると思いました（これだけでもなんとなく通じると思うので詳細は省きます．あとマイナーかどうかの判定が難しいだろう事は認めます）．あ，それとmarsian（さん）でなくて単にmarsianでいいですってば ;) - [[User:marsian|marsian]] 2006年2月22日 (水) 14:18 (UTC)
"
非常に,例えばロシアという「元敵」に関する情報は非常に偏見に満ちた不正確なものが分野によってはいまだに多く、それへの一種のコンプレックスから「日本ではロシアは超マイナーだ」みたいな感覚に陥ることがよくありますが、まあ実際間違った情報が通用する以上「マイナーである」ということは客観的にも間違いないと思うのですが、Wikipedia内でどこであえて線を引くのかというのが問題なのだろうと思います。
非常に,そのため、非常に短い記述だけの記事を新設することの是非については、いろいろと議論があります。
十分,せっかく作成して頂いた記事も、内容が十分でないと後々削除されるようなことになるかも知れません。
十分,私は、それに関してはこの記事で十分かと考えていました。
あまり,基本的に種名へのリンクは残して頂きたいとは思いますが、あまりにも目に余るようでしたら、赤リンクを除去して頂いても結構です。
結構,基本的に種名へのリンクは残して頂きたいとは思いますが、あまりにも目に余るようでしたら、赤リンクを除去して頂いても結構です。
相当,相当先の話になるでしょうし、そもそも種の定義がまだ不確かな分類群が相当ありますから、それが可能なのかは現時点ではわかりませんが。
あまり,記事にならない言葉まで赤リンク化しているならともかく、あまり意味のないけなし方のように感じます。
大変,:::私の方も、Ｋｓさんのご意見を伺えて大変参考になりました。
ちょっと,これを含めて、冒頭文と概説、あるいは特徴説の頭をくっつけてしまう編集がちょいちょいありますが、ちょっとご一考ください。
あまり,またWikipediaの他の記事を見ていても、冒頭と概説で名称が2回太字で示されているということがあまりないように見受けられるため、他記事との統一感をもたせるという意味合いもありました。
少し,少し履歴をたどってみましたら、[[Wikipedia:多数の言語版にあるが日本語版にない記事/生物]]にミュールジカとディクディクを加えたのはやはり私でした。
少し,コンクールのことをご存じの上で分野Bにエントリーされていないのは何か理由があるかもしれないと考え少し迷ったのですが、思うようにエントリーが集まっていないこともありメッセージさせて頂きました。
少し,コンクールの盛り上げに少しでも貢献できたようで何よりです。
結構,[[東京都]]の「産業」の記事があんまりなので、書き直そうと思っていろいろ調べてると結構大変になりそう。
大変,[[東京都]]の「産業」の記事があんまりなので、書き直そうと思っていろいろ調べてると結構大変になりそう。
ちょっと,"[[Wikipedia:削除依頼 2004年11月]]で""すかいてんぷる""の削除依頼に対し、「『[[君が望む永遠]]』の中で説明すればいい」と言ってましたが、ちょっとこの発言で私ちょっと熱くなったんです(感情的になったのではなく、[[Piaキャロットへようこそ!"
大変,大変お手数ですが、ご自身の手で明記頂きたくお願いに伺いました。
大変,大変恐れ入りますが、宜しくお願い申し上げます。
大変,大変失礼を申し上げました。
かなり,前回とは記事の様子もかなり変わっていますので、もしよろしければコメントを頂ければ幸いです。
とっても,ウィキペディアは編集者の方々のボランティアで成り立つ百科事典サイトですが、著作権侵害の形跡を[[Wikipedia:履歴|履歴]]に残してしまう編集方法は日陰猫Jogaさんにとってもウィキペディアにとっても何の得にもなりませんので、今後は上記説明ページ内容をよくご理解頂き、誤った編集の方法はご遠慮下さいますと幸いです。
非常に,参加して頂いた矢先からこのようなお知らせをすることになって申し訳ないのですが、ウィキペディアには、非常に短い記述だけの記事を新設したり、余り発展の余地のなさそうな話題を扱うページを新設することの是非については、いろいろと議論があります。
十分,せっかく作成して頂いた記事も、内容が十分でないと後になって削除されるようなことになるかも知れませんので、できるだけ、量的、内容的にまとまりのあるものを書いていただけるよう、お願いできますでしょうか？
結構,URLに「AD」があると反応するので結構被害範囲が広いらしく。
若干,でも今年は入試なので若干Wikibreak気味になるかもしれません。
大変,もしかえでさんが私のルール誤用に気づくことがありましたら遠慮なく仰って頂けると私としても大変助かります。
非常に,日々の空き時間をほぼ[http://d.hatena.ne.jp/maple_magician/ 日記]へとつぎ込んでおりまして、管理者業務に必要と思われる「定常的な参加」は非常に困難です。
少し,コミュニティポータルの扱いを大きくするとか、井戸端に掲載枠をつくるとか広報にもう少し工夫をしたほうがいいのかもしれません。
少し,最近他の言語のWPの実情をまとめたものを読む機会があって、そこから考えるにJAWPの投票類への参加者はもう少し多くてもいいのかな、ということは思っていました。
それなり,[[性科学]]は、まだまだ発展途上にあるとはいえ、それなりの専門家が集まって「[http://www14.plala.or.jp/jsss/ 日本性科学会]」を造り、啓蒙・研究活動を行っていることからも明らかなように、''''れっきとした「科学」であり、「性に関する雑学百科」などではありません'''。
大変,:該当分野に関してはまったく見識がありませんで、大変申し訳ありませんが該当案件についてのコメントを行うことが出来ません……申し訳ありません。
非常に,そのため、非常に短い記述だけの記事を新設したり、余り発展の余地のなさそうな話題を扱うページを新設することの是非については、いろいろと議論があります。
十分,せっかく作成して頂いた記事も、内容が十分でないと後になって[[Wikipedia:削除依頼|削除]]されるようなことになるかも知れません。
非常に,反対理由に「公的には漢字で活動していると評価されるのが妥当」と御意見される方もおり、非常に重要な問題だと思いますが、そうですか。
非常に,参加して頂いた矢先からこのようなお知らせをすることになって申し訳ないのですが、ウィキペディアには、非常に短い記述だけの記事を新設したり、余り発展の余地のなさそうな話題を扱うページを新設することの是非については、いろいろと議論があります。
十分,せっかく作成して頂いた記事も、内容が十分でないと後になって削除されるようなことになるかも知れませんので、できるだけ、量的、内容的にまとまりのあるものを書いていただけるよう、お願いできますでしょうか？
結構,国名を含め、結構中立的な立場で書いているつもりですが・・多分、あの方は中国系か朝鮮系の方だと思います。
非常に,参加して頂いた矢先からこのようなお知らせをすることになって申し訳ないのですが、ウィキペディアには、非常に短い記述だけの記事を新設したり、余り発展の余地のなさそうな話題を扱うページを新設することの是非については、いろいろと議論があります。
十分,せっかく作成して頂いた記事も、内容が十分でないと後になって削除されるようなことになるかも知れませんので、できるだけ、量的、内容的にまとまりのあるものを書いていただけるよう、お願いできますでしょうか？
結構,わたしなどでよければ[[利用者:Rigel|Rigel]]さんがいかに誠意を持って対応していたか実感していますので、いくらでも弁護しますので必要ならばお呼びいただいて結構ですよ。
非常に,参加して頂いた矢先からこのようなお知らせをすることになって申し訳ないのですが、ウィキペディアには、非常に短い記述だけの記事を新設したり、余り発展の余地のなさそうな話題を扱うページを新設することの是非については、いろいろと議論があります。
十分,せっかく作成して頂いた記事も、内容が十分でないと後になって削除されるようなことになるかも知れませんので、できるだけ、量的、内容的にまとまりのあるものを書いていただけるよう、お願いできますでしょうか？
大変,[[三番瀬]]大変写真もよく最近の情報をおさえた力作で驚かされました。
少し,もう少し「可能性が指摘されている」というような表現に改めてられたほうがより適切だと思います。
かなり,「免罪符」云々は公式資料には出てこない可能性は大きいですが、現場レベルではそういう懸念がかなりあったかもしれませんので。
若干,　先ほど[[コムケ湖]]のページを見たところ、テンプレートの数字が私の資料と若干の違いがありました。
結構,実のところ一般論として、年代や定義の問題もあって、統計主体によって数値が違っていることがよくあり、どれを使うかは結構悩みどころだったりします。
結構,なかには結構気にする方もいらっしゃるようですので…。
少し,少し私のほうが新しいみたいですね。
少し,でもおっしゃる通りソースによっては細かい数字が異なる場合もあり、少し困惑します。
少し,北海道でも屈斜路湖やサロマ湖などのメジャーな湖でも湖畔から撮影した写真が掲載されていないと言う状況に少し驚きました。
すごく,でも、君ならすごくいい管理者になれると思うんだ。
あまり,ダムそのものにはあまり詳しくないですが河川史･近現代史の観点から関心があり、記述方法などで微力ながら貢献できればと思います。
あまり,あまり私は拘りませんが、なかには「署名がないものなど相手にしない」という考えの方もおられるようですので、今後のため…。
少し,"第4項についてはもう少し下に書いてある
"
非常に,:''商業目的（アフィリエイト等を含む）であれ非営利目的であれ（中略）もしあなた自身が運営に関わっている、あるいは、個人的に応援しているサイトへの外部リンクが当該記事にとって非常に有益であると考えたとしても、意図するとせざるとにかかわらず、あなたの判断が中立的でない可能性があります。
十分,このような場合は、サイトへのリンクは最大限自制すべきであり、掲載する前にまずは上記の基準を十分に吟味してください。
とても,とてもご丁寧な説明に本当に感謝します。
少し,少しずつ理解してきましたので、これからも益々ウィキペディアを利用させていただきたいと思います。
結構,河川名表記についてのものなのですが、お時間があればで結構ですので、'''[[Wikipedia‐ノート:ウィキプロジェクト ダム#河川名表記について|こちら]]''' をのぞいて頂ければと思いご連絡致しました。
非常に,追伸：「カスリーン台風の浸水範囲」の図ですが、非常に良く出来ていますね。
結構,お時間のあるときで結構ですので、私のノートへ御教示頂ければ幸いです。
結構,お暇なときで結構ですので、何卒宜しくお願いいたします。
少し,さて、春の間、少し、話題になっていた加筆コンクールをやるのであれば、ぼちぼち準備したほうがよかろうと私の利用者ページのサブページ（[[利用者:Tantal/秋の加筆コンクール準備室]]）を設け、素案を作ってみました。
ある程度,ある程度、まとまった段階で、ページ移動を実施して、告知したいと思っていますがいかがでしょうか。
少し,私事でバタバタしてしまい、ちゃんとコメンテータとして機能できず申し訳ない気持ちでいっぱいです（汗）…ということで、責務を少しでも果たすため投票いたしました。
とても,とてもすてきな写真です。
かなり,「日本標準時子午線」の記事においてかなりの量のリンクを外されましたが、外す前の状態にはどのような問題があったのでしょうか。
非常に,ウィキペディア日本語版の運営にも深く関与する理事会の[[:m:Wikimedia Foundation elections/2021/Candidates/ja|候補者]]の選出に際し、投票資格をお持ちの数少ないユーザーの一人であるMkobaさんのご意見を反映することは非常に重要だと考えています。
少し,なお、出典元資料のページ番号については、資料を再確認するため、その記載まで少し時間がかかってしまいます。
少し,今後は少しずつフォーマットやルールの内容を理解しながら投稿していきたいと思いますのでよろしくご指導ください。
ちょっと,これは、あなたの述べたものを取捨選択して整形したものですが、このレベルで文章を書く事が出来なければちょっと問題があるといわざるを得ません。
少し,仮に日本語が上手く使えない方でしたら、申し訳ありませんが、もう少し日本語の勉強をするか、あなたの母国語で書いて頂けますか。
やや,やや失礼な表記になりましたが、Wikiのコンピュータ系追加・修正している複数の方からの指摘です。
非常に,:後から見ると、非常にキツイ言い方をしていた事に気が付き、お詫びに上がりました。
かなり,「定性的には」と前置きしてある通り、ここでは計算機の専門家ではない世間一般での認知としてのかなりゆるい定義（のしかも一例）を示したつもりでした。
あまり,（個人的には、現状の「普遍的なサーバ機などより…」という表現が元の私の文より better だとはあまり思いませんが…。
大変,大変図々しいお願いなのですが、専門家らしいIPユーザの方が記載を追加してくださっているのですが、技術史の内容が発散してしまい私を含め、数名でノートにて方針を検討しています。
とても,）がその大衝突の痕跡である」とか「衝突の破片が金星にぶつかったせいで金星の自転が逆行した」という所までいくとさすがに百科事典に載せる定説とはとても言えないレベルなので、そのあたりは消しました。
ちょっと,ソースに関して、詳細な論文のリンクはちょっと待ってください。
かなり,ただ、科学雑誌的なレベルでいえば、先月の日経サイエンスの特集とドイツの科学雑誌の特集の両紙に載っていた点からかなり確度の高い情報だと思っています。
ちょっと,が、確認したいので、ちょっとだけ待ってくださいね。
わりと,あと、Sanchaman さんは以前からご自身や相手の職業や専門について殊更に気にされる傾向があるように見えますが、Wikipedia においては基本的に「書かれた内容が全て」なので、執筆者の職業がどうこうという話はわりとどうでもいい話です。
あまり,あまり書くことがないんですかね…。
少し,私が少し編集した記事にもたくさん付けて頂いたようで、ウォッチリストに久しぶりに見る記事名もあり嬉しく思っています。
大変,多くのウィキペディアンにとって編集内容の確認に大変役立ちますし、要約欄はできるだけ埋めて頂けるように[[Wikipedia:常に要約フィールドに記入する|ウィキペディアでは推奨されています]]。
ちょっと,『五つの王国』は座右の書なので（ちょっと内容古いですけど）とてもうれしいです。
とても,『五つの王国』は座右の書なので（ちょっと内容古いですけど）とてもうれしいです。
あまり,広く告知するために「[[Wikipedia:井戸端/subj/「保全状態」から「保全状況」への訳語変更を提案]]」を作成なさったのだとは思うのですが、井戸端はそういう用途で使ってもあまり効果はないように思います。
非常に,（この欄に書いていただいても、私は議論や会話が非常に苦手なので、レスはできないと思います。
十分,今後、外部サイトとの類似性が高い投稿を繰り返された場合は投稿ブロック依頼をさせていただく可能性もありますので、十分注意して投稿なさってください。
大変,今回の必殺口出し鉄五郎さんの態度は、大変立派なものだったと思います。
非常に,やはり僕も、せっかくの投稿を消すのは非常にもったいないと思うのです。
非常に,非常に文章として、読み物として面白いと思いました。
非常に,参加して頂いた矢先からこのようなお知らせをすることになって申し訳ないのですが、ウィキペディアには、非常に短い記述だけの記事を新設したり、余り発展の余地のなさそうな話題を扱うページを新設することの是非については、いろいろと議論があります。
十分,せっかく作成して頂いた記事も、内容が十分でないと後になって削除されるようなことになるかも知れませんので、できるだけ、量的、内容的にまとまりのあるものを書いていただけるよう、お願いできますでしょうか？
非常に,そのため、非常に短い記述だけの記事を新設したり、余り発展の余地のなさそうな話題を扱うページを新設することの是非については、いろいろと議論があります。
十分,せっかく作成して頂いた記事も、内容が十分でないと後になって削除されるようなことになるかも知れませんので、できるだけ、量的、内容的にまとまりのあるものを書いていただけるよう、お願いできますでしょうか？
とても,投稿履歴を拝見したところ、[[秋田放送]]の番組について、とても詳しい方とお見受けしました。
あまり,あまりに短い記事は、Wikipediaではあまり歓迎されないのですが、各ページに詳しいことを追記していく行為は大歓迎されます。
ある程度,そして、ある程度以上書く分量がたまれば、新たな項目に移動させるという形をとれば、一本の充実した記事を作りやすいのではないかと思います。
大変,あなたの作成された記事の多くが[http://ja.wikipedia.org/wiki/%E7%89%B9%E5%88%A5:Whatlinkshere/Template:%E5%8D%B3%E6%99%82%E5%89%8A%E9%99%A4 即座に削除すべき対象]としてリストアップされていることを大変残念に、またその労力が無駄になることを勿体なく思っております。
非常に,そのため、非常に短い記述だけの記事を新設したり、余り発展の余地のなさそうな話題を扱うページを新設することの是非については、いろいろと議論があります。
十分,せっかく作成して頂いた記事も、内容が十分でないと後になって削除されるようなことになるかも知れませんので、できるだけ、量的、内容的にまとまりのあるものを書いていただけるよう、お願いできますでしょうか？
ちょっと,その辺を理解して停車駅表に何が何でも落とすような書き方はちょっと感心しませんので記しておきます。
十分,医学、生物系と言うことで十分に活躍できる場があると思います。
かなり,スペイン語版はかなり情報がありますね。
あまり,"[[ナイジェリア]]なら書きやすいのですが、カメルーンについては、考古学的にもあまり成果があがっていないとフィリップソン自身が書いており（Phillipson,D.W.1985African Archaeology,邦訳『アフリカ考古学』学生社版）、グレアム＝コナーは無視しています（Connah,G.1986 African Civilization,邦訳『熱帯アフリカの都市化と国家形成』）。"
それなり,論文を斜め読みしていると、ボルヌ帝国や、まったく触れていないバカ族、[[ポルトガル]]以前の[[奴隷貿易]]やあたりはそれなりに拡充できそうな気がしてきました。
かなり,自分はかなり昔に神保町で手に入れましたが...。
相当,他国語版では井戸端やプロジェクトに相当する場所の議論についていけなくて。
あまり,予備知識がないためイスラム圏の歴史にはあまりお手伝いできませんが、仲間も増えてきたことですし、アフリカも何とかなるでしょう。
少し,もう少し考古学用語を使ったほうが誤解されないで読めたな思ったくらいです。
あまり,最近ウィキペディアにあまりアクセスできていないので、状況が飲み込めていません。
あまり,:コモンズに画像を上げたことがないため、手続きにあまり自信がありません。
かなり,-- Wikipedia空間の議論などを見ていると、Vacsoraさんはかなり危ない、いや非常に危ない位置に立たされているようです。
非常に,-- Wikipedia空間の議論などを見ていると、Vacsoraさんはかなり危ない、いや非常に危ない位置に立たされているようです。
少し,Harenoさんの加筆に補足する形で、少し経済を加筆しました。
あまり,ですが、イスラームについてはまだあまり触れておりません。
少し,[[ノート:ブルネイの国歌]]での議論の際に、国歌の資料を収集されているとのことでしたので、少し待っていました。
それなり,参考文献については、[[Wikipedia:検証可能性]]を満たす文献でそれなりに妥当だと思える文献ならば一つあれば十分です。
十分,参考文献については、[[Wikipedia:検証可能性]]を満たす文献でそれなりに妥当だと思える文献ならば一つあれば十分です。
相当,複数の文献を比較検討して最善の訳を決めることは相当大変ですし、一つと言えどちゃんと資料を参考にしたのなら[[Wikipedia:独自研究は載せない|独自研究]]よりは better ですから。
大変,複数の文献を比較検討して最善の訳を決めることは相当大変ですし、一つと言えどちゃんと資料を参考にしたのなら[[Wikipedia:独自研究は載せない|独自研究]]よりは better ですから。
あまり,書いた後で読み直して、自分でもあまりものひどい書き方に書き直したことも度々です。
十分,::本人の成長　だけを目的としているわけではありませんよ^^;本人が成長すれば辞典も成長するでしょうし(通りすがりの人だけでは成り立ちませんからね)、それを置いておいたとしてもノートへの書き込みという形でも十分記事は成長していると思っています。
非常に,確かにこれは非常に難しいと思います。
あまり,　第二次世界大戦後は、爆弾と並んで有効な攻撃方法としてミサイルというのも現われてくるので、一般的な機体の名称は爆撃機から攻撃機へと変化しています(戦前ですと、攻撃機という機種は日本海軍やアメリカ陸軍を除き、あまり存在しないマイナーな機種でしたが、今では爆撃機と呼ばれる機種の方がマイナーとなっています)。
ちょっと,ちょっとネットで調べてみたところ、地理学は地誌学と系統地理学に分けられ、系統地理学は自然地理学と人文地理学に分けられると書いてあるところをいくつか見かけたのですが、地誌学は大枠として地理学の一分野として扱っているようでした。
とても,投稿履歴を見るとごく普通の編集をされていたので、今回の行為にはびっくりしましたし、いろいろある荒らしの中でも、今回のこれは、読んでとても悲しくなったのが正直なところです。
大変,[[利用者:PeachLover|PeachLover]]さんには大変ご迷惑をおかけしました。
あまり,[[岡田有希子]]の記事はあまりにも下ネタ・過大評価・神格化・自己満足な捏造記事が酷過ぎますね。
あまり,また、あまり同じ記事への投稿を激しく継続すると、投稿をブロックされる場合があります。
大変,"==画像の出典などに関する疑問（こちらの勘違いでしたら大変申し訳ありません）==
"
非常に,"以下の画像はそれぞれ右に示したリンク先のものと非常によく似ている（というか，特に注記しないものはファイルサイズも同じ）のですが，これらにグラーフツェッペリンさんは <nowiki>{{PD}}</nowiki> を貼られています．
"
非常に,"ところが，[http://military.sakura.ne.jp/mail_q.htm これらの非常によく似た画像があるサイトの注意書き]には，
"
やや,"） = [[:画像:Me163.jpg]] - [http://perso.wanadoo.fr/sous.marin/me163.htm 構図は同じだが質がやや違うもの]
"
あまり,"また別の話になりますが，いくつかのスペックに関しても当該サイトとかなり似てるような印象を受けましたが，この点については事実の記述かどうかが微妙であるし，編集で対処して問題ないような気がします（といっても，あまり確信は持てませんが．後述するように「ヤバイ」と思われたらいったん削除依頼されるのも手かとは思います）．
"
かなり,"また別の話になりますが，いくつかのスペックに関しても当該サイトとかなり似てるような印象を受けましたが，この点については事実の記述かどうかが微妙であるし，編集で対処して問題ないような気がします（といっても，あまり確信は持てませんが．後述するように「ヤバイ」と思われたらいったん削除依頼されるのも手かとは思います）．
"
少し,":間違っていたら大変に申し訳ないのであまりこういうことを言いたくはないのですが，ぼくが指摘した以外にもご自分で「これちょっとヤバイかなぁ」と思うものがあれば，どうかご自分で削除依頼をなさるほうがよろしいかと思います．一応特定版だけの削除ということも可能なようですが，特に初版から著作権侵害の記述が混入していた場合は難しいようですし．つまりどんなに発展した項目でもずーっと初版の記述が残っていれば全削除の可能性があるということです．そのようなことになってしまわないためには，「やばそう」と思ったものはなるべく早いうちに削除し，間違いなく問題のないものを新たに投稿すればいいのだと思います．実際，少し違った例ではありますが，ぼく自信 GFDL 違反の分割をやっていたのに今頃になって気づいて，分割先の項目を削除してもらって再分割したりとかしてますし．
"
ちょっと,":間違っていたら大変に申し訳ないのであまりこういうことを言いたくはないのですが，ぼくが指摘した以外にもご自分で「これちょっとヤバイかなぁ」と思うものがあれば，どうかご自分で削除依頼をなさるほうがよろしいかと思います．一応特定版だけの削除ということも可能なようですが，特に初版から著作権侵害の記述が混入していた場合は難しいようですし．つまりどんなに発展した項目でもずーっと初版の記述が残っていれば全削除の可能性があるということです．そのようなことになってしまわないためには，「やばそう」と思ったものはなるべく早いうちに削除し，間違いなく問題のないものを新たに投稿すればいいのだと思います．実際，少し違った例ではありますが，ぼく自信 GFDL 違反の分割をやっていたのに今頃になって気づいて，分割先の項目を削除してもらって再分割したりとかしてますし．
"
あまり,":間違っていたら大変に申し訳ないのであまりこういうことを言いたくはないのですが，ぼくが指摘した以外にもご自分で「これちょっとヤバイかなぁ」と思うものがあれば，どうかご自分で削除依頼をなさるほうがよろしいかと思います．一応特定版だけの削除ということも可能なようですが，特に初版から著作権侵害の記述が混入していた場合は難しいようですし．つまりどんなに発展した項目でもずーっと初版の記述が残っていれば全削除の可能性があるということです．そのようなことになってしまわないためには，「やばそう」と思ったものはなるべく早いうちに削除し，間違いなく問題のないものを新たに投稿すればいいのだと思います．実際，少し違った例ではありますが，ぼく自信 GFDL 違反の分割をやっていたのに今頃になって気づいて，分割先の項目を削除してもらって再分割したりとかしてますし．
"
大変,":間違っていたら大変に申し訳ないのであまりこういうことを言いたくはないのですが，ぼくが指摘した以外にもご自分で「これちょっとヤバイかなぁ」と思うものがあれば，どうかご自分で削除依頼をなさるほうがよろしいかと思います．一応特定版だけの削除ということも可能なようですが，特に初版から著作権侵害の記述が混入していた場合は難しいようですし．つまりどんなに発展した項目でもずーっと初版の記述が残っていれば全削除の可能性があるということです．そのようなことになってしまわないためには，「やばそう」と思ったものはなるべく早いうちに削除し，間違いなく問題のないものを新たに投稿すればいいのだと思います．実際，少し違った例ではありますが，ぼく自信 GFDL 違反の分割をやっていたのに今頃になって気づいて，分割先の項目を削除してもらって再分割したりとかしてますし．
"
多少,スペックデータは複数のサイトと手持ちの書籍を統合して考えておりますので、多少似ているのは仕方ないかと。
少し,:に繋がるのかわからず少し考えたのですが，「と思い」ということは「みんなが使っているからたぶん安全だろう」ということでしょうか？
わりと,":……と，これだけだとなんですので，わりと大丈夫そうな画像ソースとしては[[commons:Category:World War II aircraft]]や英語版の画像（例えば[[:en:Image:Junkers Ju88.jpg]]にはハッキリと「出版後50年経っているので PD」とありますので大丈夫かと思います），他には NASA の画像などがありますので，出典のあやふやな外部サイトから持ってくる前にこれらの利用を検討されてはいかがでしょうか．
"
かなり,":スペックについてはぼくも微妙だと思っています．かなり「事実の記述」に近いものがあると思いますので．
"
ちょっと,":ご理解いただきありがとうございます（なかには逆ギレする人もいるのでよかったです……）．著作権とかライセンス関係は厄介な問題で，実際ぼくもまだまだわかっていない点がたくさんあります（＝素人）．ですので，逆にぼくが（あるいは，他の誰でもですが）やばそうなことをやってたらどうか声を掛けて下さるようお願いします．また使えそうな画像を見つけたら[[Wikipedia:ウィキプロジェクト 航空]]かどこかにリストしていくといいかもしませんね．ぼくのほうでももうちょっと探してみます．では失礼します． - [[利用者:Marsian|Marsian]] // [[利用者‐会話:Marsian|talk]] 2005年3月30日 (水) 07:10 (UTC)
"
あまり,::ご自分で出されるということでしたが，あまり長い間放置しておくのはよくないので（誰かが問題ないと思って編集してしまうかもしれない・閲覧者が GFDL/PD で利用可能と思い使ってしまうかもしれない等），シュルクーフは削除依頼に出し（[[Wikipedia:削除依頼/シュルクーフ]]），画像については <nowiki>{{PD}} を {{unverified}}</nowiki> に変え，かつ項目側では各画像へのリンクをコメントアウトしました．以上報告まで． - [[利用者:Marsian|Marsian]] // [[利用者‐会話:Marsian|talk]] 2005年4月3日 (日) 08:22 (UTC)
ちょっと,ただ、客観的に見て批判的な記事はちょっとそぐわないかなと思って…色んな意見があると思うのですが…難しいですね。
十分,あまり不十分な意識で書き込まないでください。
あまり,あまり不十分な意識で書き込まないでください。
ちょっと,::ちょっときつい言い方になってしまって申し訳ありませんでした。
それなり,:テンプレートというものに、あまりよい印象を持っていないのですが英語版のテンプレートを見てきて、それなりな項目数があって、それなりな長さの説明の末尾に関連項目ではなく、テンプレートをつけるもの悪くはないかと思いました。
あまり,:テンプレートというものに、あまりよい印象を持っていないのですが英語版のテンプレートを見てきて、それなりな項目数があって、それなりな長さの説明の末尾に関連項目ではなく、テンプレートをつけるもの悪くはないかと思いました。
十分,日本語版ではどうか、というと古典暗号に入りそうなのは3～4個しかなく、今後項目は増えるとしても、現時点では関連項目か文中のリンクで、十分にカバーされてしまっていると思います。
少し,::少し修正。
十分,英語版と同様な構成にすると赤リンクばかりになり、かと言って現在ある記事だけに絞るとテンプレートではなく、普通に関連項目で十分間に合ってしまう数になってしまうので「では諸々合体してみては・・・」という考えで、3つ目のテンプレートは作成されたように思えます。
少し,読者にどのような情報を与えるためのテンプレートを作成したらよいのかをいま少し考えみたのですが、暗号分野の総合案内のような情報はポータルになる一、二の記事にまとめ、各記事と相互にリンクを張ればよく、またカテゴリを整備すれば類似の記事を探すことも容易になると思います。
少し,カテゴリもあるのでテンプレートが無くても記事を探すのには困りませんが、テンプレートがあると少し助かります。
十分,」という疑問がでてしまうのはカテゴリの整備が不十分なためであると思いますがいかがでしょうか？
十分,(例えば、この図が白と黒だけで描かれていたらどうでしょう)(Q2)では、整備が十分というのはどのようなものでしょう。
それなり,Sinaさんは、テンプレートにあまり良い印象は持っておられないようですが、僕は、それなりの記事数があれば、テンプレートを作り、カテゴリを補助に使えると考えています。
あまり,Sinaさんは、テンプレートにあまり良い印象は持っておられないようですが、僕は、それなりの記事数があれば、テンプレートを作り、カテゴリを補助に使えると考えています。
少し,なので、できる限りお返事をしたいとは思いますが、それでももう少し整理してからご意見を頂けると幸いに思います。
少し,なので今すぐにコメントするのは止めて、少し様子をみたいと思います。
結構,あえて意見は書きませんし、返信も結構です。
かなり,カルダングリフの絵が見当たらなかったため、かなり適当な絵で代用しておりました。
かなり,「セキュリティ技術」はかなり広範囲をカバーするよう定義されていますが、「コンピュータ・セキュリティ」というカテゴリをサブカテゴリとして作るべきではないかと思うのです。
あまり,:「Category:セキュリティ技術」の定義説明は、確か Category 機能ができて間もないころにあまり余所と合せることを考えずに作文してしまったので、既に現状とは一致していない部分があるように思っています。
十分,不十分なところはご指摘下さい。
あまり,"ただ全く個人的な感覚の話ですが、カタカナの ""コンピュータセキュリティ"" という言葉はあまり使用しないので、無くても気になりませんでした。"
かなり,"ご指摘の英語版との比較では「en:Category:Computer science」には「en:Cryptography」は含まれていませんし、LNCSに収録されている範囲で判断するのは、かなり広すぎるように思います(裏表紙のThe scope of LNCS,... の説明をみて頂ければ、かなり沢山であることが分ります)。"
ある程度,それではある程度整備が進んだ時点で再考いただければ幸いです。
少し,Sinaの指摘した「[[:Category:数学者]]」「[[:Category:論理学者]]」については、少し時間を掛けて考えて頂けて、結果としてカテゴリを外して頂けたようで幸いに思います。
多少,WEBで検察しただけでは心もとないので、多少は書籍で調べてみてから、[[ノート:マニュエル・ブルーム]]に参加したいと思います。
十分,さらに、今の{{User2|Sina}}さんの発言も十分拙速ですね。
十分,あなたのあの行いも十分無礼です。
少し,「ヴォイニッチ手稿」とは懐かしいなあと思い、記事を見に行くと、挿絵も入って、なかなか立派な記事になっていますが、少し読んでみると、何か記憶にある文章なので、2005年5月頃のある版と最新版のあいだで差分を取って比較してみると、内容は、文章的には、7、8割ほど、ほとんど2年前と変わっていないことを知りました。
あまり,数字が全角になっているように、当時はあまりウィキペディアの文章の書き方を知らなかったのですね。
ちょっと,私のコメントが何でもないことだとする主張がちょっとおかしいと思います。
ちょっと,なお、'''私のコメントが何でもないことだとする主張がちょっとおかしい'''とのことですが、「会話ページの何でもないコメントを削除する・・・」とは「利用者:Hsz」さんのコメントを引用したものです。
ちょっと,ですから、ご自分のコメントがちょっとおかしいとコメントされているのですね。
かなり,定義そのものや、議論が意味不明なので、かなりこの議論に関わっていないと判断できないものもあります。
十分,勿論初版のカテゴリーの付け方が不十分だったとしたらそれに適切なカテゴリーを付与するのは親切なのですが、この場合初版に敬意を表して、あるいは意向を尊重しても良かったのではないかと思います。
非常に,::丸木舟については、そういうことですが、文化関連のカテゴリ構造に付いては非常に問題があると思っています。
十分,::十分なご議論の上、良いカテゴリ構造としてくださることを期待しています。
それなり,それでも利用者:59.86.76.6さんから「失礼だ」とのご指摘を受けるからには、それなりな理由があってのことだと思い、良く理解しておくべきだと考えておりますが、「編集が性急すぎる」ので「お節介だと思います」というのは、多分に利用者:219.117.107.22さんの主観的感想だろうと思います。
少し,少し前から「民俗資料」と「民俗文化財」という用語について、今のWikipediaの解説に疑問を感じて、調べています。
大変,お手を煩わせてしまい大変恐縮ですが、[[Template‐ノート:Catnav]]を是非ご一読ください。
ちょっと,:: 問題が発生するかどうかはちょっとわかりませんが、カテゴリツリーがループしてしまうので、その点でなにか起きないか心配です。
少し,今期末で忙しくアクセスできていませんでしたが後少しなのでそれが片付いたら整理します。
わりと,どちらが正しいはわかりませんが、こういう記述もわりとありました。
それなり,日本語のみでなく各言語で同様の記述がされているのにはそれなりの理由があると思えます。
かなり,戦後すでにかなりの年月が経ちますが、歴史背景を事実としてとらえ、一般社会に「過去にこういうことがあったんです」と伝える必要があると思います。
非常に,なるほど、使い方がいまいちよくわからなかった部分があったので非常にたすかりました。
少し,ROM専でしたが、少し参加します。
あまり,ただし、この<nowiki><br /></nowiki>の使用はあまり推奨されていません（見つけると上記のように除去し1行にするような編集をされる方も多くいらっしゃいます）ので、なるべく使わずにすむ記述を心がけていただければと思います。
大変,"*あなた様のページを勝手に改編した事をお詫び申し上げます｡謝罪が大変遅れた事も合わせてお詫び申し上げます--[[利用者:Goncyan|Goncyan]] 2007年9月16日 (日) 06:41 (UTC)
"
結構,なお、このウィキメールは多数の利用者様へ送信していますので、返信は結構です（＾人＾） --[[利用者:Σ64|Sigma64]] 2012年1月3日 (火) 23:29 (UTC)
非常に,参加して頂いた矢先からこのようなお知らせをすることになって申し訳ないのですが、ウィキペディアには、非常に短い記述だけの記事を新設したり、余り発展の余地のなさそうな話題を扱うページを新設することの是非については、いろいろと議論があります。
十分,せっかく作成して頂いた記事も、内容が十分でないと後になって削除されるようなことになるかも知れませんので、できるだけ、量的、内容的にまとまりのあるものを書いていただけるよう、お願いできますでしょうか？
少し,その中でほんの少しだけなのですが、人物の記事については[[Wikipedia:スタイルマニュアル (人物伝)]]に書き方が大体定められておりまして、あなたの書かれている冒頭部分がほんのちょっとだけ異なっているために多くの方が手直しをされています。
ちょっと,その中でほんの少しだけなのですが、人物の記事については[[Wikipedia:スタイルマニュアル (人物伝)]]に書き方が大体定められておりまして、あなたの書かれている冒頭部分がほんのちょっとだけ異なっているために多くの方が手直しをされています。
かなり,[[正木頼忠]]の記事を読んでかなり誤りがあるので修正しました。
ちょっと,== ちょっと使ってみました。
かなり,まだ使用して半日ほどなのですが、直感的にかなりよいです。
あまり,:致命的、というのは実態よりも大袈裟かもしれませんが、なにぶん「自分が仕事として使えるか」という基準で考えると、思考をあまりに度々中段させてしまう、という側面もあります。
あまり,::こちらは忘れていたと言うより、一ヶ月以上もwikiから離れていたので、あまり気にかけていませんでした(苦笑)。
十分,久し振りにwiki編集の場に戻って来た者としては、感覚の欠落を補うにに必要にして十分以上です。
あまり,[[国際刑事裁判所]]であまり一般的ではない、インデントの用い方をされていますが（[http://ja.wikipedia.org/w/index.php?
大変,きょうは大変な力作、[[ニック・ボロテリー・テニスアカデミー]]の新規記事をありがとうございました。
少し,滅多なことでは英語版から翻訳せず、自分のオリジナル文章で書くポリシーなので、少し遅くなるかもしれませんが、できるだけ早く原稿を進めたいと願っております。
若干,<br>[[錦織圭|錦織]]選手の記述については、[http://blogs.yahoo.co.jp/masaharu_tsuchiya/51322245.html 土屋選手のブログに写真付きで当時の記述]がありましたので、その記述に沿って若干文面を変え、出典を土屋選手のブログとさせていただきました。
十分,[[Wikipedia:検証可能性#自主公表された情報源：公式サイト|Wikipedia:検証可能性]]によれば、自主公表された情報源であっても、選手自身のブログに記載されている情報なのですから、[[国際テニス連盟|ITF]]にも正式登録されているプロの[[テニス選手]]である以上、選手自身のブログにおける写真付き記事というのは一般のそれとは異なる「十分な検証可能性を持つソース」として判断されるのでないでしょうか。
あまり,title=%E6%A0%B8%E5%85%B5%E5%99%A8%E7%A6%81%E6%AD%A2%E6%9D%A1%E7%B4%84&oldid=20146876 例]）、通常国旗アイコンはあまりこのようには使用されないように思います。
あまり,"ただ、私としては、文章の中に画像が現れるのはあまり好ましいことではないと考えるのですが…（もちろん、私もリストなどにおいては国旗を使用することはあります）--[[利用者:H-JAM|H-JAM]] 2009年3月19日 (木) 11:23 (UTC)
"
非常に,:::前回私が書き込んでから今日で1ヶ月が経過しますが、[[利用者:Etranger3 01|Etranger]]さんからご意見がいただけず非常に残念に思います。
あまり,あまりこの件に関して強いご意見をお持ちではないようですので、こちらで逐次国名レターコードをはずしていかせていただきます。
少し,（とはいえこちらも暇な時間があまりありませんので、こちらが気づいたときに少しずつはずさせていただきます）<br />まずは[[国際刑事裁判所]]の記事を修正しましたのでご確認ください。
あまり,（とはいえこちらも暇な時間があまりありませんので、こちらが気づいたときに少しずつはずさせていただきます）<br />まずは[[国際刑事裁判所]]の記事を修正しましたのでご確認ください。
結構,当方としては本件にとく拘るつもりはないので修正頂いた形で結構です。
大変,<br />……ということで、ご多忙のところお邪魔して大変申し訳ありませんでした。
いささか,個々の編集を修正する過程でいささか量が多い事に不毛さを感じた事と、他の編集者への態度に強い疑問を感じた事から、あえてこちらに伺った次第です。
大変,[[ノート:Ism]]をご覧頂いて、ノートの続きにお返事を書いて頂けると大変助かります。
ある程度,また、廃止時期などある程度きっちりと判る範囲で記して頂きたいと思います。
あまり,確かに、何らかの簡単な資料を手に入れて書いていらっしゃる見たいですが、あまり感心しない書き方の一類型です。
あまり,夏休みに入りましたので、パソコンを使った自由研究の一方法と思っているのかと推察いたしますが、あまり感心しないやり方です。
それなり,江川家は代々太郎左衛門を名乗り、江川の子に当たる英武もそれなりに事跡を残した人物で、彼との区別がつかなくなっちゃいますもんね。
やや,これに、さらに文人だと中国伝来の[[字]]など加わり、さらにややこしくなります。
多少,:名前の通称や字などは、多少は知っていたのですが、ここまで詳しくは知りませんでした。
大変,）を使用されていますが、これは凡例等の場所を使って略語の意味を説明している場合は大変有効なのですが、現状の凡例がそこまで整理されていない以上、やはり利用者にとってわかりにくい表現になっているものが見られます。
少し,いつになるかわかりませんが、私ももう少し頭の中を整理したら、Wikipediaの索引の改定について提案をしようと思っています。
少し,::分類はともかく、ふりがなについては私の考え方は少し違いますね。
結構,私が編集している時でも、場所を間違えて並べているものが結構ありましたし、私も正直、間違えました＾＾； 一方で、「=」については、私も利用させていただいてます。
ちょっと,ちょっとあちこちの記述に浮気してました。
とても,このとき、送り仮名「だけ」が省略されているというのはとても不親切です。
ある程度,ただ、イラクの文化（音楽）についてある程度の記述がないと秀逸記事として残しておけないという意見の方が優勢でしたので、単独の記事を立てられた際も、イラク側の記述を残しておいていただけると助かります。
それなり,単なる一般市民が口を挟んだのか、それともそれなりの識者が見解を表明したのか、その違いは大きなものです。
あまり,::ここのところあまり時間が取れないのでスタイルマニュアルの議論に参加できるかどうかはわかりませんが、とりあえず読んでみます。
それなり,ただま、まるっきしの一般市民あるいは門外漢なのか、それなりに専門的な知的訓練を受けたのか、その程度の見分けをつける手がかりにくらいはなるんじゃないかとも思うわけです。
それなり,とりあえずはまあ、不十分であいまいではあるが「博士」というのはそれなりに役立つ記述ではないだろうかと（博士に限らず、聞いたことがないひとがいるような人の名前については、それを記す際に簡略に補足的説明を記述できないだろうかというのは、いろんな局面で思うことなんですがねえ）。
十分,とりあえずはまあ、不十分であいまいではあるが「博士」というのはそれなりに役立つ記述ではないだろうかと（博士に限らず、聞いたことがないひとがいるような人の名前については、それを記す際に簡略に補足的説明を記述できないだろうかというのは、いろんな局面で思うことなんですがねえ）。
それなり,「それなりに役立つ」表記であるというNekosuki600さんのご意向もよくわかるところであり、百科事典に何を求めるかといった部分にもかかわるところではないかと思います。
十分,対応しているソフトウェアを挙げていってはキリがないですからリファレンスになるような実装だけ挙げれば十分だと思います。
少し,何がおっしゃりたいのかよくわからないので、ご意図をもう少しはっきりしていただけると助かります。
少し,あちらのノートの方でも少し触れたのですが、記事の内容は概ね[[山本夏彦]]の『完本 文語文』に出典を得ているように思えます。
あまり,私もあまり詳しくないので記事へは手を入れていませんが、一部作中の言葉そのままの表現もあり、まずいんじゃないかと感じたので、そのご報告だけでもと思い書き込ませていただきました。
相当,そもそも[[Wikipedia:Block log]]の分は相当古いので、考慮しなくても良さそうな気もしています...。
とても,::とても有用なリストの作成と、正式運用の開始につきまして、私からも深くお礼申し上げます。
若干,ただ、今回は前回の依頼時に比べると若干改善した部分も見られます（[[ノート:死刑執行]]を参照）ので、存続意見の方が優勢になるかもしれません。
かなり,加えて、かなり古い話ですが、昭和３０年９月２４日の毎日新聞(大阪版）に高校風土記が掲載されていて、「新教育のモデル校として東の東京五中あり西に高津中学あり」と紹介されています。
結構,もしよろしければ、回答できる範囲で結構ですのでご協力をお願いします。
ちょっと,撮影者がYoutetsuさんですのでどの著作権を選択なさってもよいわけですが、フリーとGFDLではちょっと違ってきてしまいます。
あまり,　といった複雑な状況になるため、現在のウィキペディアにおいては引用はあまりされていないのが現状です。
少し,今整理していますので、もう少しお待ちください。
非常に,そのため、非常に短い記述だけの記事を新設したり、余り発展の余地のなさそうな話題を扱うページを新設することの是非については、いろいろと議論があります。
十分,せっかく作成して頂いた記事も、内容が十分でないと後になって削除されるようなことになるかも知れませんので、できるだけ、量的、内容的にまとまりのあるものを書いていただけるよう、お願いできますでしょうか？
少し,[[アハロン・アッペルフェルド]]少し訳してみました。
ずいぶん,ずいぶんウィキペディアに慣れていらっしゃったと思うのですが、[[特別:Userlogin|アカウントを作成]]すると[[特別:Preferences|便利な設定]]を利用できます。
