hedge,sentence,gemini_label,softness_harshness,formality,degree,softens_harshness
very,"* ClueBot NG makes very few mistakes, but it does happen.","{""is_modifier"": true, ""softens_harshness"": 5, ""formality"": 5, ""degree"": 5}",5.0,5.0,5.0,5.0
very," Wikipedia has a very strict policy concerning [[Wikipedia:Biographies of living persons|how we write about living people]], so please help us keep such articles accurate and clear.","{""is_modifier"": true, ""softens_harshness"": 3, ""formality"": 5, ""degree"": 5}",3.0,5.0,5.0,3.0
very,It's very important that contributors understand and follow these practices.,"{""is_modifier"": true, ""softens_harshness"": 4, ""formality"": 5, ""degree"": 5}",4.0,5.0,5.0,4.0
a little,"* It's normal to feel a little overwhelmed, but don't worry if you don't understand everything at first—it's fine to edit using common sense.","{""is_modifier"": true, ""softens_harshness"": 8, ""formality"": 4, ""degree"": 5}",8.0,4.0,5.0,8.0
really," And because LLMs are apt to make significant errors that sound plausible, you really want to steer clear of using them.","{""is_modifier"": true, ""softens_harshness"": 4, ""formality"": 3, ""degree"": 4}",4.0,3.0,4.0,4.0
very, Wikipedia takes copyright violations very seriously and persistent violators '''will be [[Wikipedia:Blocking policy|blocked from editing]]'''.,"{""is_modifier"": true, ""softens_harshness"": 4, ""formality"": 5, ""degree"": 5}",4.0,5.0,5.0,4.0
very,&#32;Your recent contributions may have already been undone for this very reason.,"{""is_modifier"": true, ""softens_harshness"": 5, ""formality"": 7, ""degree"": 0}",5.0,7.0,0.0,5.0
very,"(Boeing747Pilot)"" with your signature, as it is very annoying.","{""is_modifier"": true, ""softens_harshness"": 2, ""formality"": 5, ""degree"": 5}",2.0,5.0,5.0,2.0
very,::::This is still very distracting.,"{""is_modifier"": true, ""softens_harshness"": 4, ""formality"": 5, ""degree"": 5}",4.0,5.0,5.0,4.0
very,:Thank you very much!,"{""is_modifier"": true, ""softens_harshness"": 5, ""formality"": 6, ""degree"": 5}",5.0,6.0,5.0,5.0
rather, The note they left on my talk page was “Accepting your own AFC submission is rather gauche.,"{""is_modifier"": true, ""softens_harshness"": 7, ""formality"": 8, ""degree"": 4}",7.0,8.0,4.0,7.0
a bit," I didn’t see any issues that would warrant such quick draftification, so I was a bit confused by this action.","{""is_modifier"": true, ""softens_harshness"": 8, ""formality"": 4, ""degree"": 5}",8.0,4.0,5.0,8.0
really," Although waiting in line at Articles for Creation can be frustrating, it can also be really helpful to get feedback on your drafts.","{""is_modifier"": true, ""softens_harshness"": 6, ""formality"": 4, ""degree"": 4}",6.0,4.0,4.0,6.0
very," If you notice exceptional contributions in project areas by any editor, feel free to show them some appreciation by awarding them their very own ✨barnstar✨.","{""is_modifier"": true, ""softens_harshness"": 6, ""formality"": 4, ""degree"": 0}",6.0,4.0,0.0,6.0
quite," I am not quite sure how to proceed, any help would be appreciated, thank you in advance!","{""is_modifier"": true, ""softens_harshness"": 8, ""formality"": 6, ""degree"": 5}",8.0,6.0,5.0,8.0
very," I noticed that you made a comment  that didn't seem very [[Wikipedia:Civility|civil]], so it may have been removed.","{""is_modifier"": true, ""softens_harshness"": 8, ""formality"": 6, ""degree"": 4}",8.0,6.0,4.0,8.0
reasonably,"  In keeping with Wikipedia's [[Wikipedia:Neutral point of view|neutral point of view]] policy, edits where there is a conflict of interest, or where such a conflict might reasonably be inferred from the tone of the edit and the proximity of the editor to the subject, are strongly discouraged.","{""is_modifier"": true, ""softens_harshness"": 7, ""formality"": 8, ""degree"": 4}",7.0,8.0,4.0,7.0
extremely,""" I created a talk page to discuss this, but the lack of engagement and disagreement from others was extremely frustrating.","{""is_modifier"": true, ""softens_harshness"": 2, ""formality"": 5, ""degree"": 5}",2.0,5.0,5.0,2.0
a little,":{{Non-administrator comment}} Hi {{ping|Ryke001}}, I came across your appeal and wanted to see if I could help bolster your case a little whilst you're waiting for a decision.","{""is_modifier"": true, ""softens_harshness"": 7, ""formality"": 4, ""degree"": 4}",7.0,4.0,4.0,7.0
quite," You usually need to explain the exact steps that you'll take in future, but the AI can never quite get that part so they just get rejected.","{""is_modifier"": true, ""softens_harshness"": 7, ""formality"": 5, ""degree"": 4}",7.0,5.0,4.0,7.0
really,":So, imagine that you've spent absolutely ages on an edit that you're really proud of.","{""is_modifier"": true, ""softens_harshness"": 5, ""formality"": 4, ""degree"": 5}",5.0,4.0,5.0,5.0
really,":::The ""clue"" was the [[Wikipedia:BOLD, revert, discuss cycle]] page, which is really helpful for this sort of thing.","{""is_modifier"": true, ""softens_harshness"": 5, ""formality"": 4, ""degree"": 4}",5.0,4.0,4.0,5.0
very," You moved them from DOB to DOD, knowing very well that this was neither the closure decision at RM nor (as you have just admitted) standard disambiguation.","{""is_modifier"": true, ""softens_harshness"": 2, ""formality"": 5, ""degree"": 4}",2.0,5.0,4.0,2.0
really, So I'm really not sure why you made the decision to move them.,"{""is_modifier"": true, ""softens_harshness"": 4, ""formality"": 4, ""degree"": 4}",4.0,4.0,4.0,4.0
a bit, It seems a bit weird.,"{""is_modifier"": true, ""softens_harshness"": 8, ""formality"": 3, ""degree"": 5}",8.0,3.0,5.0,8.0
very,::::You are wrong that I knew {{tq|very well that this was [not] standard disambiguation}}.,"{""is_modifier"": true, ""softens_harshness"": 4, ""formality"": 5, ""degree"": 5}",4.0,5.0,5.0,4.0
really," In those circumstances, you really had no good reason to move them again unless you had failed to read both the RM debate and the page history.","{""is_modifier"": true, ""softens_harshness"": 3, ""formality"": 4, ""degree"": 2}",3.0,4.0,2.0,3.0
very, There is a very large backlog at RM and I'm trying to handle it.,"{""is_modifier"": true, ""softens_harshness"": 4, ""formality"": 5, ""degree"": 5}",4.0,5.0,5.0,4.0
slightly,"* '''[[Wikipedia:Requests for adminship/2024 review/Phase I#Proposal 12c: Lower the high end of the bureaucrats' discretionary zone from 75% to 70%|Proposals 12c]]''', '''[[Wikipedia:Requests for adminship/2024 review/Phase I#Proposal 21: Reduce threshold of consensus at RfA|21]]''', and '''[[Wikipedia:Requests for adminship/2024 review/Phase I#Proposal 21b: Slightly reduce threshold of consensus at RfA|21b]]''', initiated by {{noping|City of Silver}}, {{u|Ritchie333}}, and {{u|HouseBlaster}}, respectively, provide for reducing the discretionary zone, which currently extends from 65% to 75%.","{""is_modifier"": true, ""softens_harshness"": 7, ""formality"": 5, ""degree"": 5}",7.0,5.0,5.0,7.0
a little," It's only there because I started it before I was autoconfirmed, and I believe once I have cleaned up a little bit I the article can be moved to the main space and out of the draft section.","{""is_modifier"": true, ""softens_harshness"": 7, ""formality"": 4, ""degree"": 5}",7.0,4.0,5.0,7.0
very,:what I did was totally wrong and my article seem to be very promotional but I promise that it wasn't the case.,"{""is_modifier"": true, ""softens_harshness"": 3, ""formality"": 5, ""degree"": 5}",3.0,5.0,5.0,3.0
very," I'm very new here and saw that no one made article yet so I tried making one, and all the info I put in was easily found in their website.","{""is_modifier"": true, ""softens_harshness"": 6, ""formality"": 5, ""degree"": 5}",6.0,5.0,5.0,6.0
very, I was just very excited to make my first article in Wiki.,"{""is_modifier"": true, ""softens_harshness"": 5, ""formality"": 5, ""degree"": 5}",5.0,5.0,5.0,5.0
very," I'm very new on Wikipedia and I've learned my mistake, kindly help to unblock me and I've learned how to make an article in Wikipedia|decline=Superseded by the below request.","{""is_modifier"": true, ""softens_harshness"": 7, ""formality"": 5, ""degree"": 4}",7.0,5.0,4.0,7.0
very," You say that you know exactly what you did wrong and that you know how to avoid it going forwards, but then you don't give any details and also completely ignore the very specific instructions given for you to follow for your unblock request.","{""is_modifier"": true, ""softens_harshness"": 3, ""formality"": 5, ""degree"": 5}",3.0,5.0,5.0,3.0
very, This is my first time trying to contribute articles to Wiki so everything was still very confusing on my side.,"{""is_modifier"": true, ""softens_harshness"": 4, ""formality"": 5, ""degree"": 5}",4.0,5.0,5.0,4.0
really," but I hope with more clarification from my side, it could be unblock so I can really prove I'm really learning about this [[User:Agneseffendy|Agneseffendy]] ([[User talk:Agneseffendy#top|talk]]) 17:55, 24 January 2025 (UTC)","{""is_modifier"": true, ""softens_harshness"": 6, ""formality"": 3, ""degree"": 4}",6.0,3.0,4.0,6.0
very,{{unblock reviewed|decline={{tq|my article seem to be very promotional but I promise that it wasn't the case.,"{""is_modifier"": true, ""softens_harshness"": 4, ""formality"": 5, ""degree"": 5}",4.0,5.0,5.0,4.0
very,"  [[User:Beeblebrox|Beeblebrox]] [[User talk:Beeblebrox|<sup>Beebletalks</sup>]] 21:48, 24 January 2025 (UTC)|1=what I did was totally wrong and my article seem to be very promotional but I promise that it wasn't the case.","{""is_modifier"": true, ""softens_harshness"": 3, ""formality"": 5, ""degree"": 5}",3.0,5.0,5.0,3.0
a bit,'' is a bit of a giveaway!,"{""is_modifier"": true, ""softens_harshness"": 8, ""formality"": 3, ""degree"": 4}",8.0,3.0,4.0,8.0
very," To be very honest as this is my first time trying to contribute, I thought as it is still under draft ther would be chances for me to reedit again after I got the warning.","{""is_modifier"": true, ""softens_harshness"": 7, ""formality"": 5, ""degree"": 2}",7.0,5.0,2.0,7.0
really, ok ok im sorry but you know it was really just that.,"{""is_modifier"": true, ""softens_harshness"": 6, ""formality"": 4, ""degree"": 2}",6.0,4.0,2.0,6.0
very,"-- Template:uw-vandalism4 --> <b>[[User:Yoshi24517|<span style=""color:#00c700;font-family:'Rockwell'"">Yoshi24517</span>]] ([[User talk:Yoshi24517|<span style=""color:black;font-family:'Rockwell'"">Chat</span>]]) (<span style=""color:red;font-family:'Rockwell'"">Very Busy</span>)</b> 01:01, 26 January 2025 (UTC)","{""is_modifier"": true, ""softens_harshness"": 5, ""formality"": 5, ""degree"": 5}",5.0,5.0,5.0,5.0
rather,"{{divbox|blue|3=Although this article is currently rather long, it shouldn't be.","{""is_modifier"": true, ""softens_harshness"": 7, ""formality"": 7, ""degree"": 4}",7.0,7.0,4.0,7.0
very, That article is currently very brief and has plenty of room for expansion.,"{""is_modifier"": true, ""softens_harshness"": 4, ""formality"": 5, ""degree"": 5}",4.0,5.0,5.0,4.0
very,":@[[User:Ekdalian|Ekdalian]] Okay, I understood your point very well.","{""is_modifier"": true, ""softens_harshness"": 6, ""formality"": 5, ""degree"": 5}",6.0,5.0,5.0,6.0
really,":thank  you, I'm really trying hard to make this work and would be glad for your help.","{""is_modifier"": true, ""softens_harshness"": 6, ""formality"": 4, ""degree"": 5}",6.0,4.0,5.0,6.0
very,"At this level, very few journalists would have an article due to the notability hurdles under [[WP:BASIC]].","{""is_modifier"": true, ""softens_harshness"": 4, ""formality"": 5, ""degree"": 5}",4.0,5.0,5.0,4.0
a little,{{divbox|blue|3=The article is a little messy and that complicates its notability against [[WP:BIO]].,"{""is_modifier"": true, ""softens_harshness"": 8, ""formality"": 4, ""degree"": 4}",8.0,4.0,4.0,8.0
pretty, The Wikimedia Commons is pretty strict about copyright.,"{""is_modifier"": true, ""softens_harshness"": 7, ""formality"": 3, ""degree"": 5}",7.0,3.0,5.0,7.0
slightly, Our photo of the tumor was current in 2012 was slightly smaller in size.,"{""is_modifier"": true, ""softens_harshness"": 5, ""formality"": 5, ""degree"": 5}",5.0,5.0,5.0,5.0
extremely,:::Cases of giant pleomorpic adenoma is extremely rare.,"{""is_modifier"": true, ""softens_harshness"": 4, ""formality"": 5, ""degree"": 5}",4.0,5.0,5.0,4.0
very, They are even very rare to be surgically removed because of the complexity of the surgery and there are only a handful of surgeons even willing to do the surgery.,"{""is_modifier"": true, ""softens_harshness"": 5, ""formality"": 4, ""degree"": 5}",5.0,4.0,5.0,5.0
very,:::It is also very rare to have a surgery like this without any complications and that is why there are only a handful of surgeons even willing to tackle this.,"{""is_modifier"": true, ""softens_harshness"": 5, ""formality"": 5, ""degree"": 5}",5.0,5.0,5.0,5.0
a bit," I've removed the promotional text from the image captions, re-worded them a bit, and put the images in a more useful place on the page.","{""is_modifier"": true, ""softens_harshness"": 7, ""formality"": 3, ""degree"": 4}",7.0,3.0,4.0,7.0
mostly,{{divbox|blue|3=Mostly unsourced}} Please check the submission for any additional comments left by the reviewer.,"{""is_modifier"": true, ""softens_harshness"": 7, ""formality"": 5, ""degree"": 5}",7.0,5.0,5.0,7.0
a bit,":::::::I'm a bit concerned that you said ""a friend set up this account"".","{""is_modifier"": true, ""softens_harshness"": 8, ""formality"": 4, ""degree"": 4}",8.0,4.0,4.0,8.0
pretty," My approach until now was to say, oh well, it’s pretty evident that the information there has never really been updated, so hopefully no one sees it and uses it as an educational resource.","{""is_modifier"": true, ""softens_harshness"": 7, ""formality"": 3, ""degree"": 4}",7.0,3.0,4.0,7.0
really," My approach until now was to say, oh well, it’s pretty evident that the information there has never really been updated, so hopefully no one sees it and uses it as an educational resource.","{""is_modifier"": true, ""softens_harshness"": 8, ""formality"": 4, ""degree"": 3}",8.0,4.0,3.0,8.0
mostly," The alternative is that the page continues to contain mostly inaccurate and unhelpful information, which I feel is the opposite of Wikipedia’s goals.","{""is_modifier"": true, ""softens_harshness"": 6, ""formality"": 5, ""degree"": 5}",6.0,5.0,5.0,6.0
relatively, Given its a relatively small event comparatively to Henley Royal Regatta what sort of things would you advise looking into that would make you feel this has adequate sources?,"{""is_modifier"": true, ""softens_harshness"": 7, ""formality"": 7, ""degree"": 4}",7.0,7.0,4.0,7.0
very, Newcomers are very welcome!,"{""is_modifier"": true, ""softens_harshness"": 6, ""formality"": 5, ""degree"": 5}",6.0,5.0,5.0,6.0
very,Newcomers are very welcome!,"{""is_modifier"": true, ""softens_harshness"": 6, ""formality"": 5, ""degree"": 5}",6.0,5.0,5.0,6.0
partially,We will be partially coordinating with the international [[meta:Wiki Loves Fashion|Wiki Loves Fashion]] campaign.,"{""is_modifier"": true, ""softens_harshness"": 6, ""formality"": 6, ""degree"": 5}",6.0,6.0,5.0,6.0
very,"Thank you very much for participating in the [[Wikipedia:WikiProject AfroCine/Months of African Cinema|Months of African Cinema]] global contest/edit-a-thon, and thank you for your contributions so far.","{""is_modifier"": true, ""softens_harshness"": 5, ""formality"": 5, ""degree"": 5}",5.0,5.0,5.0,5.0
very,"We are very excited about what has been achieved so far, but your contributions are still needed to further exceed all expectations!","{""is_modifier"": true, ""softens_harshness"": 5, ""formality"": 5, ""degree"": 5}",5.0,5.0,5.0,5.0
very,This was a very lovely workshop!,"{""is_modifier"": true, ""softens_harshness"": 5, ""formality"": 5, ""degree"": 5}",5.0,5.0,5.0,5.0
partially,We will be partially coordinating with Art+Feminism and all of the [[meta:Gender gap/International Women's Day|International Women's Day and Women's History Month]] campaigns.,"{""is_modifier"": true, ""softens_harshness"": 6, ""formality"": 6, ""degree"": 5}",6.0,6.0,5.0,6.0
really,It is already past the middle of the contest and we are really excited about the [[Wikipedia:WikiProject AfroCine/Months of African Cinema|Months of African Contest 2021]] achievements so far!,"{""is_modifier"": true, ""softens_harshness"": 5, ""formality"": 4, ""degree"": 5}",5.0,4.0,5.0,5.0
very,We are very excited to share with you the wireframes for the desktop version of the '''On-Wiki Registration Tool'''.,"{""is_modifier"": true, ""softens_harshness"": 5, ""formality"": 4, ""degree"": 5}",5.0,4.0,5.0,5.0
really," We invite everyone to attend, and we really hope to see you!","{""is_modifier"": true, ""softens_harshness"": 6, ""formality"": 4, ""degree"": 4}",6.0,4.0,4.0,6.0
very,* [[outreach:GLAM/Newsletter/July 2022/Contents/Colombia report|Colombia report]]: A very busy July for Colombian libraries / Un Julio bastante movido para las bibliotecas colombianas ,"{""is_modifier"": true, ""softens_harshness"": 5, ""formality"": 5, ""degree"": 5}",5.0,5.0,5.0,5.0
very," and elsewhere, and it is obviously still a very much overlooked topic.","{""is_modifier"": true, ""softens_harshness"": 4, ""formality"": 5, ""degree"": 5}",4.0,5.0,5.0,4.0
really," Moreover, there has been some solid scholarship in recent years that I think could really help fine-tune the page ([https://www.google.com/books/edition/Theodore_Gericault_Painting_Black_Bodies/RbjbDwAAQBAJ?hl=en&gbpv=0 book 1], [https://www.google.com/books/edition/Posing_Modernity/z731tAEACAAJ?hl=en book 2] just two give a few examples).","{""is_modifier"": true, ""softens_harshness"": 6, ""formality"": 3, ""degree"": 4}",6.0,3.0,4.0,6.0
somewhat,"This is somewhat of a sequel to last year's [[Wikipedia:Meetup/NYC/Brunch]] in terms of the participants, though this time it is an evening event in a different borough.","{""is_modifier"": true, ""softens_harshness"": 6, ""formality"": 6, ""degree"": 4}",6.0,6.0,4.0,6.0
really,"We may leaven the event with a few impromptu [[lightning talk]]s, a Wiki-fashion show (yes, really!","{""is_modifier"": true, ""softens_harshness"": 5, ""formality"": 2, ""degree"": 0}",5.0,2.0,0.0,5.0
really, It was really nice to meet you yesterday in Berlin and listen to your inspiring talk.,"{""is_modifier"": true, ""softens_harshness"": 6, ""formality"": 4, ""degree"": 5}",6.0,4.0,5.0,6.0
very,* [[outreach:GLAM/Newsletter/September 2023/Contents/UK report|UK report]]: A new WIR and a very old book,"{""is_modifier"": true, ""softens_harshness"": 5, ""formality"": 5, ""degree"": 5}",5.0,5.0,5.0,5.0
very," On behalf of the coordinators,  wishing you the very best for the festive season and the new year.","{""is_modifier"": true, ""softens_harshness"": 5, ""formality"": 6, ""degree"": 1}",5.0,6.0,1.0,5.0
sort of,"<div lang=""en"" dir=""ltr"" class=""mw-content-ltr"">This is our twenty-seventh newsletter, a sort of year-in-review for 2023.","{""is_modifier"": true, ""softens_harshness"": 6, ""formality"": 3, ""degree"": 3}",6.0,3.0,3.0,6.0
largely," While the journey has been marked by some truly inspiring events, most of our efforts have been largely uncoordinated and the user group hasn't been the support it could have been.","{""is_modifier"": true, ""softens_harshness"": 6, ""formality"": 7, ""degree"": 4}",6.0,7.0,4.0,6.0
a bit,We'll also [[New York–Dublin Portal|do a portal thing]] for a bit with West Coast friends at [[Wikipedia:Meetup/LA/Wiknic2024]].,"{""is_modifier"": true, ""softens_harshness"": 6, ""formality"": 4, ""degree"": 4}",6.0,4.0,4.0,6.0
a little," We'll also provide a little something for everyone, but we encourage you to bring your own favorite dishes to share, especially for those [[Wikipedia:WikiProject Food and drink|food cultural topics]] you would like to improve on Wikipedia.","{""is_modifier"": true, ""softens_harshness"": 7, ""formality"": 4, ""degree"": 3}",7.0,4.0,3.0,7.0
a bit,We'll also [[New York–Dublin Portal|do a portal thing]] for a bit with West Coast friends at the [[Wikipedia:Meetup/LA/Manhattan Beach Edit-a-thon|WikiLA ocean life edit-a-thon]].,"{""is_modifier"": true, ""softens_harshness"": 6, ""formality"": 4, ""degree"": 5}",6.0,4.0,5.0,6.0
very," On behalf of the coordinators, wishing you the very best for the festive season and the new year.","{""is_modifier"": true, ""softens_harshness"": 5, ""formality"": 6, ""degree"": 1}",5.0,6.0,1.0,5.0
somewhat,"We'll also have [[Wikipedia:Meetup/NYC/Wikipedia Day 2025#Lightning talks|a lightning talks session]] and you're invited to sign up for one, though space is somewhat limited.","{""is_modifier"": true, ""softens_harshness"": 8, ""formality"": 6, ""degree"": 4}",8.0,6.0,4.0,8.0
very," Wikipedia takes copyright very seriously, and persistent violators of our copyright policy '''will be [[Wikipedia:Blocking policy|blocked from editing]]'''.","{""is_modifier"": true, ""softens_harshness"": 2, ""formality"": 5, ""degree"": 5}",2.0,5.0,5.0,2.0
very, Wikipedia takes copyright violations very seriously and persistent violators and/or removers of the copyright notice templates '''will be [[Wikipedia:Blocking policy|blocked from editing]]'''.,"{""is_modifier"": true, ""softens_harshness"": 4, ""formality"": 5, ""degree"": 5}",4.0,5.0,5.0,4.0
really," I guess the main problem boils down to how prolific really is Rossi to create an article, I've been needing to still go through some other sources and get some FOIA requests to probably make a more extensive page if it's possible but I do own a few books that talk in parts about him that could be of contribution.","{""is_modifier"": true, ""softens_harshness"": 5, ""formality"": 4, ""degree"": 4}",5.0,4.0,4.0,5.0
somewhat, but I was curious on other details of that to hopefully make the article span out somewhat.,"{""is_modifier"": true, ""softens_harshness"": 6, ""formality"": 6, ""degree"": 4}",6.0,6.0,4.0,6.0
a bit, I've been an incredible procrasinator the last week and had issues doing FOIA requests for a bit so I really need to request that.,"{""is_modifier"": true, ""softens_harshness"": 7, ""formality"": 4, ""degree"": 4}",7.0,4.0,4.0,7.0
really, I've been an incredible procrasinator the last week and had issues doing FOIA requests for a bit so I really need to request that.,"{""is_modifier"": true, ""softens_harshness"": 4, ""formality"": 4, ""degree"": 4}",4.0,4.0,4.0,4.0
rather," I have things that are discouraging me right now, but I would rather not discuss it.","{""is_modifier"": true, ""softens_harshness"": 8, ""formality"": 7, ""degree"": 0}",8.0,7.0,0.0,8.0
quite, I copied quite a long 'find-and-update.,"{""is_modifier"": true, ""softens_harshness"": 5, ""formality"": 6, ""degree"": 4}",5.0,6.0,4.0,5.0
quite,::::: Quite an interesting year.,"{""is_modifier"": true, ""softens_harshness"": 5, ""formality"": 6, ""degree"": 4}",5.0,6.0,4.0,5.0
very," Please make sure that you [[Wikipedia:Signatures|sign]] your messages on [[Help:Using talk pages|discussion page]]s, which is done by entering four [[tilde]]s (<nowiki>~~~~</nowiki>) at the very end of it; this will automatically insert your username and the date.","{""is_modifier"": true, ""softens_harshness"": 5, ""formality"": 5, ""degree"": 2}",5.0,5.0,2.0,5.0
really, The whole page has major edits and I really need these back ASAP.,"{""is_modifier"": true, ""softens_harshness"": 4, ""formality"": 4, ""degree"": 5}",4.0,4.0,5.0,4.0
very, I had unfortunately contacted the client who is now very confused.,"{""is_modifier"": true, ""softens_harshness"": 3, ""formality"": 5, ""degree"": 5}",3.0,5.0,5.0,3.0
quite,::::::Not quite.,"{""is_modifier"": true, ""softens_harshness"": 8, ""formality"": 6, ""degree"": 5}",8.0,6.0,5.0,8.0
quite, She lost her mom when she was quite young and grew up with so much love for her dad whom she also lost in march 2021.,"{""is_modifier"": true, ""softens_harshness"": 6, ""formality"": 6, ""degree"": 4}",6.0,6.0,4.0,6.0
very,"She grew up very fond of her father who was a Legal Practitioner, whom she talks highly of.","{""is_modifier"": true, ""softens_harshness"": 5, ""formality"": 5, ""degree"": 5}",5.0,5.0,5.0,5.0
rather,":My intention is not self-promotion, but rather to contribute to the creation of an objective and well-documented article about my career and achievements.","{""is_modifier"": true, ""softens_harshness"": 6, ""formality"": 8, ""degree"": 0}",6.0,8.0,0.0,6.0
very,":Thank you very much for your help,","{""is_modifier"": true, ""softens_harshness"": 5, ""formality"": 6, ""degree"": 5}",5.0,6.0,5.0,5.0
very,":::all the very best [[Special:Contributions/31.168.146.73|31.168.146.73]] ([[User talk:31.168.146.73|talk]]) 17:07, 3 March 2025 (UTC)","{""is_modifier"": true, ""softens_harshness"": 6, ""formality"": 6, ""degree"": 4}",6.0,6.0,4.0,6.0
largely,"As is noted at the top of [[List of Jewish heads of state and government]], ""is is a list of former and current heads of state and heads of government of the sovereign countries who were/are of Jewish or have a largely Jewish heritage, '''other than the heads of state and government of Israel'''.","{""is_modifier"": true, ""softens_harshness"": 6, ""formality"": 6, ""degree"": 5}",6.0,6.0,5.0,6.0
really," The ""classification"" really has no meaning otherwise and shouldn't be used to gauge the quality of an article.","{""is_modifier"": true, ""softens_harshness"": 4, ""formality"": 3, ""degree"": 2}",4.0,3.0,2.0,4.0
a bit," I feel a bit discouraged, as it seems that even by following the rules, the effort may not be acknowledged.","{""is_modifier"": true, ""softens_harshness"": 8, ""formality"": 4, ""degree"": 5}",8.0,4.0,5.0,8.0
really," I’m open to compromise and collaboration, but I would really appreciate your guidance, especially since you initially assessed the article as C-Class.","{""is_modifier"": true, ""softens_harshness"": 7, ""formality"": 4, ""degree"": 4}",7.0,4.0,4.0,7.0
very,::::::Editorial user1998 should also be aware that continuing to use WP to promote himself is very likely to result in an editing block.,"{""is_modifier"": true, ""softens_harshness"": 3, ""formality"": 5, ""degree"": 5}",3.0,5.0,5.0,3.0
fairly," I appreciate the collaborative efforts on improving the article, but I hope these edits can be handled fairly and constructively.","{""is_modifier"": true, ""softens_harshness"": 5, ""formality"": 6, ""degree"": 0}",5.0,6.0,0.0,5.0
very," Wikipedia has a '''very strict policy''' concerning [[Wikipedia:Biographies of living persons|how we write about living people]], so please help us keep such articles accurate and clear.","{""is_modifier"": true, ""softens_harshness"": 4, ""formality"": 5, ""degree"": 5}",4.0,5.0,5.0,4.0
very,* A very big {{Thank you}} to all the editors who labour away quietly and help make this WikiProject what it is; no edit goes unnoticed.,"{""is_modifier"": true, ""softens_harshness"": 5, ""formality"": 5, ""degree"": 5}",5.0,5.0,5.0,5.0
really, I really appreciate the double check.,"{""is_modifier"": true, ""softens_harshness"": 6, ""formality"": 4, ""degree"": 5}",6.0,4.0,5.0,6.0
quite,"*[[Draft:Jehovah's Witnesses in France]] (a translation from [[:pl:Świadkowie Jehowy we Francji|the article on plwiki]] where someone [https://en.wikipedia.org/w/index.php?title=Draft%3AJehovah%27s_Witnesses_in_France&diff=1281581316&oldid=1281580982 got quite sloppy with the sources], plwiki got 108 sources listed.","{""is_modifier"": true, ""softens_harshness"": 7, ""formality"": 6, ""degree"": 4}",7.0,6.0,4.0,7.0
very,There are basically no (or very very few) non-primary sources.,"{""is_modifier"": true, ""softens_harshness"": 4, ""formality"": 3, ""degree"": 5}",4.0,3.0,5.0,4.0
a bit,"::She didn't say that, as far as I know (note that it got a bit confusing because the title changed).","{""is_modifier"": true, ""softens_harshness"": 8, ""formality"": 4, ""degree"": 4}",8.0,4.0,4.0,8.0
a bit, They need quite a bit of work and I don't really wanna do it on my own.,"{""is_modifier"": true, ""softens_harshness"": 5, ""formality"": 5, ""degree"": 5}",5.0,5.0,5.0,5.0
quite a bit, They need quite a bit of work and I don't really wanna do it on my own.,"{""is_modifier"": true, ""softens_harshness"": 6, ""formality"": 4, ""degree"": 5}",6.0,4.0,5.0,6.0
quite, They need quite a bit of work and I don't really wanna do it on my own.,"{""is_modifier"": true, ""softens_harshness"": 5, ""formality"": 6, ""degree"": 5}",5.0,6.0,5.0,5.0
really, They need quite a bit of work and I don't really wanna do it on my own.,"{""is_modifier"": true, ""softens_harshness"": 8, ""formality"": 4, ""degree"": 3}",8.0,4.0,3.0,8.0
really, Occasionally I see people who try to write one but don't really fill the template in properly.,"{""is_modifier"": true, ""softens_harshness"": 8, ""formality"": 4, ""degree"": 2}",8.0,4.0,2.0,8.0
very,":I didn't know about the edit request wizard but the reason I think the article wizard, for example, works well is that it combines helping with a technical task (which is not very hard, but still) with step-by-step guidance on the relevant PAGs.","{""is_modifier"": true, ""softens_harshness"": 6, ""formality"": 5, ""degree"": 5}",6.0,5.0,5.0,6.0
pretty,"::Yeah, it's pretty nice, I've used it myself at least once.","{""is_modifier"": true, ""softens_harshness"": 6, ""formality"": 3, ""degree"": 4}",6.0,3.0,4.0,6.0
a little,"Once voting concludes, we will begin the scrutineering phase, which will last approximately four days, or perhaps a little longer.","{""is_modifier"": true, ""softens_harshness"": 7, ""formality"": 4, ""degree"": 5}",7.0,4.0,5.0,7.0
reasonably,"* Publicly linking a TA to another TA is allowed if ""reasonably believed to be necessary"".","{""is_modifier"": true, ""softens_harshness"": 7, ""formality"": 8, ""degree"": 4}",7.0,8.0,4.0,7.0
really,"Active support is really needed so thanks in advance and have a great day [[User:Tartaluca|Tartaluca]] ([[User talk:Tartaluca|talk]]) 14:35, 11 November 2025 (UTC)","{""is_modifier"": true, ""softens_harshness"": 5, ""formality"": 4, ""degree"": 5}",5.0,4.0,5.0,5.0
really,"::I would have liked your opinion even if it was really small :)) [[User:Tartaluca|Tartaluca]] ([[User talk:Tartaluca|talk]]) 15:26, 11 November 2025 (UTC)","{""is_modifier"": true, ""softens_harshness"": 6, ""formality"": 4, ""degree"": 5}",6.0,4.0,5.0,6.0
very,Wishing <b>[[User:Joe Roe|Joe Roe]]</b> a very [https://en.wikipedia.org/wiki/Special:Log?type=rights&page=User%3AJoe_Roe '''happy adminship anniversary'''] on behalf of the '''[[WP:BDC|Wikipedia Birthday Committee]]'''!,"{""is_modifier"": true, ""softens_harshness"": 5, ""formality"": 5, ""degree"": 5}",5.0,5.0,5.0,5.0
very," The initiative is still at a very early stage, and the Cloud Services team is in the process of collecting feedback from the Toolforge community to help shape the solution to their needs.","{""is_modifier"": true, ""softens_harshness"": 5, ""formality"": 5, ""degree"": 5}",5.0,5.0,5.0,5.0
very,"* [[File:Octicons-tools.svg|12px|link=|class=skin-invert|Advanced item]] Wikimedia wikis allow [[w:en:WebAuthn|WebAuthn]]-based second factor checks (such as hardware tokens) during login, but the feature is [[m:Community Wishlist Survey 2023/Miscellaneous/Fix security key (WebAuthn) support|fragile]] and has very few users.","{""is_modifier"": true, ""softens_harshness"": 4, ""formality"": 5, ""degree"": 5}",4.0,5.0,5.0,4.0
quite,"Hello, it appears you're quite knowledgable on templates and parameters.","{""is_modifier"": true, ""softens_harshness"": 6, ""formality"": 7, ""degree"": 5}",6.0,7.0,5.0,6.0
very," For example, a bug was fixed with loading images in very old versions of the Firefox browser on mobile.","{""is_modifier"": true, ""softens_harshness"": 5, ""formality"": 5, ""degree"": 5}",5.0,5.0,5.0,5.0
very," ""Minor edits"" have a very narrow definition on Wikipedia: ""A good rule of thumb is that only edits consisting solely of spelling corrections, formatting changes, or rearrangement of text without modification of the content or contextual meaning may be flagged as minor edits.","{""is_modifier"": true, ""softens_harshness"": 5, ""formality"": 5, ""degree"": 5}",5.0,5.0,5.0,5.0
mostly, I've been around for sometime but mostly contributed to the Bahasa Melayu section.,"{""is_modifier"": true, ""softens_harshness"": 5, ""formality"": 5, ""degree"": 5}",5.0,5.0,5.0,5.0
very,"* Any pages or tools that still use the very old CSS classes <bdi lang=""zxx"" dir=""ltr""><code>mw-message-box</code></bdi> need to be updated.","{""is_modifier"": true, ""softens_harshness"": 5, ""formality"": 5, ""degree"": 5}",5.0,5.0,5.0,5.0
slightly, The list may slightly change - some wikis may be removed but none will be added.,"{""is_modifier"": true, ""softens_harshness"": 8, ""formality"": 6, ""degree"": 5}",8.0,6.0,5.0,8.0
really,":Wikipedia doesn't have moderators, so it's not really a matter of ""allowing"" edits, but perhaps you mean that I haven't reverted well-sourced additions?","{""is_modifier"": true, ""softens_harshness"": 7, ""formality"": 4, ""degree"": 2}",7.0,4.0,2.0,7.0
very," On behalf of the [[WP:Birthday Committee|Birthday Committee]], I'd like to wish you a very happy  anniversary of your [[Wikipedia:Requests for adminship/Cordless Larry|successful request for adminship]].","{""is_modifier"": true, ""softens_harshness"": 5, ""formality"": 5, ""degree"": 5}",5.0,5.0,5.0,5.0
very,Wishing <b>[[User:Cordless Larry|Cordless Larry]]</b> a very [https://en.wikipedia.org/wiki/Special:Log?type=rights&page=User%3ACordless_Larry '''happy adminship anniversary'''] on behalf of the '''[[WP:BDC|Wikipedia Birthday Committee]]'''!,"{""is_modifier"": true, ""softens_harshness"": 5, ""formality"": 5, ""degree"": 5}",5.0,5.0,5.0,5.0
a bit," I [https://en.wikipedia.org/w/index.php?title=User_talk:Wieditor25&diff=prev&oldid=1297343645 placed a second RW warning] on the editor's talk page, and the intervention of a third editor sparked a bit of a discussion, where Wieditor25 basically contributed that he is so offended by the term that ''""I would rather face sanctions or even lose my account than stand by and watch hateful content directed at 60 million people.","{""is_modifier"": true, ""softens_harshness"": 8, ""formality"": 3, ""degree"": 3}",8.0,3.0,3.0,8.0
really," How the article appears in search previews isn't really Wikipedia's concern, but neither do I see how the number of faculties appearing there is ""highly inappropriate"".","{""is_modifier"": true, ""softens_harshness"": 7, ""formality"": 4, ""degree"": 2}",7.0,4.0,2.0,7.0
a bit,":::::::::::::For instance, it's a bit odd to me they're sourcing the language of instruction from a site that conveniently enough is one looking to recruit students to the university.","{""is_modifier"": true, ""softens_harshness"": 8, ""formality"": 3, ""degree"": 4}",8.0,3.0,4.0,8.0
very, You are undermining the very principles of Wikipedia by dismissing well-sourced and factual content.,"{""is_modifier"": true, ""softens_harshness"": 3, ""formality"": 7, ""degree"": 1}",3.0,7.0,1.0,3.0
a bit,":It's a bit difficult to tell whether the citations that come at the end of paragraphs support everything in that paragraph, or just some elements.","{""is_modifier"": true, ""softens_harshness"": 8, ""formality"": 4, ""degree"": 4}",8.0,4.0,4.0,8.0
quite,":::::Not quite, as ""After his release, Ngjela resumed his legal practice and operated a private law office from 1991 to 1997"" lacks a source.","{""is_modifier"": true, ""softens_harshness"": 8, ""formality"": 6, ""degree"": 4}",8.0,6.0,4.0,8.0
very,"::::Ok, but I still like your wireless behaviour and you are the famous character of a very very old PC game :) [[User:Harold Foppele|Harold Foppele]] ([[User talk:Harold Foppele|talk]]) 22:07, 1 September 2025 (UTC)","{""is_modifier"": true, ""softens_harshness"": 5, ""formality"": 4, ""degree"": 5}",5.0,4.0,5.0,5.0
very,":Because you contributed to the AfD discussion, having made very few other edits elsewhere on Wikipedia.","{""is_modifier"": true, ""softens_harshness"": 4, ""formality"": 5, ""degree"": 5}",4.0,5.0,5.0,4.0
very, That's probably a better approach - I was being very lenient.,"{""is_modifier"": true, ""softens_harshness"": 5, ""formality"": 5, ""degree"": 5}",5.0,5.0,5.0,5.0
relatively, I am relatively new to Wikipedia.,"{""is_modifier"": true, ""softens_harshness"": 7, ""formality"": 6, ""degree"": 4}",7.0,6.0,4.0,7.0
really, And you really shouldn't be disclosing your e-mail here.,"{""is_modifier"": true, ""softens_harshness"": 4, ""formality"": 3, ""degree"": 4}",4.0,3.0,4.0,4.0
very,":Very useful for changelist patrollers, '''[[User:Nardog/DiffUndo|DiffUndo]]''', by '''[[User:Nardog|Nardog]]''', is this edition's featured script.","{""is_modifier"": true, ""softens_harshness"": 5, ""formality"": 5, ""degree"": 5}",5.0,5.0,5.0,5.0
really,Thanks for the correction on the fatal dog attacks in Canada - I really messed up !,"{""is_modifier"": true, ""softens_harshness"": 3, ""formality"": 4, ""degree"": 5}",3.0,4.0,5.0,3.0
really, I'm just trying to put a portfolio together for grad school and thought of this Prof from years ago that really helped me out.,"{""is_modifier"": true, ""softens_harshness"": 5, ""formality"": 4, ""degree"": 4}",5.0,4.0,4.0,5.0
very,::[https://en.wikipedia.org/wiki/Special:AbuseLog/39800628 I have a very hard time believing you].,"{""is_modifier"": true, ""softens_harshness"": 3, ""formality"": 5, ""degree"": 5}",3.0,5.0,5.0,3.0
very,"-- Template:uw-vandalism1 --><b>[[User:Yoshi24517|<span style=""color:#00c700;font-family:'Rockwell'"">Yoshi24517</span>]] ([[User talk:Yoshi24517|<span style=""color:black;font-family:'Rockwell'"">Chat</span>]]) (<span style=""color:red;font-family:'Rockwell'"">Very Busy</span>)</b> 18:30, 24 January 2025 (UTC)","{""is_modifier"": true, ""softens_harshness"": 5, ""formality"": 5, ""degree"": 5}",5.0,5.0,5.0,5.0
really," As I mentioned on your talk page, I'm not really familiar with the topic, so I prefer letting someone else action your requests.","{""is_modifier"": true, ""softens_harshness"": 8, ""formality"": 4, ""degree"": 3}",8.0,4.0,3.0,8.0
very,":[[User:Sardonism|Sardonism]], thanks, you're very kind!","{""is_modifier"": true, ""softens_harshness"": 6, ""formality"": 5, ""degree"": 5}",6.0,5.0,5.0,6.0
quite," Thankfully, however, lately I've been feeling quite good, so I really can't complain.","{""is_modifier"": true, ""softens_harshness"": 6, ""formality"": 7, ""degree"": 5}",6.0,7.0,5.0,6.0
really," Thankfully, however, lately I've been feeling quite good, so I really can't complain.","{""is_modifier"": true, ""softens_harshness"": 6, ""formality"": 4, ""degree"": 2}",6.0,4.0,2.0,6.0
rather," The user also made a rather odd comment by saying ""{{xt|It is a common error}}"" then following it up by saying ""{{xt|It is hardly surprising the editors reverted Pillowdelight repeatedly.","{""is_modifier"": true, ""softens_harshness"": 7, ""formality"": 7, ""degree"": 4}",7.0,7.0,4.0,7.0
really," Deleting the history doesn't really damage Wikipedia, in that, should he become notable later, it can be restored in an instant and can be used as a starting point for a new article, but, at the moment, we don't really need it, as it's ultimately a [[WP:PSEUDO|pseudo-biography]] of an unnotable person.","{""is_modifier"": true, ""softens_harshness"": 8, ""formality"": 4, ""degree"": 3}",8.0,4.0,3.0,8.0
very," <br/>I'll be honest with you, personally I see very little point in having political userboxes on Wikipedia in general.","{""is_modifier"": true, ""softens_harshness"": 4, ""formality"": 5, ""degree"": 5}",4.0,5.0,5.0,4.0
fairly," If you think I assessed the consensus wrongly, you can start a deletion review, but I'm fairly certain any administrator would have closed those discussions in the same way.","{""is_modifier"": true, ""softens_harshness"": 7, ""formality"": 5, ""degree"": 4}",7.0,5.0,4.0,7.0
extremely,"<br/>But yes, such a discussion would certainly not be pretty, and I do not want to encourage you to do anything that would be extremely stressful.","{""is_modifier"": true, ""softens_harshness"": 3, ""formality"": 5, ""degree"": 5}",3.0,5.0,5.0,3.0
really," But, at the end of the day, I don't really know what can be done under the circumstances.","{""is_modifier"": true, ""softens_harshness"": 7, ""formality"": 4, ""degree"": 2}",7.0,4.0,2.0,7.0
very, His very poor performance in the 1984 Olympics (near the bottom in preliminary heats) does not provide much comfort that SIGCOV is likely to exist.,"{""is_modifier"": true, ""softens_harshness"": 0, ""formality"": 5, ""degree"": 5}",0.0,5.0,5.0,0.0
a bit," I confess I'm now quite tempted to try the Chocolatería, it's just that it's a bit out of the way.","{""is_modifier"": true, ""softens_harshness"": 8, ""formality"": 4, ""degree"": 5}",8.0,4.0,5.0,8.0
quite," I confess I'm now quite tempted to try the Chocolatería, it's just that it's a bit out of the way.","{""is_modifier"": true, ""softens_harshness"": 6, ""formality"": 6, ""degree"": 4}",6.0,6.0,4.0,6.0
very,"-- Template:uw-npov1 --><b>[[User:Yoshi24517|<span style=""color:#00c700;font-family:'Rockwell'"">Yoshi24517</span>]] ([[User talk:Yoshi24517|<span style=""color:black;font-family:'Rockwell'"">Chat</span>]]) (<span style=""color:red;font-family:'Rockwell'"">Very Busy</span>)</b> 18:33, 24 January 2025 (UTC)","{""is_modifier"": true, ""softens_harshness"": 5, ""formality"": 5, ""degree"": 5}",5.0,5.0,5.0,5.0
very,"-- Template:uw-npov2 --><b>[[User:Yoshi24517|<span style=""color:#00c700;font-family:'Rockwell'"">Yoshi24517</span>]] ([[User talk:Yoshi24517|<span style=""color:black;font-family:'Rockwell'"">Chat</span>]]) (<span style=""color:red;font-family:'Rockwell'"">Very Busy</span>)</b> 18:34, 24 January 2025 (UTC)","{""is_modifier"": true, ""softens_harshness"": 5, ""formality"": 5, ""degree"": 5}",5.0,5.0,5.0,5.0
very,"-- Template:uw-vandalism1 --><b>[[User:Yoshi24517|<span style=""color:#00c700;font-family:'Rockwell'"">Yoshi24517</span>]] ([[User talk:Yoshi24517|<span style=""color:black;font-family:'Rockwell'"">Chat</span>]]) (<span style=""color:red;font-family:'Rockwell'"">Very Busy</span>)</b> 18:34, 24 January 2025 (UTC)","{""is_modifier"": true, ""softens_harshness"": 5, ""formality"": 5, ""degree"": 5}",5.0,5.0,5.0,5.0
very,"-- Template:uw-unsourced1 --> <b>[[User:Yoshi24517|<span style=""color:#00c700;font-family:'Rockwell'"">Yoshi24517</span>]] ([[User talk:Yoshi24517|<span style=""color:black;font-family:'Rockwell'"">Chat</span>]]) (<span style=""color:red;font-family:'Rockwell'"">Very Busy</span>)</b> 18:35, 24 January 2025 (UTC)","{""is_modifier"": true, ""softens_harshness"": 5, ""formality"": 5, ""degree"": 5}",5.0,5.0,5.0,5.0
very,"-- Template:uw-spam1 --><b>[[User:Yoshi24517|<span style=""color:#00c700;font-family:'Rockwell'"">Yoshi24517</span>]] ([[User talk:Yoshi24517|<span style=""color:black;font-family:'Rockwell'"">Chat</span>]]) (<span style=""color:red;font-family:'Rockwell'"">Very Busy</span>)</b> 18:35, 24 January 2025 (UTC)","{""is_modifier"": true, ""softens_harshness"": 5, ""formality"": 5, ""degree"": 5}",5.0,5.0,5.0,5.0
mostly,{{divbox|blue|3=Mostly unreferenced; please also remove any external links from the body.,"{""is_modifier"": true, ""softens_harshness"": 7, ""formality"": 5, ""degree"": 5}",7.0,5.0,5.0,7.0
really," I don't know who the sock really is, Barry Wom or Mr.","{""is_modifier"": true, ""softens_harshness"": 5, ""formality"": 5, ""degree"": 3}",5.0,5.0,3.0,5.0
very," Very strange, curious and what a coincidence that one is aware of what the other does.","{""is_modifier"": true, ""softens_harshness"": 4, ""formality"": 5, ""degree"": 5}",4.0,5.0,5.0,4.0
very,It is very concise and put together.,"{""is_modifier"": true, ""softens_harshness"": 5, ""formality"": 5, ""degree"": 5}",5.0,5.0,5.0,5.0
very, The information given is very important for proper research.,"{""is_modifier"": true, ""softens_harshness"": 4, ""formality"": 5, ""degree"": 5}",4.0,5.0,5.0,4.0
a little," While none are horrific, most of them contain a little puffery or have promotional passages.","{""is_modifier"": true, ""softens_harshness"": 8, ""formality"": 4, ""degree"": 5}",8.0,4.0,5.0,8.0
really, I'm afraid I don't really understand the context about this article and its history.,"{""is_modifier"": true, ""softens_harshness"": 8, ""formality"": 4, ""degree"": 4}",8.0,4.0,4.0,8.0
a little, Could you provide a little more detail?,"{""is_modifier"": true, ""softens_harshness"": 8, ""formality"": 5, ""degree"": 4}",8.0,5.0,4.0,8.0
sort of,"::Due to this behavior, initially i thought the one of the editor may have COI so I went to COI noticeboard (that discussion closed now) but I believe they have some sort of [[Wikipedia:Ownership of content|ownership]] of the article, now they are threatening me again on my talk page, while I just wanted to understand their disagreements.","{""is_modifier"": true, ""softens_harshness"": 7, ""formality"": 4, ""degree"": 2}",7.0,4.0,2.0,7.0
really, What are they really up to?,"{""is_modifier"": true, ""softens_harshness"": 3, ""formality"": 4, ""degree"": 2}",3.0,4.0,2.0,3.0
mostly," To celebrate: mostly flowers pics from vacation ;) --[[User:Gerda Arendt|Gerda Arendt]] ([[User talk:Gerda Arendt|talk]]) 20:07, 20 January 2025 (UTC)","{""is_modifier"": true, ""softens_harshness"": 5, ""formality"": 5, ""degree"": 5}",5.0,5.0,5.0,5.0
extremely,"Hello, I am extremely green to editing Wikipedia.","{""is_modifier"": true, ""softens_harshness"": 4, ""formality"": 5, ""degree"": 5}",4.0,5.0,5.0,4.0
very,"Hello, I am writing about a very notable diamond ""The Eye Of The Flamingo"".","{""is_modifier"": true, ""softens_harshness"": 5, ""formality"": 5, ""degree"": 5}",5.0,5.0,5.0,5.0
very, It is a very large diamond.,"{""is_modifier"": true, ""softens_harshness"": 5, ""formality"": 5, ""degree"": 5}",5.0,5.0,5.0,5.0
a little," For example, the [[Argyle Pink Jubilee]] is just a little bigger (12 vs 11 Carats)  but the Eye of The Flamingo is Internally Flawless which create a more expensive diamond.","{""is_modifier"": true, ""softens_harshness"": 5, ""formality"": 4, ""degree"": 5}",5.0,4.0,5.0,5.0
extremely,:::::This diamond is extremely notable as it is the biggest in circulation currently all others are closely held as this will be.,"{""is_modifier"": true, ""softens_harshness"": 5, ""formality"": 6, ""degree"": 5}",5.0,6.0,5.0,5.0
somewhat,"4em;width:100%;margin:5px""><p>Hello, Somewhat amusing horse, and '''[[Help:Getting started|Welcome to Wikipedia!]]'''</p>","{""is_modifier"": true, ""softens_harshness"": 6, ""formality"": 6, ""degree"": 5}",6.0,6.0,5.0,6.0
somewhat,"1em; border-radius:10px;box-shadow:-2px -2px 1px #8e8a78;"">Hello, '''Somewhat amusing horse'''!","{""is_modifier"": true, ""softens_harshness"": 6, ""formality"": 7, ""degree"": 5}",6.0,7.0,5.0,6.0
somewhat,"[[File:Information.svg|25px|alt=Information icon]] Hello, Somewhat amusing horse.","{""is_modifier"": true, ""softens_harshness"": 6, ""formality"": 7, ""degree"": 5}",6.0,7.0,5.0,6.0
somewhat,"Hello, Somewhat amusing horse.","{""is_modifier"": true, ""softens_harshness"": 6, ""formality"": 6, ""degree"": 5}",6.0,6.0,5.0,6.0
really,":Thank you I really appreciate my g pliz help me I'm afrobeat artist from eastern of Africa I just opened my acc bro blessings [[User:Gredson Africa|Gredson Africa]] ([[User talk:Gredson Africa#top|talk]]) 19:40, 24 January 2025 (UTC)","{""is_modifier"": true, ""softens_harshness"": 6, ""formality"": 4, ""degree"": 5}",6.0,4.0,5.0,6.0
extremely, This version is extremely condensed only discussing facts and his research as well as including a citation to his dissertation.,"{""is_modifier"": true, ""softens_harshness"": 4, ""formality"": 5, ""degree"": 5}",4.0,5.0,5.0,4.0
very, It's very difficult to know whether the changes made by him are constructive or not.,"{""is_modifier"": true, ""softens_harshness"": 4, ""formality"": 5, ""degree"": 5}",4.0,5.0,5.0,4.0
a bit," If they don't change and a subsequent edit is not self-explanatory, it's a bit passive-aggressive but you could revert it with ''revert possible good-faith edit but non-obvious and unexplained''.","{""is_modifier"": true, ""softens_harshness"": 8, ""formality"": 4, ""degree"": 5}",8.0,4.0,5.0,8.0
partially," If your concerns were actually about the reliability of the PCBS, please let me know; however, I felt it necessary to update the data, because the 2014 data was partially unsourced (and could not verify the 2014 date) and I could not confirm it through my own searches.","{""is_modifier"": true, ""softens_harshness"": 7, ""formality"": 6, ""degree"": 5}",7.0,6.0,5.0,7.0
very, Thanks so very much!,"{""is_modifier"": true, ""softens_harshness"": 5, ""formality"": 6, ""degree"": 5}",5.0,6.0,5.0,5.0
quite,::I don't quite understand what you mean,"{""is_modifier"": true, ""softens_harshness"": 8, ""formality"": 6, ""degree"": 4}",8.0,6.0,4.0,8.0
pretty,My subject heading pretty much says it all.,"{""is_modifier"": true, ""softens_harshness"": 6, ""formality"": 3, ""degree"": 4}",6.0,3.0,4.0,6.0
pretty," I've been reverted before, several times actually, but usually there's some kind of explanation other than ""as it was"", when the way it was lists the precursor to the British Raj as the Mughal Empire whose leader had been pretty much a figurehead since long before the British Raj replaced the East India Company's rule in India (although the last Mughal Emperor supported the 1857 rebellion and would perhaps have gained more authority had that rebellion succeeded, and might have had some authority in at least Delhi during the time the rebels controlled it).","{""is_modifier"": true, ""softens_harshness"": 6, ""formality"": 2, ""degree"": 4}",6.0,2.0,4.0,6.0
pretty, That one was a pretty small detail and not one to fuss about.,"{""is_modifier"": true, ""softens_harshness"": 7, ""formality"": 3, ""degree"": 4}",7.0,3.0,4.0,7.0
extremely,"What stance do you have regarding this fact that 380000 years is still an extremely short time in cosmic time, despite not being ""immediately after the Big Bang"" but of eon-level significance (the five Eras of the universe)?","{""is_modifier"": true, ""softens_harshness"": 5, ""formality"": 5, ""degree"": 5}",5.0,5.0,5.0,5.0
really," I don't really feel a passing mention/""earliest I could find"" passage is worth citing at face value, if that makes sense.","{""is_modifier"": true, ""softens_harshness"": 8, ""formality"": 4, ""degree"": 2}",8.0,4.0,2.0,8.0
very," I do think a proper ""Historiography"" section would be very much apropos in this article—maybe you can start it?","{""is_modifier"": true, ""softens_harshness"": 6, ""formality"": 6, ""degree"": 4}",6.0,6.0,4.0,6.0
very,:::::You very specifically added new claims to the lead that do not reflect any material written in the body.,"{""is_modifier"": true, ""softens_harshness"": 3, ""formality"": 5, ""degree"": 4}",3.0,5.0,4.0,3.0
very," Like I said, I think a proper ""Historiography"" section would be a very valuable addition, if you choose to add one.","{""is_modifier"": true, ""softens_harshness"": 5, ""formality"": 5, ""degree"": 5}",5.0,5.0,5.0,5.0
pretty,"::That's pretty much all, if you dare to answer I'll continue discussing it here, since is not necessary to pollute the articles talk page with this, shall you not respond and I'll continue editing this and other articles.","{""is_modifier"": true, ""softens_harshness"": 6, ""formality"": 4, ""degree"": 4}",6.0,4.0,4.0,6.0
really,"::::@[[User:TenshiSWR|TenshiSWR]] I appreciate the help, but there's not really a need to continue this here, given Wakatetiwa is intent on digging themselves as deep as possible.","{""is_modifier"": true, ""softens_harshness"": 8, ""formality"": 4, ""degree"": 2}",8.0,4.0,2.0,8.0
very,"), it's that very deceptive, if not, I recommend you to honestly look at it up.","{""is_modifier"": true, ""softens_harshness"": 2, ""formality"": 5, ""degree"": 5}",2.0,5.0,5.0,2.0
a little," I hope that clarifies my thought process a little more, any further opinion on the topic would be appreciated.","{""is_modifier"": true, ""softens_harshness"": 7, ""formality"": 4, ""degree"": 4}",7.0,4.0,4.0,7.0
rather,"[[File:Archimedes bronze coin.png|thumb|Bronze coin of Archimedes]] I strongly disagree that the reference to the Sicilian coin ""seems rather misplaced minutiae"".","{""is_modifier"": true, ""softens_harshness"": 7, ""formality"": 7, ""degree"": 4}",7.0,7.0,4.0,7.0
really,:::Then it really needs to be discussed at the article talk page.,"{""is_modifier"": true, ""softens_harshness"": 4, ""formality"": 4, ""degree"": 4}",4.0,4.0,4.0,4.0
very, It's a very simple question.,"{""is_modifier"": true, ""softens_harshness"": 4, ""formality"": 5, ""degree"": 5}",4.0,5.0,5.0,4.0
very," Just so you know, if you continue to react to basic corrections of your basic errors with vitriol like this, you're not going to be around here very long.","{""is_modifier"": true, ""softens_harshness"": 6, ""formality"": 5, ""degree"": 4}",6.0,5.0,4.0,6.0
a bit,"::::The translation is a bit of a problem, so I misunderstood what you said at first.","{""is_modifier"": true, ""softens_harshness"": 8, ""formality"": 4, ""degree"": 4}",8.0,4.0,4.0,8.0
a bit,":Oh dear, I hope you have both calmed down a bit!","{""is_modifier"": true, ""softens_harshness"": 8, ""formality"": 4, ""degree"": 5}",8.0,4.0,5.0,8.0
very,"  The 1929 edition of this reference work places the Battle of Manzikert in ""Anatolia"" -- which I'm confidently taking to be a reference to the (very big!","{""is_modifier"": true, ""softens_harshness"": 5, ""formality"": 5, ""degree"": 5}",5.0,5.0,5.0,5.0
very," The full quote made that very clear: {{tq|What you're doing is ''changing what a direct quotation from [what] a source says'', [which is] a mistake on a basic level regardless of whether you agree with what the author is saying}}.","{""is_modifier"": true, ""softens_harshness"": 3, ""formality"": 5, ""degree"": 5}",3.0,5.0,5.0,3.0
kind of," Pressing the return button without even looking at those sources, sounds like a kind of abuse of power by experienced editors.","{""is_modifier"": true, ""softens_harshness"": 7, ""formality"": 4, ""degree"": 1}",7.0,4.0,1.0,7.0
very," The source that we provided from DGCL [(France (633,109 km²); France Métropolitaine (543,941 km²); Outre-Mer (89,168 km²)] is very good and is found in the link.","{""is_modifier"": true, ""softens_harshness"": 5, ""formality"": 5, ""degree"": 5}",5.0,5.0,5.0,5.0
a little,He goes a little further than just being a faithful Conservative voter.,"{""is_modifier"": true, ""softens_harshness"": 7, ""formality"": 5, ""degree"": 5}",7.0,5.0,5.0,7.0
really," I really question the entire gallery now that I've looked at it, per [[WP:GALLERIES]].","{""is_modifier"": true, ""softens_harshness"": 4, ""formality"": 4, ""degree"": 4}",4.0,4.0,4.0,4.0
really, I'm really confused by the message you wrote on reverting my edit.,"{""is_modifier"": true, ""softens_harshness"": 4, ""formality"": 4, ""degree"": 5}",4.0,4.0,5.0,4.0
really," It doesn't make me happy to cut corners in this way, and there aren't really any excuses for it.","{""is_modifier"": true, ""softens_harshness"": 7, ""formality"": 4, ""degree"": 2}",7.0,4.0,2.0,7.0
a bit," I've thought about imposing a 2RR on myself or asking an admin to, but that's too artificial for something I struggle with but am at least a bit smarter with than I was a few months ago.","{""is_modifier"": true, ""softens_harshness"": 7, ""formality"": 4, ""degree"": 4}",7.0,4.0,4.0,7.0
very,"  I'm tentatively guessing that it's safer to ""undo"" than to repair, given that there may be some very prompt corrective response by some other Wikipedian to the defect!","{""is_modifier"": true, ""softens_harshness"": 5, ""formality"": 5, ""degree"": 5}",5.0,5.0,5.0,5.0
really," in hindsight I realise that anything in the head really should be well-supported in the body -- and this is my current understanding of why you said, in your comment, that ""the lead does not even require inline citations""?","{""is_modifier"": true, ""softens_harshness"": 4, ""formality"": 4, ""degree"": 2}",4.0,4.0,2.0,4.0
moderately,"  And if you think that longish list of other diplomatic styles is inappropriately-bloating the lead, please let me know -- unless perchance you feel motivated to do the moderately hard-yards of revising the Overview so that it puts Wolf Warrior diplomacy into a broader diplomatic context.","{""is_modifier"": true, ""softens_harshness"": 7, ""formality"": 6, ""degree"": 5}",7.0,6.0,5.0,7.0
rather,Re: O'Hare - the claim appears to be rather consistent among sources I have seen.,"{""is_modifier"": true, ""softens_harshness"": 6, ""formality"": 7, ""degree"": 4}",6.0,7.0,4.0,6.0
a bit,  I think she is a bit insulted you would delete her from the public record especially since there is an existing wikipedia entry on her with her impressive accomplishments.,"{""is_modifier"": true, ""softens_harshness"": 8, ""formality"": 4, ""degree"": 4}",8.0,4.0,4.0,8.0
pretty,":Like I said in the edit summary, start a discussion on [[Talk:Malaysia]], as I am pretty sure everything is the way it is there for a reason, given my understanding of the language situation.","{""is_modifier"": true, ""softens_harshness"": 7, ""formality"": 3, ""degree"": 4}",7.0,3.0,4.0,7.0
a bit," I thought my reasoning was pretty clear, though you've interpreted it a bit uncharitably IMO.","{""is_modifier"": true, ""softens_harshness"": 8, ""formality"": 4, ""degree"": 5}",8.0,4.0,5.0,8.0
pretty," I thought my reasoning was pretty clear, though you've interpreted it a bit uncharitably IMO.","{""is_modifier"": true, ""softens_harshness"": 7, ""formality"": 3, ""degree"": 4}",7.0,3.0,4.0,7.0
really," I'm really having trouble understanding how this is a matter of ""site policy.","{""is_modifier"": true, ""softens_harshness"": 4, ""formality"": 4, ""degree"": 4}",4.0,4.0,4.0,4.0
slightly,":::::{{Tps|j}} I looked briefly at this, and I agree with the revert, although I have a slightly different perspective.","{""is_modifier"": true, ""softens_harshness"": 7, ""formality"": 6, ""degree"": 5}",7.0,6.0,5.0,7.0
partially, (Seemingly partially inspired by a discussion at {{slink|Talk:Kolkata/Archive 6|Example supporting move Dacca to Dhaka}}).,"{""is_modifier"": true, ""softens_harshness"": 7, ""formality"": 6, ""degree"": 5}",7.0,6.0,5.0,7.0
really,:I don't think it's really ever a good idea to go on a campaign putting your new media on as many articles as it is plausible on.,"{""is_modifier"": true, ""softens_harshness"": 7, ""formality"": 4, ""degree"": 2}",7.0,4.0,2.0,7.0
rather,":{{midsize|(Also, a side note that I already feel bad about because it really is a rather beautiful piece of graphic design, I am very much less eager to introduce media of this genre in a raster format, for maintainability and accessibility reasons.","{""is_modifier"": true, ""softens_harshness"": 7, ""formality"": 8, ""degree"": 4}",7.0,8.0,4.0,7.0
really,":{{midsize|(Also, a side note that I already feel bad about because it really is a rather beautiful piece of graphic design, I am very much less eager to introduce media of this genre in a raster format, for maintainability and accessibility reasons.","{""is_modifier"": true, ""softens_harshness"": 7, ""formality"": 4, ""degree"": 3}",7.0,4.0,3.0,7.0
very,":{{midsize|(Also, a side note that I already feel bad about because it really is a rather beautiful piece of graphic design, I am very much less eager to introduce media of this genre in a raster format, for maintainability and accessibility reasons.","{""is_modifier"": true, ""softens_harshness"": 4, ""formality"": 6, ""degree"": 5}",4.0,6.0,5.0,4.0
very," Your version of the original figure from the paper is also very busy and hard to read, with many different font sizes.","{""is_modifier"": true, ""softens_harshness"": 3, ""formality"": 5, ""degree"": 5}",3.0,5.0,5.0,3.0
mostly," To celebrate: mostly flowers pics from vacation ;) --[[User:Gerda Arendt|Gerda Arendt]] ([[User talk:Gerda Arendt|talk]]) 09:06, 21 January 2025 (UTC)","{""is_modifier"": true, ""softens_harshness"": 5, ""formality"": 5, ""degree"": 5}",5.0,5.0,5.0,5.0
very,":Thank you very much, both @[[User:Toadspike|Toadspike]] and @[[User:Gog the Mild|Gog the Mild]].","{""is_modifier"": true, ""softens_harshness"": 5, ""formality"": 6, ""degree"": 5}",5.0,6.0,5.0,5.0
very,"|style=""vertical-align: top; border-top: 1px solid gray;"" | By the authority vested in me by myself it gives me great pleasure to present you with this special, very exclusive award created just for we few, we happy few, this band of brothers, who have shed sweat, tears and probably blood, in order to be able to proudly claim ""I too have taken an article to Featured status"".","{""is_modifier"": true, ""softens_harshness"": 5, ""formality"": 5, ""degree"": 5}",5.0,5.0,5.0,5.0
really," Really, really good work.","{""is_modifier"": true, ""softens_harshness"": 5, ""formality"": 3, ""degree"": 5}",5.0,3.0,5.0,5.0
really,"I'm sorry to continue this disagreement, and I really don't want to extend a conflict but I want to say that one of your points about how color images are not visually ""superior"" is a claim I disagree on.","{""is_modifier"": true, ""softens_harshness"": 7, ""formality"": 4, ""degree"": 3}",7.0,4.0,3.0,7.0
really," While I understand taking color images and replacing them when not of a higher quality is sometimes really bad, I would like to point out [[User:Howardcorn33]]'s point on the Louis Armstrong's talk page.","{""is_modifier"": true, ""softens_harshness"": 3, ""formality"": 4, ""degree"": 4}",3.0,4.0,4.0,3.0
very,""" On someone who I put a color image on like [[W. E. B. Du Bois]] or [[Louis Armstrong]], race is very important in their lives and legacies and to have a picture of them in color showing their race would be better, in my opinion, at an encyclopedic standpoint.","{""is_modifier"": true, ""softens_harshness"": 5, ""formality"": 4, ""degree"": 5}",5.0,4.0,5.0,5.0
kind of, As such the COMMONNAME justification for using the wrong acronym kind of falls flat.,"{""is_modifier"": true, ""softens_harshness"": 8, ""formality"": 3, ""degree"": 2}",8.0,3.0,2.0,8.0
really,":All I can say is my want is to stem the tide of systemic disruption—I personally do not think CCP is problematic, but I also do not really think CPC is either in the grand scheme of things.","{""is_modifier"": true, ""softens_harshness"": 7, ""formality"": 4, ""degree"": 2}",7.0,4.0,2.0,7.0
really,":::I admit I don't really share your position as regards COMMONNAME's applicability, and likely as a result I would see another RfC as not worth it, but maybe I don't know the extent of the argument or evidence.","{""is_modifier"": true, ""softens_harshness"": 8, ""formality"": 4, ""degree"": 3}",8.0,4.0,3.0,8.0
very," If there's more to it than this, I would very much appreciate being enlightened/pointed to where I can read more.","{""is_modifier"": true, ""softens_harshness"": 6, ""formality"": 7, ""degree"": 5}",6.0,7.0,5.0,6.0
quite," But in the case of infobox battles involving Italy, we used ''Fascist Italy''  instead of the Kingdom of Italy which is quite absurd.","{""is_modifier"": true, ""softens_harshness"": 4, ""formality"": 7, ""degree"": 4}",4.0,7.0,4.0,4.0
very, In fact she very great at it.,"{""is_modifier"": true, ""softens_harshness"": 5, ""formality"": 5, ""degree"": 5}",5.0,5.0,5.0,5.0
very, We absolutely love her; as she holds a heart of gold and always so very encouraging.,"{""is_modifier"": true, ""softens_harshness"": 5, ""formality"": 4, ""degree"": 5}",5.0,4.0,5.0,5.0
really,::i really want to apologize for this.,"{""is_modifier"": true, ""softens_harshness"": 7, ""formality"": 4, ""degree"": 5}",7.0,4.0,5.0,7.0
quite, I just wanted to let you know that one or more of [[Special:Contributions/Akuma0415|your recent contributions]] were not quite right.,"{""is_modifier"": true, ""softens_harshness"": 8, ""formality"": 6, ""degree"": 4}",8.0,6.0,4.0,8.0
really, For this to really work we need diversity and exciting content and editors from a broad range of countries regularly contributing.,"{""is_modifier"": true, ""softens_harshness"": 5, ""formality"": 4, ""degree"": 3}",5.0,4.0,3.0,5.0
extremely,Edit summaries like [https://en.wikipedia.org/w/index.php?title=2021_Primera_Nacional&oldid=prev&diff=1029962177 this] are extremely unnecessary.,"{""is_modifier"": true, ""softens_harshness"": 2, ""formality"": 5, ""degree"": 5}",2.0,5.0,5.0,2.0
very, The behavior of the new account is very similar to that of Javito1993.,"{""is_modifier"": true, ""softens_harshness"": 4, ""formality"": 5, ""degree"": 5}",4.0,5.0,5.0,4.0
very,* We think that someone with your activity and experience is very likely to meet the [[Wikipedia:New pages patrol/Reviewers#Guidelines for granting|guidelines for granting]].,"{""is_modifier"": true, ""softens_harshness"": 5, ""formality"": 5, ""degree"": 5}",5.0,5.0,5.0,5.0
very," It is also very important that no one else be allowed to access your account, so you should consider taking a few moments to [[Wikipedia:User account security|secure your password]].","{""is_modifier"": true, ""softens_harshness"": 4, ""formality"": 5, ""degree"": 5}",4.0,5.0,5.0,4.0
mostly, To celebrate: mostly flowers pics from vacation ;) - Thank you for improving article quality in January!,"{""is_modifier"": true, ""softens_harshness"": 5, ""formality"": 5, ""degree"": 5}",5.0,5.0,5.0,5.0
really,":I just wanted to let you know that I'm personally really tired of arguing about this issue, and so I won't be participating in any further discussion about it.","{""is_modifier"": true, ""softens_harshness"": 4, ""formality"": 4, ""degree"": 5}",4.0,4.0,5.0,4.0
really," I would really like to hear what other editors think, but I'll leave it to their capable hands to come to a good decision.","{""is_modifier"": true, ""softens_harshness"": 6, ""formality"": 4, ""degree"": 5}",6.0,4.0,5.0,6.0
really, However I cannot really tell how much time would go into the review process.,"{""is_modifier"": true, ""softens_harshness"": 7, ""formality"": 4, ""degree"": 2}",7.0,4.0,2.0,7.0
very,Part of the problem is that editing view is very different from published view.,"{""is_modifier"": true, ""softens_harshness"": 4, ""formality"": 5, ""degree"": 5}",4.0,5.0,5.0,4.0
very," I am unfortunately not someone very well versed in ""tables"" for except the basics.","{""is_modifier"": true, ""softens_harshness"": 7, ""formality"": 5, ""degree"": 5}",7.0,5.0,5.0,7.0
rather,here is a rather complicated question.,"{""is_modifier"": true, ""softens_harshness"": 7, ""formality"": 7, ""degree"": 4}",7.0,7.0,4.0,7.0
really," I’m still finding my way around Wikipedia, but I’m really interested in learning how to contribute to articles in fitness.","{""is_modifier"": true, ""softens_harshness"": 5, ""formality"": 4, ""degree"": 5}",5.0,4.0,5.0,5.0
fairly,:Hi @[[User:Deleuzianism|Deleuzianism]]: You have been fairly told about the reason [https://en.wikipedia.org/w/index.php?title=Ian_Buchanan_(academic)&diff=next&oldid=1308192802 here].,"{""is_modifier"": true, ""softens_harshness"": 6, ""formality"": 7, ""degree"": 3}",6.0,7.0,3.0,6.0
quite,:@[[User:Big ticket 5|Big ticket 5]]: not quite.,"{""is_modifier"": true, ""softens_harshness"": 8, ""formality"": 6, ""degree"": 5}",8.0,6.0,5.0,8.0
quite," - Today's 1715 Advent Bach cantata translates to ""Prepare the ways"", - [[User:Gerda Arendt/Stories#21 Dec|listen]] to quite stunning music if you haven't ;) - ""places"" take you to Copenhagen.","{""is_modifier"": true, ""softens_harshness"": 6, ""formality"": 7, ""degree"": 5}",6.0,7.0,5.0,6.0
really," I just finished your peer-review, you did a really great job!","{""is_modifier"": true, ""softens_harshness"": 6, ""formality"": 4, ""degree"": 5}",6.0,4.0,5.0,6.0
very, I noticed one minor spelling error but beyond that very nicely done!,"{""is_modifier"": true, ""softens_harshness"": 7, ""formality"": 5, ""degree"": 5}",7.0,5.0,5.0,7.0
very, Please note that Wikipedia takes copyright and [[WP:COPYVIO|copyright infringement]] very seriously.,"{""is_modifier"": true, ""softens_harshness"": 4, ""formality"": 5, ""degree"": 5}",4.0,5.0,5.0,4.0
fairly," While there might be room to make a few small improvements to Featured Articles, they are going to be fairly complete.","{""is_modifier"": true, ""softens_harshness"": 7, ""formality"": 5, ""degree"": 4}",7.0,5.0,4.0,7.0
quite,"Hi, I added a dozen railroad sidings to the list at [[Wikipedia:WikiProject Colorado/GNIS places needing verification]] and there will likely be quite a few more as I comb through the lists.","{""is_modifier"": true, ""softens_harshness"": 5, ""formality"": 6, ""degree"": 5}",5.0,6.0,5.0,5.0
a bit,"So, I can update the Census data to be for the entire community, but it's a bit of work.","{""is_modifier"": true, ""softens_harshness"": 8, ""formality"": 4, ""degree"": 3}",8.0,4.0,3.0,8.0
quite," I've looked for reporting of 2020 Census data for the community, but everything I've found either scrapes from the wikipedia article or gives Census data for something quite different (one of the two counties, for example).","{""is_modifier"": true, ""softens_harshness"": 5, ""formality"": 6, ""degree"": 4}",5.0,6.0,4.0,5.0
pretty," However, h-index factors are not really applicable to this small niche humanities field (when you have 10 books a year, 10 citations is pretty good!","{""is_modifier"": true, ""softens_harshness"": 6, ""formality"": 3, ""degree"": 5}",6.0,3.0,5.0,6.0
really," However, h-index factors are not really applicable to this small niche humanities field (when you have 10 books a year, 10 citations is pretty good!","{""is_modifier"": true, ""softens_harshness"": 7, ""formality"": 4, ""degree"": 2}",7.0,4.0,2.0,7.0
very,*:Thank you very much.,"{""is_modifier"": true, ""softens_harshness"": 5, ""formality"": 6, ""degree"": 5}",5.0,6.0,5.0,5.0
a bit,"  For example, the short description you put on [[Cimarron Hills, Colorado]] should not start with an ""A"" and should not end with a period; additionally, while there is no hard rule about lengths, it is a bit on the long side.","{""is_modifier"": true, ""softens_harshness"": 8, ""formality"": 3, ""degree"": 4}",8.0,3.0,4.0,8.0
really,"I was wondering who might the current operator/coordinator for [[WP:WPNV|WikiProject Nevada]] is, because I recently tried to get input from the state flag's correct colors, via Commons, which failed twice, as it was never really addressed since the first instance back when it began in 2016.","{""is_modifier"": true, ""softens_harshness"": 7, ""formality"": 4, ""degree"": 3}",7.0,4.0,3.0,7.0
really," 235 Sec 20, it details how the flag should be designed, but the exact colors were never really enforced, which is why the yellow, green, and blue are not actually the correct hexes.","{""is_modifier"": true, ""softens_harshness"": 7, ""formality"": 4, ""degree"": 3}",7.0,4.0,3.0,7.0
really,"5 years, it frustrates me that the flag shown on here was never really the flag to begin with.","{""is_modifier"": true, ""softens_harshness"": 6, ""formality"": 4, ""degree"": 2}",6.0,4.0,2.0,6.0
kind of,":<small>Kind of odd, I can't find when your account was made.","{""is_modifier"": true, ""softens_harshness"": 7, ""formality"": 3, ""degree"": 4}",7.0,3.0,4.0,7.0
very, The work that you folks do around here is very much appreciated.,"{""is_modifier"": true, ""softens_harshness"": 5, ""formality"": 5, ""degree"": 5}",5.0,5.0,5.0,5.0
a bit," You've been asked to read the conflict of interest guidelines a few times now, but it doesn't look like you understand that this would fall under that category so I'm a bit concerned you haven't read it yet.","{""is_modifier"": true, ""softens_harshness"": 8, ""formality"": 4, ""degree"": 4}",8.0,4.0,4.0,8.0
relatively,"  [[User:Jpgordon|--jpgordon]]<sup><small>[[User talk:Jpgordon|&#x1d122;&#x1d106;&#x1D110;&#x1d107;]]</small></sup> 00:46, 25 January 2025 (UTC)|1=I am a good faith editor who is relatively new here.","{""is_modifier"": true, ""softens_harshness"": 7, ""formality"": 6, ""degree"": 4}",7.0,6.0,4.0,7.0
very,"not impersonation literally me as myself used to being blocked indefinitely and forever alone sorry for disappearing for so long and i would like to have my account back i dont see how i have broken any rules i am satoshi nakamoto but at the same time satoshi nakamato's dream lives inside everyone who believes in me if you think I am fake impersonation its not there are so many bullies who make me want to go offline for indefinitely please let me have my account back im not a fake human im a real human being with very sensitive feelings and i didnt do anything wrong or fake why am i banned for being myself should i just stop talking to everyone forever [[User:Literally satoshi nakamoto|Literally satoshi nakamoto]] ([[User talk:Literally satoshi nakamoto#top|talk]]) 23:02, 24 January 2025 (UTC)","{""is_modifier"": true, ""softens_harshness"": 5, ""formality"": 5, ""degree"": 5}",5.0,5.0,5.0,5.0
really, Your resources were really helpful to get me started.,"{""is_modifier"": true, ""softens_harshness"": 5, ""formality"": 4, ""degree"": 5}",5.0,4.0,5.0,5.0
quite," For some edits, an adequate summary may be [[Wikipedia:Edit summary legend|quite brief]].","{""is_modifier"": true, ""softens_harshness"": 6, ""formality"": 7, ""degree"": 4}",6.0,7.0,4.0,6.0
really," This draft, which is the third, (see [https://en.wikipedia.org/wiki/Draft:Granny_(2017_horror_video_game)] and [https://en.wikipedia.org/wiki/Draft:Granny_(video_game)#]) doesn't really have any sources that would change that unfortunately.","{""is_modifier"": true, ""softens_harshness"": 7, ""formality"": 4, ""degree"": 2}",7.0,4.0,2.0,7.0
really," In this draft, all we really have are ""how-to"" blogs and game guides rather than critical or significant coverage about the game.","{""is_modifier"": true, ""softens_harshness"": 4, ""formality"": 4, ""degree"": 1}",4.0,4.0,1.0,4.0
a bit,"::Understand it's disappointing, happy to chat if you have any questions about notability or reliable sources as I get it can be a bit full-on understanding why things might not hit the mark.","{""is_modifier"": true, ""softens_harshness"": 8, ""formality"": 4, ""degree"": 3}",8.0,4.0,3.0,8.0
mostly,"{{divbox|blue|3=Mostly primary sources, and the secondary coverage is not really in-depth about this organization in particular -- more so about the events which FPN participated in or about former member Maxwell Frost.","{""is_modifier"": true, ""softens_harshness"": 6, ""formality"": 5, ""degree"": 5}",6.0,5.0,5.0,6.0
really,"{{divbox|blue|3=Mostly primary sources, and the secondary coverage is not really in-depth about this organization in particular -- more so about the events which FPN participated in or about former member Maxwell Frost.","{""is_modifier"": true, ""softens_harshness"": 7, ""formality"": 4, ""degree"": 2}",7.0,4.0,2.0,7.0
very," Also worth considering [[WP:AUD]], as the organization has gotten very little media attention outside of Florida.","{""is_modifier"": true, ""softens_harshness"": 5, ""formality"": 5, ""degree"": 5}",5.0,5.0,5.0,5.0
really," - I notice you use bare links in references sometimes, not a big deal really, but you might like [https://citer.toolforge.org/ Citer] if you haven't come across it yet.","{""is_modifier"": true, ""softens_harshness"": 8, ""formality"": 3, ""degree"": 1}",8.0,3.0,1.0,8.0
a bit,":Thanks, yeah right now I tend to use bare urls if it's ""not likely contentious"" and try to remember to spell it out a bit more if it seems like a contentious fact, etc.","{""is_modifier"": true, ""softens_harshness"": 6, ""formality"": 4, ""degree"": 5}",6.0,4.0,5.0,6.0
really," Been trying to keep things really tightly focused on just the immediate islands in Southwestern NB - [[https://en.wikipedia.org/wiki/User:Fundy_Isles_Historian_-_J/Template]] is a list I made, but it's so many articles it'd drown out if I inserted them all into [[Template:New Brunswick Islands]] so I'm not sure what to do.","{""is_modifier"": true, ""softens_harshness"": 5, ""formality"": 4, ""degree"": 4}",5.0,4.0,4.0,5.0
really," There's no limit really to the amount of navboxes you can use, see for example [[Politics of Nova Scotia]].","{""is_modifier"": true, ""softens_harshness"": 7, ""formality"": 3, ""degree"": 1}",7.0,3.0,1.0,7.0
sort of,  That's sort of the process I tried myself in this case.,"{""is_modifier"": true, ""softens_harshness"": 7, ""formality"": 3, ""degree"": 3}",7.0,3.0,3.0,7.0
a bit, I just went to connect [[Grindstone Island (New Brunswick)]] to Wikidata but I'm a bit confused.,"{""is_modifier"": true, ""softens_harshness"": 8, ""formality"": 4, ""degree"": 5}",8.0,4.0,5.0,8.0
very," especially compared to the current talk page (it isn't very precisely centered on being effective or anything of the sort) [[Special:Contributions/95.90.179.97|95.90.179.97]] ([[User talk:95.90.179.97|talk]]) 00:18, 25 January 2025 (UTC)","{""is_modifier"": true, ""softens_harshness"": 7, ""formality"": 5, ""degree"": 4}",7.0,5.0,4.0,7.0
extremely,:It's extremely unlikely DeRay was born in 1982.,"{""is_modifier"": true, ""softens_harshness"": 4, ""formality"": 5, ""degree"": 5}",4.0,5.0,5.0,4.0
reasonably," Some in the public reasonably consider you having some motive, now, true or not.","{""is_modifier"": true, ""softens_harshness"": 6, ""formality"": 7, ""degree"": 3}",6.0,7.0,3.0,6.0
a bit, The literal only thing I've had to materially gain from editing here for seven years is that this free resource I use is hopefully just a bit better.,"{""is_modifier"": true, ""softens_harshness"": 7, ""formality"": 4, ""degree"": 5}",7.0,4.0,5.0,7.0
really,:* I spend 99% of my time here improving articles about crabs (they're really cool; [[Ovalipes catharus|check them out]]).,"{""is_modifier"": true, ""softens_harshness"": 5, ""formality"": 4, ""degree"": 5}",5.0,4.0,5.0,5.0
very,"  On the other very [[WP:AGF]] hand, it's their first block on en.","{""is_modifier"": true, ""softens_harshness"": 7, ""formality"": 4, ""degree"": 1}",7.0,4.0,1.0,7.0
really, But the nature and pace of the participation overall felt really organic.,"{""is_modifier"": true, ""softens_harshness"": 5, ""formality"": 4, ""degree"": 5}",5.0,4.0,5.0,5.0
really," I'm really sorry about having to suppress your edits, and I know it's annoying, but it's for the best.","{""is_modifier"": true, ""softens_harshness"": 8, ""formality"": 4, ""degree"": 5}",8.0,4.0,5.0,8.0
quite, I just wanted to let you know that one or more of [[Special:Contributions/183.171.139.30|your recent contributions]] were not quite right.,"{""is_modifier"": true, ""softens_harshness"": 9, ""formality"": 7, ""degree"": 4}",9.0,7.0,4.0,9.0
quite,{{unblock reviewed|decline=That's quite likely the case.,"{""is_modifier"": true, ""softens_harshness"": 5, ""formality"": 6, ""degree"": 4}",5.0,6.0,4.0,5.0
very," If you like editing about go, you can also watch [[Wikipedia talk:WikiProject Go]] (unfortunately not very active), [[Wikipedia talk:WikiProject China]], [[Wikipedia talk:WikiProject Korea]], [[Wikipedia talk:WikiProject Japan]], or [[Wikipedia talk:WikiProject Taiwan]], which are open places for editors interested in those topic areas.","{""is_modifier"": true, ""softens_harshness"": 7, ""formality"": 4, ""degree"": 5}",7.0,4.0,5.0,7.0
quite, They were back quite quickly.,"{""is_modifier"": true, ""softens_harshness"": 6, ""formality"": 6, ""degree"": 4}",6.0,6.0,4.0,6.0
very," Such modern, very tool.","{""is_modifier"": true, ""softens_harshness"": 5, ""formality"": 2, ""degree"": 5}",5.0,2.0,5.0,5.0
pretty, It's pretty interesting.,"{""is_modifier"": true, ""softens_harshness"": 6, ""formality"": 3, ""degree"": 4}",6.0,3.0,4.0,6.0
somewhat,"* [[File:LinkInfo.png|frameless|right|upright=0.5|linkinfo]] Somewhat similar to [[WP:NAVPOPS|WP:NavPops]], [[User:Awesome Aasim/linkinfo|Awesome Aasim/linkinfo]] ''(pictured)'' provides a collection of links to replace the right-click context menu, presented beautifully.","{""is_modifier"": true, ""softens_harshness"": 7, ""formality"": 6, ""degree"": 5}",7.0,6.0,5.0,7.0
really," Dogs are better, really.","{""is_modifier"": true, ""softens_harshness"": 6, ""formality"": 3, ""degree"": 0}",6.0,3.0,0.0,6.0
somewhat,"** [[User:Polygnotus/Scripts/DetectPromo|/DetectPromo]] is an interesting alternative to the classic [[User:Moonythedwarf/extra-unreliable|Moonythedwarf/extra-unreliable]], though of course the word list is somewhat different, you'll see.","{""is_modifier"": true, ""softens_harshness"": 7, ""formality"": 6, ""degree"": 4}",7.0,6.0,4.0,7.0
very, This is very sensitive information that is <strong>only</strong> to be used to aid in anti-abuse workflows.,"{""is_modifier"": true, ""softens_harshness"": 4, ""formality"": 5, ""degree"": 5}",4.0,5.0,5.0,4.0
quite,It's quite a while since I'd seen your name pop up in my watch list!,"{""is_modifier"": true, ""softens_harshness"": 5, ""formality"": 6, ""degree"": 4}",5.0,6.0,4.0,5.0
pretty, So things have been pretty intense since then.,"{""is_modifier"": true, ""softens_harshness"": 7, ""formality"": 3, ""degree"": 4}",7.0,3.0,4.0,7.0
kind of, I just always look at these kind of websites for people that are my age that have nothing to do really important in life just to kinda give you something toy around with.,"{""is_modifier"": true, ""softens_harshness"": 5, ""formality"": 4, ""degree"": 0}",5.0,4.0,0.0,5.0
really, I just always look at these kind of websites for people that are my age that have nothing to do really important in life just to kinda give you something toy around with.,"{""is_modifier"": true, ""softens_harshness"": 5, ""formality"": 4, ""degree"": 4}",5.0,4.0,4.0,5.0
really, thanks for your help I really appreciate it.,"{""is_modifier"": true, ""softens_harshness"": 6, ""formality"": 4, ""degree"": 5}",6.0,4.0,5.0,6.0
pretty,"I won't revert your edit since I suspect that this situation will arise again, but i think it's pretty clear it's for convenience.","{""is_modifier"": true, ""softens_harshness"": 7, ""formality"": 3, ""degree"": 3}",7.0,3.0,3.0,7.0
pretty," For example, MW is a pretty unreliable source for Hawaiʻi topics (they listed ""Hawaiian"" as the term for a resident of Hawaii until like 2019, where it's specifically a term for Native Hawaiians) and the newspapers you mentioned often bifurcate their spelling between print and web media since it can cause issues with SEO optimization, and it's a similar situation for marketing materials aimed at tourists.","{""is_modifier"": true, ""softens_harshness"": 7, ""formality"": 3, ""degree"": 4}",7.0,3.0,4.0,7.0
very," The correct spelling is in very wide use outside these specific contexts, essentially.","{""is_modifier"": true, ""softens_harshness"": 5, ""formality"": 5, ""degree"": 5}",5.0,5.0,5.0,5.0
very," I will get around to adding it eventually, I am very busy with other things at the moment.","{""is_modifier"": true, ""softens_harshness"": 6, ""formality"": 5, ""degree"": 5}",6.0,5.0,5.0,6.0
very, A source on this distinction would be very helpful.,"{""is_modifier"": true, ""softens_harshness"": 5, ""formality"": 5, ""degree"": 5}",5.0,5.0,5.0,5.0
very, I never got around to finishing this and I am very grateful that you could fill the article in and publish it.,"{""is_modifier"": true, ""softens_harshness"": 6, ""formality"": 5, ""degree"": 5}",6.0,5.0,5.0,6.0
very," It looks very good now, I especially like how you organized the citations of all the books and reviews.","{""is_modifier"": true, ""softens_harshness"": 5, ""formality"": 5, ""degree"": 5}",5.0,5.0,5.0,5.0
relatively," that the skulls of '''[[Yunxian Man]]''' ''(example pictured)'' are ""relatively complete"" despite being heavily crushed?","{""is_modifier"": true, ""softens_harshness"": 6, ""formality"": 7, ""degree"": 5}",6.0,7.0,5.0,6.0
fairly,"voters provided fairly good sources to show notability, while the nomination was so vague it hardly counts as a Delete !","{""is_modifier"": true, ""softens_harshness"": 6, ""formality"": 5, ""degree"": 4}",6.0,5.0,4.0,6.0
very," If so, I'm very sorry.","{""is_modifier"": true, ""softens_harshness"": 7, ""formality"": 6, ""degree"": 5}",7.0,6.0,5.0,7.0
a bit,":Marashdeh, since this discussion took place two weeks ago, it will take me a bit to get reoriented in the discussion.","{""is_modifier"": true, ""softens_harshness"": 7, ""formality"": 4, ""degree"": 5}",7.0,4.0,5.0,7.0
slightly," Here you can explain that some see the terms as equivalent, while some see ECVT as a slightly different technique from 3D ECT.","{""is_modifier"": true, ""softens_harshness"": 6, ""formality"": 5, ""degree"": 5}",6.0,5.0,5.0,6.0
slightly,":My search [https://scholar.google.com/scholar?hl=en&as_sdt=0%2C5&q=3D+ECT&btnG=]  and your search [https://scholar.google.com/scholar?start=60&q=3D+ECT&hl=en&as_sdt=0,36] for 3D ECT are slightly different, and I see no results for ""electroconvulsive therapy"" on the first page of my results.","{""is_modifier"": true, ""softens_harshness"": 7, ""formality"": 6, ""degree"": 5}",7.0,6.0,5.0,7.0
pretty, That seems pretty open and closed to me.,"{""is_modifier"": true, ""softens_harshness"": 7, ""formality"": 3, ""degree"": 4}",7.0,3.0,4.0,7.0
a bit," However, it looks like the move discussion took place several months after the move, which would have made a revert a bit awkward.","{""is_modifier"": true, ""softens_harshness"": 8, ""formality"": 4, ""degree"": 5}",8.0,4.0,5.0,8.0
very," I will try to improve, but I am not very experienced in identifying all instances of puffery, as I lack a reviewer's perspective and language expertise.","{""is_modifier"": true, ""softens_harshness"": 8, ""formality"": 5, ""degree"": 4}",8.0,5.0,4.0,8.0
a bit," I'm a bit busy at the moment but I'll support the move later, and then I'll consider whether it's worth starting a merge discussion.","{""is_modifier"": true, ""softens_harshness"": 8, ""formality"": 3, ""degree"": 4}",8.0,3.0,4.0,8.0
kind of, I’m glad the close is still kind of appropriate.,"{""is_modifier"": true, ""softens_harshness"": 7, ""formality"": 2, ""degree"": 4}",7.0,2.0,4.0,7.0
really," Thank you so much for leaving this message here, I really appreciate it and wish editors would do this kind of thing more often.","{""is_modifier"": true, ""softens_harshness"": 6, ""formality"": 4, ""degree"": 5}",6.0,4.0,5.0,6.0
very," I am, I admit, useful for very little more than creating/reviewing articles and voting AfDs.","{""is_modifier"": true, ""softens_harshness"": 4, ""formality"": 5, ""degree"": 5}",4.0,5.0,5.0,4.0
very, Thank you very much.,"{""is_modifier"": true, ""softens_harshness"": 5, ""formality"": 6, ""degree"": 5}",5.0,6.0,5.0,5.0
very," I should make clear that I very intentionally want to discuss this matter directly with you, here, rather than on the article talk, and do not consider myself to be in the wrong place.","{""is_modifier"": true, ""softens_harshness"": 4, ""formality"": 5, ""degree"": 4}",4.0,5.0,4.0,4.0
mostly, The preferences expressed in the discussion in favour of the now-current apostrophised version are mostly not based on any reasoned argument and mostly ignore policy.,"{""is_modifier"": true, ""softens_harshness"": 8, ""formality"": 5, ""degree"": 5}",8.0,5.0,5.0,8.0
very,:yetisyny's analysis of the sources was very convincing.,"{""is_modifier"": true, ""softens_harshness"": 5, ""formality"": 4, ""degree"": 5}",5.0,4.0,5.0,5.0
very," Your feelings regarding the wording of the titling policy are irrelevant, and it is very clear, as is the wording of the move discussion (let's not pretend that's what it was; it was a misinformed and ignorant !","{""is_modifier"": true, ""softens_harshness"": 4, ""formality"": 5, ""degree"": 5}",4.0,5.0,5.0,4.0
slightly," But since I'm here, I'm happy to give my own view of the discussion, which is slightly different from both of yours.","{""is_modifier"": true, ""softens_harshness"": 7, ""formality"": 5, ""degree"": 5}",7.0,5.0,5.0,7.0
pretty," I agree with Toadspike that a closer can't disregard all the pro-apostrophe arguments; ""sparingly"" is a pretty vague standard.","{""is_modifier"": true, ""softens_harshness"": 7, ""formality"": 2, ""degree"": 4}",7.0,2.0,4.0,7.0
very, But it seems very clear that the choice Toadspike made was not ''correct''.,"{""is_modifier"": true, ""softens_harshness"": 3, ""formality"": 5, ""degree"": 5}",3.0,5.0,5.0,3.0
somewhat,The list of pubs is somewhat dated.,"{""is_modifier"": true, ""softens_harshness"": 8, ""formality"": 7, ""degree"": 5}",8.0,7.0,5.0,8.0
very, You are very welcome to re-add the text with a reference to a reliable source.,"{""is_modifier"": true, ""softens_harshness"": 7, ""formality"": 6, ""degree"": 4}",7.0,6.0,4.0,7.0
very,"::::I've removed the nickname as you're right, it was very poorly sourced.","{""is_modifier"": true, ""softens_harshness"": 3, ""formality"": 5, ""degree"": 5}",3.0,5.0,5.0,3.0
a bit," Have added a bit more to the article, but not able to find much online.","{""is_modifier"": true, ""softens_harshness"": 6, ""formality"": 4, ""degree"": 4}",6.0,4.0,4.0,6.0
very,"-- Template:uw-vandalism4 --> <b>[[User:Yoshi24517|<span style=""color:#00c700;font-family:'Rockwell'"">Yoshi24517</span>]] ([[User talk:Yoshi24517|<span style=""color:black;font-family:'Rockwell'"">Chat</span>]]) (<span style=""color:red;font-family:'Rockwell'"">Very Busy</span>)</b> 21:10, 25 January 2025 (UTC)","{""is_modifier"": true, ""softens_harshness"": 5, ""formality"": 5, ""degree"": 5}",5.0,5.0,5.0,5.0
a bit," In case you haven't already seen it, I'm going to point you to [[Wikipedia:Expert editors]]; it's a bit grim, and it envisages mostly the kind of expert who publishes research papers, but its guidance is basically sound.","{""is_modifier"": true, ""softens_harshness"": 8, ""formality"": 4, ""degree"": 4}",8.0,4.0,4.0,8.0
mostly," In case you haven't already seen it, I'm going to point you to [[Wikipedia:Expert editors]]; it's a bit grim, and it envisages mostly the kind of expert who publishes research papers, but its guidance is basically sound.","{""is_modifier"": true, ""softens_harshness"": 6, ""formality"": 5, ""degree"": 4}",6.0,5.0,4.0,6.0
reasonably,"As the subject is deceased, no free equivalent could reasonably be obtained or created to replace this media.","{""is_modifier"": true, ""softens_harshness"": 7, ""formality"": 8, ""degree"": 4}",7.0,8.0,4.0,7.0
very,"  Unless there is something very specific about Lynch that require the non-free image, then the use of the non-free image of Lynch is replaceable with a free image.","{""is_modifier"": true, ""softens_harshness"": 4, ""formality"": 5, ""degree"": 5}",4.0,5.0,5.0,4.0
sort of,":Yes, sort of.","{""is_modifier"": true, ""softens_harshness"": 7, ""formality"": 3, ""degree"": 4}",7.0,3.0,4.0,7.0
really,:It really depends on the circumstance.,"{""is_modifier"": true, ""softens_harshness"": 5, ""formality"": 4, ""degree"": 3}",5.0,4.0,3.0,5.0
really," The reason I asked is that some of these pictures are old, bad and don't really represent the people very well.","{""is_modifier"": true, ""softens_harshness"": 8, ""formality"": 4, ""degree"": 2}",8.0,4.0,2.0,8.0
very," The reason I asked is that some of these pictures are old, bad and don't really represent the people very well.","{""is_modifier"": true, ""softens_harshness"": 7, ""formality"": 5, ""degree"": 5}",7.0,5.0,5.0,7.0
very," You have to admit that the picture for the ""Ken Lynch"" article is not very good.","{""is_modifier"": true, ""softens_harshness"": 8, ""formality"": 5, ""degree"": 5}",8.0,5.0,5.0,8.0
a bit,  A bit marginal but arguably okay.,"{""is_modifier"": true, ""softens_harshness"": 8, ""formality"": 3, ""degree"": 4}",8.0,3.0,4.0,8.0
very,"::To be absolutely blunt, you have a very poor understanding of the non-free content policy.","{""is_modifier"": true, ""softens_harshness"": 0, ""formality"": 5, ""degree"": 5}",0.0,5.0,5.0,0.0
very,:::::Thank you very much!,"{""is_modifier"": true, ""softens_harshness"": 5, ""formality"": 6, ""degree"": 5}",5.0,6.0,5.0,5.0
quite,  You '''must''' actually make an effort to verify that no free images are available and it is quite clear that you made no such effort here.,"{""is_modifier"": true, ""softens_harshness"": 3, ""formality"": 7, ""degree"": 4}",3.0,7.0,4.0,3.0
very,"Hello again Entercontainment, thank you very much for helping me for the [[96th Academy Awards]] ""In Memorian"", now could you please upload a photo for Academy Award winning writer [[David Seidler]]?","{""is_modifier"": true, ""softens_harshness"": 6, ""formality"": 6, ""degree"": 5}",6.0,6.0,5.0,6.0
very,"::Thank you very much, now can you please do one for [[Phyllis Frelich]], the first deaf actor to win a Tony Award?","{""is_modifier"": true, ""softens_harshness"": 5, ""formality"": 6, ""degree"": 5}",5.0,6.0,5.0,5.0
a little,:::I picked one of him a little older.,"{""is_modifier"": true, ""softens_harshness"": 6, ""formality"": 5, ""degree"": 5}",6.0,5.0,5.0,6.0
very,"::::Thank you very much, now can you please do?","{""is_modifier"": true, ""softens_harshness"": 7, ""formality"": 7, ""degree"": 5}",7.0,7.0,5.0,7.0
very,"::::::::Thank you very much, now can you uplaod pictures of?","{""is_modifier"": true, ""softens_harshness"": 6, ""formality"": 6, ""degree"": 5}",6.0,6.0,5.0,6.0
very," [[Publicity photo]] has a very specific specific meaning, use it only when you find these terms in the sources.","{""is_modifier"": true, ""softens_harshness"": 4, ""formality"": 5, ""degree"": 5}",4.0,5.0,5.0,4.0
sort of,"  And if you had even bothered to to do any sort of even casual diligence on the search for a free image, you would have found the image on Commons.","{""is_modifier"": true, ""softens_harshness"": 5, ""formality"": 4, ""degree"": 0}",5.0,4.0,0.0,5.0
very,"-- Template:uw-vandalism3 --><b>[[User:Yoshi24517|<span style=""color:#00c700;font-family:'Rockwell'"">Yoshi24517</span>]] ([[User talk:Yoshi24517|<span style=""color:black;font-family:'Rockwell'"">Chat</span>]]) (<span style=""color:red;font-family:'Rockwell'"">Very Busy</span>)</b> 06:43, 25 January 2025 (UTC)","{""is_modifier"": true, ""softens_harshness"": 5, ""formality"": 5, ""degree"": 5}",5.0,5.0,5.0,5.0
a little, This greeting (and season) promotes [[Wikipedia:WikiLove|WikiLove]] and hopefully this note has made your day a little better.,"{""is_modifier"": true, ""softens_harshness"": 6, ""formality"": 5, ""degree"": 4}",6.0,5.0,4.0,6.0
very,"-- Template:uw-delete1 --><b>[[User:Yoshi24517|<span style=""color:#00c700;font-family:'Rockwell'"">Yoshi24517</span>]] ([[User talk:Yoshi24517|<span style=""color:black;font-family:'Rockwell'"">Chat</span>]]) (<span style=""color:red;font-family:'Rockwell'"">Very Busy</span>)</b> 06:24, 25 January 2025 (UTC)","{""is_modifier"": true, ""softens_harshness"": 5, ""formality"": 5, ""degree"": 5}",5.0,5.0,5.0,5.0
very,"-- Template:uw-test1 --><b>[[User:Yoshi24517|<span style=""color:#00c700;font-family:'Rockwell'"">Yoshi24517</span>]] ([[User talk:Yoshi24517|<span style=""color:black;font-family:'Rockwell'"">Chat</span>]]) (<span style=""color:red;font-family:'Rockwell'"">Very Busy</span>)</b> 06:27, 25 January 2025 (UTC)","{""is_modifier"": true, ""softens_harshness"": 5, ""formality"": 5, ""degree"": 5}",5.0,5.0,5.0,5.0
very,"-- Template:uw-test2 --><b>[[User:Yoshi24517|<span style=""color:#00c700;font-family:'Rockwell'"">Yoshi24517</span>]] ([[User talk:Yoshi24517|<span style=""color:black;font-family:'Rockwell'"">Chat</span>]]) (<span style=""color:red;font-family:'Rockwell'"">Very Busy</span>)</b> 06:41, 25 January 2025 (UTC)","{""is_modifier"": true, ""softens_harshness"": 5, ""formality"": 5, ""degree"": 5}",5.0,5.0,5.0,5.0
pretty," Though the second point you mentioned does sound pretty promotional/non-neutral to me, which was probably one of the things I saw that lead me to promote it for deletion.","{""is_modifier"": true, ""softens_harshness"": 7, ""formality"": 3, ""degree"": 4}",7.0,3.0,4.0,7.0
very," (They look very ""maths-y"" to me - and I ain't gonna link dyscalculia - too many links to me there).","{""is_modifier"": true, ""softens_harshness"": 5, ""formality"": 5, ""degree"": 5}",5.0,5.0,5.0,5.0
very,"-- Template:uw-test1 --><b>[[User:Yoshi24517|<span style=""color:#00c700;font-family:'Rockwell'"">Yoshi24517</span>]] ([[User talk:Yoshi24517|<span style=""color:black;font-family:'Rockwell'"">Chat</span>]]) (<span style=""color:red;font-family:'Rockwell'"">Very Busy</span>)</b> 06:42, 25 January 2025 (UTC)","{""is_modifier"": true, ""softens_harshness"": 5, ""formality"": 5, ""degree"": 5}",5.0,5.0,5.0,5.0
very,"-- Template:uw-vandalism2 --><b>[[User:Yoshi24517|<span style=""color:#00c700;font-family:'Rockwell'"">Yoshi24517</span>]] ([[User talk:Yoshi24517|<span style=""color:black;font-family:'Rockwell'"">Chat</span>]]) (<span style=""color:red;font-family:'Rockwell'"">Very Busy</span>)</b> 06:42, 25 January 2025 (UTC)","{""is_modifier"": true, ""softens_harshness"": 5, ""formality"": 5, ""degree"": 5}",5.0,5.0,5.0,5.0
very,"-- Template:uw-cluebotwarning1 -->  <b>[[User:Yoshi24517|<span style=""color:#00c700;font-family:'Rockwell'"">Yoshi24517</span>]] ([[User talk:Yoshi24517|<span style=""color:black;font-family:'Rockwell'"">Chat</span>]]) (<span style=""color:red;font-family:'Rockwell'"">Very Busy</span>)</b> 06:43, 25 January 2025 (UTC)","{""is_modifier"": true, ""softens_harshness"": 5, ""formality"": 5, ""degree"": 5}",5.0,5.0,5.0,5.0
really, Not really sure what I'll do here if much.,"{""is_modifier"": true, ""softens_harshness"": 7, ""formality"": 4, ""degree"": 4}",7.0,4.0,4.0,7.0
really, Enwiki has just changed too much over time now really.,"{""is_modifier"": true, ""softens_harshness"": 6, ""formality"": 3, ""degree"": 1}",6.0,3.0,1.0,6.0
very,"  It seems there are some very fundamental disagreements about the article, and I have my doubts if a collaborative, voluntary process will make any progress towards resolving them, given the past behavior.","{""is_modifier"": true, ""softens_harshness"": 4, ""formality"": 5, ""degree"": 5}",4.0,5.0,5.0,4.0
pretty,"  There seem to have been some longstanding issues at play here that are outside the scope of [[WP:DRN]], which have made this all pretty stressful.","{""is_modifier"": true, ""softens_harshness"": 7, ""formality"": 3, ""degree"": 4}",7.0,3.0,4.0,7.0
a bit,:Thanks for the note - alternate time zones making it a bit challenging but I’ll take a look.,"{""is_modifier"": true, ""softens_harshness"": 8, ""formality"": 4, ""degree"": 4}",8.0,4.0,4.0,8.0
a little, Things are moving a little slower than I'd have liked so far given the item under discussion is an introductory item (bio section).,"{""is_modifier"": true, ""softens_harshness"": 8, ""formality"": 4, ""degree"": 4}",8.0,4.0,4.0,8.0
quite, I've mediated disputes that take quite some time - it all depends on how often users participate.,"{""is_modifier"": true, ""softens_harshness"": 5, ""formality"": 6, ""degree"": 4}",5.0,6.0,4.0,5.0
really,":::Not really, as they're something determined by me.","{""is_modifier"": true, ""softens_harshness"": 8, ""formality"": 4, ""degree"": 3}",8.0,4.0,3.0,8.0
extremely,  I'm just concerned that the whole thing might end up being an extremely draining waste of time.,"{""is_modifier"": true, ""softens_harshness"": 3, ""formality"": 5, ""degree"": 5}",3.0,5.0,5.0,3.0
pretty,  I also think we're going to need pretty active hands-on mediation for some of the upcoming sections.,"{""is_modifier"": true, ""softens_harshness"": 6, ""formality"": 3, ""degree"": 4}",6.0,3.0,4.0,6.0
really,::#  The entry's bibliography doesn't really list any traditional secondary sources.,"{""is_modifier"": true, ""softens_harshness"": 8, ""formality"": 3, ""degree"": 2}",8.0,3.0,2.0,8.0
really," If it is compatible, please explain how, so I can decide if contending with this kind of nonsense at Wikipedia is really how I want to spend my time.","{""is_modifier"": true, ""softens_harshness"": 4, ""formality"": 4, ""degree"": 2}",4.0,4.0,2.0,4.0
pretty, I’ve pretty much come to terms that I’ll unlikely ever hold the mop and that’s frankly fine with me.,"{""is_modifier"": true, ""softens_harshness"": 6, ""formality"": 3, ""degree"": 5}",6.0,3.0,5.0,6.0
a little,"::::::{{ping|SelfieCity}} two reasons, [[User:Steven Crossin/Disclosure|this disclosure will shed most light]] (even if it was 10 years ago) and secondly, only been active again a little while, so even if I could somehow get the community to forgive 1, I still need to be active for a long time before an RFA would be feasible.","{""is_modifier"": true, ""softens_harshness"": 5, ""formality"": 4, ""degree"": 5}",5.0,4.0,5.0,5.0
quite, Back in 2011 I was quite stressed.,"{""is_modifier"": true, ""softens_harshness"": 6, ""formality"": 6, ""degree"": 5}",6.0,6.0,5.0,6.0
really, The honest view I have now is that it's no big deal really.,"{""is_modifier"": true, ""softens_harshness"": 7, ""formality"": 3, ""degree"": 1}",7.0,3.0,1.0,7.0
very, The problem is that we are very close to the limit of 255 characters.,"{""is_modifier"": true, ""softens_harshness"": 4, ""formality"": 5, ""degree"": 5}",4.0,5.0,5.0,4.0
slightly," I cannot find a workaround that preserves your signature exactly, but I do have a workaround that would change the colors very slightly:","{""is_modifier"": true, ""softens_harshness"": 7, ""formality"": 5, ""degree"": 5}",7.0,5.0,5.0,7.0
very," I cannot find a workaround that preserves your signature exactly, but I do have a workaround that would change the colors very slightly:","{""is_modifier"": true, ""softens_harshness"": 7, ""formality"": 5, ""degree"": 5}",7.0,5.0,5.0,7.0
a bit," At times I'll let conversations go too much, sometimes I'll reel things back a bit too much as well.","{""is_modifier"": true, ""softens_harshness"": 10, ""formality"": 4, ""degree"": 3}",10.0,4.0,3.0,10.0
rather," I am sure many would have rather found a reason to call it a no-consensus :D  [[User:Surtsicna|Surtsicna]] ([[User talk:Surtsicna|talk]]) 21:34, 25 August 2019 (UTC)","{""is_modifier"": true, ""softens_harshness"": 5, ""formality"": 6, ""degree"": 0}",5.0,6.0,0.0,5.0
very,":{{user|Surtsicna}}, yes, it was VERY daunting, it took the good part of a few hours to do that, and all the categories updating too.","{""is_modifier"": true, ""softens_harshness"": 4, ""formality"": 5, ""degree"": 5}",4.0,5.0,5.0,4.0
extremely,Assessment: The script at [[User:Evad37/rater]] makes the addition of Wikiproject templates extremely easy.,"{""is_modifier"": true, ""softens_harshness"": 5, ""formality"": 5, ""degree"": 5}",5.0,5.0,5.0,5.0
very,":Hi, thanks very much for letting me know that, I’ll make that change shortly.","{""is_modifier"": true, ""softens_harshness"": 6, ""formality"": 6, ""degree"": 5}",6.0,6.0,5.0,6.0
a bit, A bit tied up IRL atm.,"{""is_modifier"": true, ""softens_harshness"": 8, ""formality"": 4, ""degree"": 5}",8.0,4.0,5.0,8.0
rather, The wording of the RFC question was rather broad and advertised widely to related pages.,"{""is_modifier"": true, ""softens_harshness"": 7, ""formality"": 7, ""degree"": 3}",7.0,7.0,3.0,7.0
a little,This newsletter comes a little earlier than usual because the backlog is rising again and the holidays are coming very soon.,"{""is_modifier"": true, ""softens_harshness"": 6, ""formality"": 4, ""degree"": 5}",6.0,4.0,5.0,6.0
very,This newsletter comes a little earlier than usual because the backlog is rising again and the holidays are coming very soon.,"{""is_modifier"": true, ""softens_harshness"": 5, ""formality"": 5, ""degree"": 5}",5.0,5.0,5.0,5.0
really,Our next newsletter will announce the winners of some [[Wikipedia:New pages patrol/Coordination#Awards|'''really cool awards''']].,"{""is_modifier"": true, ""softens_harshness"": 5, ""formality"": 4, ""degree"": 5}",5.0,4.0,5.0,5.0
somewhat," We thank Community Tech for their hard work addressing our long list of requirements which somewhat overwhelmed them last year, and we look forward to a successful completion.","{""is_modifier"": true, ""softens_harshness"": 8, ""formality"": 6, ""degree"": 4}",8.0,6.0,4.0,8.0
a bit, and in older terms that's a bit like writing out the address of the publisher's office every time the publisher's name is used.,"{""is_modifier"": true, ""softens_harshness"": 7, ""formality"": 3, ""degree"": 3}",7.0,3.0,3.0,7.0
very,::You're very welcome.,"{""is_modifier"": true, ""softens_harshness"": 7, ""formality"": 6, ""degree"": 5}",7.0,6.0,5.0,7.0
really, Is what was meant to be an RfC about a technical coding matter really now creating such a huge change across Wikipedia?,"{""is_modifier"": true, ""softens_harshness"": 4, ""formality"": 4, ""degree"": 2}",4.0,4.0,2.0,4.0
very,I wish that you may have a very Happy Holiday!,"{""is_modifier"": true, ""softens_harshness"": 5, ""formality"": 5, ""degree"": 5}",5.0,5.0,5.0,5.0
quite, I've had a particular issue about content with an article for quite some time; it's provoked edit wars and the like.,"{""is_modifier"": true, ""softens_harshness"": 6, ""formality"": 7, ""degree"": 4}",6.0,7.0,4.0,6.0
rather," As a rather junior editor, I'm hoping to get some guidance on how to resolve it permanently.","{""is_modifier"": true, ""softens_harshness"": 7, ""formality"": 6, ""degree"": 4}",7.0,6.0,4.0,7.0
quite,"::I'm quite tired of debating with every editor who chooses to edit the title, and it'd be great if I can show a consensus to refer to, so that a new editor has to engage with that before making these edits.","{""is_modifier"": true, ""softens_harshness"": 6, ""formality"": 7, ""degree"": 4}",6.0,7.0,4.0,6.0
a little, Looking to try something a little different?,"{""is_modifier"": true, ""softens_harshness"": 7, ""formality"": 4, ""degree"": 5}",7.0,4.0,5.0,7.0
relatively," Redirects are relatively easy to review, can be found easily through the [[Special:NewPagesFeed|New Pages Feed]].","{""is_modifier"": true, ""softens_harshness"": 6, ""formality"": 7, ""degree"": 4}",6.0,7.0,4.0,6.0
really," With over 10,000 pages in the queue, the highest it's been since [[WP:ACPERM|ACPERM]], your help could really make a difference.","{""is_modifier"": true, ""softens_harshness"": 5, ""formality"": 4, ""degree"": 4}",5.0,4.0,4.0,5.0
quite," I added a substantial amount of new material to the article for Lawrence Kasdan in February 2020 (all of it meticulously sourced), and Revan646 has now three times deleted all of it to revert back to the old (and quite thin) version of the article.","{""is_modifier"": true, ""softens_harshness"": 4, ""formality"": 7, ""degree"": 4}",4.0,7.0,4.0,4.0
very, A very small number of users had been doing the vast majority of the reviews.,"{""is_modifier"": true, ""softens_harshness"": 5, ""formality"": 5, ""degree"": 5}",5.0,5.0,5.0,5.0
fairly, A fairly experienced reviewer can usually do a review in a few minutes.,"{""is_modifier"": true, ""softens_harshness"": 6, ""formality"": 5, ""degree"": 5}",6.0,5.0,5.0,6.0
very," If every active reviewer would patrol just one article per day, the backlog would very quickly disappear.","{""is_modifier"": true, ""softens_harshness"": 5, ""formality"": 5, ""degree"": 5}",5.0,5.0,5.0,5.0
very,"If you are no longer very active on Wikipedia or you no longer wish to be part of the New Page Reviewer user group, please consider asking any admin to remove you from the list.","{""is_modifier"": true, ""softens_harshness"": 7, ""formality"": 5, ""degree"": 4}",7.0,5.0,4.0,7.0
somewhat," Proposals that would somewhat ease the burden on NPP aren't gaining much traction, although there are suggestions that the role of NPP be fundamentally changed to focus only on major CSD-type issues.","{""is_modifier"": true, ""softens_harshness"": 6, ""formality"": 6, ""degree"": 5}",6.0,6.0,5.0,6.0
very,"*If you are no longer very active on Wikipedia or you no longer wish to be part of the New Page Reviewer user group, please consider asking any admin to remove you from the list.","{""is_modifier"": true, ""softens_harshness"": 7, ""formality"": 5, ""degree"": 5}",7.0,5.0,5.0,7.0
quite," The learning curve for NPP is quite steep, but a detailed and easy-to-read [[WP:NPP|tutorial]] exists, and the Curation Tool's many features are fully described and illustrated on the updated page [[Wikipedia:Page Curation/Help|'''here''']].","{""is_modifier"": true, ""softens_harshness"": 6, ""formality"": 6, ""degree"": 4}",6.0,6.0,4.0,6.0
very,"*If you are no longer very active on Wikipedia or you no longer wish to be a reviewer, please ask any admin to remove you from the group.","{""is_modifier"": true, ""softens_harshness"": 7, ""formality"": 5, ""degree"": 5}",7.0,5.0,5.0,7.0
really,":Wishing you the very best, Steven; I'm too new to have really know you, but it's always sad to lose an excellent contributor.","{""is_modifier"": true, ""softens_harshness"": 7, ""formality"": 4, ""degree"": 4}",7.0,4.0,4.0,7.0
very,":Wishing you the very best, Steven; I'm too new to have really know you, but it's always sad to lose an excellent contributor.","{""is_modifier"": true, ""softens_harshness"": 6, ""formality"": 6, ""degree"": 1}",6.0,6.0,1.0,6.0
really,":::{{non-administrator comment}} I really don't think that swapping words out of the AI's text for their synonyms was a good idea, [https://en.wikipedia.org/w/index.php?title=User_talk:S1r_Gawa1n_2004&diff=prev&oldid=1349143773&diffonly=1] your current appeal is really difficult to read and understand as a result.","{""is_modifier"": true, ""softens_harshness"": 4, ""formality"": 4, ""degree"": 4}",4.0,4.0,4.0,4.0
very," We aren't supposed to cite blogs except for (a) officially sponsored blogs of newspapers and of institutions like museums, written by their employees; and (b) blog posts by the subject of the article, which we can use in a very limited way as sources for information about their lives and opinions.","{""is_modifier"": true, ""softens_harshness"": 4, ""formality"": 5, ""degree"": 5}",4.0,5.0,5.0,4.0
really, Seeing this wasn't really going anywhere i gave up since talking to him won't have any results.,"{""is_modifier"": true, ""softens_harshness"": 7, ""formality"": 4, ""degree"": 2}",7.0,4.0,2.0,7.0
very,:And be ''very careful'' not to make anything that could be construed as a legal threat.,"{""is_modifier"": true, ""softens_harshness"": 4, ""formality"": 5, ""degree"": 5}",4.0,5.0,5.0,4.0
very," Your comment about you {{tq|""deal[ing] with [our] owners""}} came very close already.","{""is_modifier"": true, ""softens_harshness"": 4, ""formality"": 5, ""degree"": 5}",4.0,5.0,5.0,4.0
very, I am very punctual and like to do my all works throughout the day at right time.,"{""is_modifier"": true, ""softens_harshness"": 5, ""formality"": 5, ""degree"": 5}",5.0,5.0,5.0,5.0
very," I’m very familiar with Wikipedia, and I don’t believe you have the authority to define what is or isn’t disruptive.","{""is_modifier"": true, ""softens_harshness"": 4, ""formality"": 5, ""degree"": 5}",4.0,5.0,5.0,4.0
pretty, Not following the rules is pretty much the definition of being disruptive.,"{""is_modifier"": true, ""softens_harshness"": 7, ""formality"": 3, ""degree"": 4}",7.0,3.0,4.0,7.0
really,"Thanks, this is my first article among many to come hopefully, and your comment really helps ","{""is_modifier"": true, ""softens_harshness"": 5, ""formality"": 4, ""degree"": 5}",5.0,4.0,5.0,5.0
very,"  I am not sure if you have been watching this talk topic for very long, but if you have, then you probably already know exactly who and what I'm talking about.","{""is_modifier"": true, ""softens_harshness"": 5, ""formality"": 5, ""degree"": 5}",5.0,5.0,5.0,5.0
really,":::::It really doesn't, it just spreads it around to anyone who seems to not be on your side in the argument.","{""is_modifier"": true, ""softens_harshness"": 4, ""formality"": 4, ""degree"": 2}",4.0,4.0,2.0,4.0
a bit," The flow of responses had already dried up a bit before I moved it, but with other largish discussions starting up it couldn't stay on RSN any longer.","{""is_modifier"": true, ""softens_harshness"": 7, ""formality"": 4, ""degree"": 5}",7.0,4.0,5.0,7.0
a little, I needed a little help from you.,"{""is_modifier"": true, ""softens_harshness"": 8, ""formality"": 5, ""degree"": 5}",8.0,5.0,5.0,8.0
really," While I understand that sandboxes can contain errors while in development, there really isn't a reason not to fix this small error as it requires just adding <code>lang=""wikitext""</code>.","{""is_modifier"": true, ""softens_harshness"": 4, ""formality"": 4, ""degree"": 0}",4.0,4.0,0.0,4.0
very, As most editors don't have the error messages on they won't know that they have broken the ref (it's a very common reason for broken links).,"{""is_modifier"": true, ""softens_harshness"": 5, ""formality"": 5, ""degree"": 5}",5.0,5.0,5.0,5.0
very,:::Thank you very much for that.,"{""is_modifier"": true, ""softens_harshness"": 5, ""formality"": 6, ""degree"": 5}",5.0,6.0,5.0,5.0
very,":::::ScottishFinnishRadish used {{t|sfn}}, it wasn't very effective.","{""is_modifier"": true, ""softens_harshness"": 8, ""formality"": 5, ""degree"": 5}",8.0,5.0,5.0,8.0
sort of,"Hey, [[User:FortunateSons/sandbox|I tried my hand]] at an [[Wikipedia:Essays|essay]] about (mostly) reliable sources alleged to have some sort of prejudice against persons or groups.","{""is_modifier"": true, ""softens_harshness"": 6, ""formality"": 4, ""degree"": 0}",6.0,4.0,0.0,6.0
mostly,"Hey, [[User:FortunateSons/sandbox|I tried my hand]] at an [[Wikipedia:Essays|essay]] about (mostly) reliable sources alleged to have some sort of prejudice against persons or groups.","{""is_modifier"": true, ""softens_harshness"": 6, ""formality"": 5, ""degree"": 5}",6.0,5.0,5.0,6.0
a bit,"<br />One final point about [[WP:Hate is disruptive]], you have the point a bit backwards.","{""is_modifier"": true, ""softens_harshness"": 8, ""formality"": 3, ""degree"": 4}",8.0,3.0,4.0,8.0
very,"::That’s incredibly helpful, thank you very much!","{""is_modifier"": true, ""softens_harshness"": 5, ""formality"": 6, ""degree"": 5}",5.0,6.0,5.0,5.0
sort of,":You could theoretically edit on a PC using the mobile site, if you were some sort of masochist.","{""is_modifier"": true, ""softens_harshness"": 8, ""formality"": 4, ""degree"": 1}",8.0,4.0,1.0,8.0
very,Thank you very much in advance.,"{""is_modifier"": true, ""softens_harshness"": 6, ""formality"": 6, ""degree"": 5}",6.0,6.0,5.0,6.0
very,::Thank you very much for your help!,"{""is_modifier"": true, ""softens_harshness"": 6, ""formality"": 6, ""degree"": 5}",6.0,6.0,5.0,6.0
rather,  I believe the evidence supports this is misbehavior but rather than go to ANI I would rather spend my time trying to improve the policy that provides cover for the misbehavior.,"{""is_modifier"": true, ""softens_harshness"": 7, ""formality"": 6, ""degree"": 0}",7.0,6.0,0.0,7.0
really, It's really that simple.,"{""is_modifier"": true, ""softens_harshness"": 5, ""formality"": 4, ""degree"": 4}",5.0,4.0,4.0,5.0
very," Using language that has a very particular meaning can derail discussions, as they become about whether the term is being correctly used rather than the original subject <br />Per the talk page of the Floppy disk article you can see I'm more interested in having verifiable content than removing contested content, but I can understand both sides.","{""is_modifier"": true, ""softens_harshness"": 5, ""formality"": 5, ""degree"": 5}",5.0,5.0,5.0,5.0
very, I'm very confused here.,"{""is_modifier"": true, ""softens_harshness"": 5, ""formality"": 5, ""degree"": 5}",5.0,5.0,5.0,5.0
very," Musical sources are an odd bunch, and expertise in the area can be very important.","{""is_modifier"": true, ""softens_harshness"": 5, ""formality"": 4, ""degree"": 5}",5.0,4.0,5.0,5.0
very,"::So the claim is very, very vague.","{""is_modifier"": true, ""softens_harshness"": 3, ""formality"": 4, ""degree"": 5}",3.0,4.0,5.0,3.0
quite, The policies around Biographies of Living Persons ([[WP:BLP]]) are quite strict.,"{""is_modifier"": true, ""softens_harshness"": 6, ""formality"": 7, ""degree"": 4}",6.0,7.0,4.0,6.0
mostly,"::She is still best overwhelmingly known as Drokova, and mostly due to her pro-Putin activities back in Russia.","{""is_modifier"": true, ""softens_harshness"": 7, ""formality"": 5, ""degree"": 4}",7.0,5.0,4.0,7.0
really,":Also the prior Oiloiloil account was only really used to replace Harvey Milk on a list of LGBTQ people with Mark Millar (who is not, to my knowledge, gay).","{""is_modifier"": true, ""softens_harshness"": 7, ""formality"": 3, ""degree"": 1}",7.0,3.0,1.0,7.0
slightly," The ""Attention"" note that pops up when editing that Module talk page seemed slightly grim.","{""is_modifier"": true, ""softens_harshness"": 8, ""formality"": 5, ""degree"": 5}",8.0,5.0,5.0,8.0
somewhat," Frankly, I admit I was  somewhat surprised but am so friggin' appreciative that you & {{u|Redrose64}} & [[User talk:Trappist the monk|Trappist the monk]] replied or worked behind the scenes.","{""is_modifier"": true, ""softens_harshness"": 6, ""formality"": 6, ""degree"": 5}",6.0,6.0,5.0,6.0
very," This is the way policy and guidelines are written, you'll very rarely find anything that says something definitive.","{""is_modifier"": true, ""softens_harshness"": 5, ""formality"": 5, ""degree"": 5}",5.0,5.0,5.0,5.0
extremely,It is also extremely unlikely that he would see your message.,"{""is_modifier"": true, ""softens_harshness"": 4, ""formality"": 5, ""degree"": 5}",4.0,5.0,5.0,4.0
quite," I think it is better to use a version showing both the map and the name, and a map of Greater Romania alone looks quite awkward shown as a logo on a Wikipedia party infobox.","{""is_modifier"": true, ""softens_harshness"": 7, ""formality"": 6, ""degree"": 3}",7.0,6.0,3.0,7.0
very," And secondly, most importantly, the logo is non-free, and the version with text will be very compressed, and overall look worse than the just logo without text.","{""is_modifier"": true, ""softens_harshness"": 4, ""formality"": 5, ""degree"": 5}",4.0,5.0,5.0,4.0
really," (i really don't want to sacrifice the quality of the logo for the sake of text) [[User:PLATEL|<span style=""font-family:Verdana; background-color: #471211; color: #16C9E5"">&nbsp;'''PLATEL'''&nbsp;</span>]] ([[User talk:PLATEL|talk]]) 21:15, 23 October 2024 (UTC)","{""is_modifier"": true, ""softens_harshness"": 4, ""formality"": 4, ""degree"": 4}",4.0,4.0,4.0,4.0
very, It's not like the original logo itself is very creative or pretty.,"{""is_modifier"": true, ""softens_harshness"": 7, ""formality"": 5, ""degree"": 5}",7.0,5.0,5.0,7.0
really," I don't really know how vectorizing works so I'll trust you on that it is difficult and will let it as is if you wish, but I believe only using the map standing by itself is a misrepresentation.","{""is_modifier"": true, ""softens_harshness"": 7, ""formality"": 4, ""degree"": 3}",7.0,4.0,3.0,7.0
rather," As before, ChatGPT is being rather cryptic in its answers, and I didn't edit anything that made mention of the legend.","{""is_modifier"": true, ""softens_harshness"": 7, ""formality"": 7, ""degree"": 4}",7.0,7.0,4.0,7.0
pretty, I think this largely isn't your fault; I'm pretty sure the article was poorly AI-generated on the kowiki (you can see the chatgpt mentions in urls in the article).,"{""is_modifier"": true, ""softens_harshness"": 7, ""formality"": 3, ""degree"": 4}",7.0,3.0,4.0,7.0
largely, I think this largely isn't your fault; I'm pretty sure the article was poorly AI-generated on the kowiki (you can see the chatgpt mentions in urls in the article).,"{""is_modifier"": true, ""softens_harshness"": 4, ""formality"": 7, ""degree"": 5}",4.0,7.0,5.0,4.0
fairly, [[Wikipedia:Neutral point of view|Neutral point of view]]: represent significant views fairly,"{""is_modifier"": true, ""softens_harshness"": 5, ""formality"": 6, ""degree"": 0}",5.0,6.0,0.0,5.0
a bit," Hence why this article grabbed a bit of my attention, because Musk has been on the news over here (Germany) for weeks now for his.","{""is_modifier"": true, ""softens_harshness"": 6, ""formality"": 4, ""degree"": 4}",6.0,4.0,4.0,6.0
pretty," My account is pretty new, and I already was also the editor who created [[Wikipedia:Articles for deletion/Elon Musk's arm gesture|this]] pretty popular AfD recently for another Elon article.","{""is_modifier"": true, ""softens_harshness"": 7, ""formality"": 3, ""degree"": 4}",7.0,3.0,4.0,7.0
very," In cases of very clear ongoing intentional damage to the encyclopedia, [[WP:AIV]] can be used.","{""is_modifier"": true, ""softens_harshness"": 4, ""formality"": 4, ""degree"": 5}",4.0,4.0,5.0,4.0
very," I am very sorry for this late reply, but I appreciate your spreading of cheer on (user) Talk Pages!","{""is_modifier"": true, ""softens_harshness"": 8, ""formality"": 6, ""degree"": 5}",8.0,6.0,5.0,8.0
quite,"yeah that was quite fun [[Special:Contributions/2A0E:3700:20E0:1400:6581:8DA:D3AB:F656|2A0E:3700:20E0:1400:6581:8DA:D3AB:F656]] ([[User talk:2A0E:3700:20E0:1400:6581:8DA:D3AB:F656|talk]]) 12:58, 25 January 2025 (UTC)","{""is_modifier"": true, ""softens_harshness"": 6, ""formality"": 7, ""degree"": 4}",6.0,7.0,4.0,6.0
very, Don't relist the page moves where the consensus is very clear in favor of the requested move.,"{""is_modifier"": true, ""softens_harshness"": 5, ""formality"": 5, ""degree"": 5}",5.0,5.0,5.0,5.0
really,":Thank you for you're reply, when I to proceeding requests at [[WP:RM/TM]] in future then I really followed you're talk.","{""is_modifier"": true, ""softens_harshness"": 6, ""formality"": 4, ""degree"": 3}",6.0,4.0,3.0,6.0
really,"::::{{re|Abecedare}} Thank you for you're reply, when I to proceeding requests at [[WP:RM/TM]] in future then I really followed you're talk.","{""is_modifier"": true, ""softens_harshness"": 6, ""formality"": 4, ""degree"": 4}",6.0,4.0,4.0,6.0
really," You will do it, I really not understand the word '''moratorium''', so, can you requesting another closer's  input.","{""is_modifier"": true, ""softens_harshness"": 6, ""formality"": 4, ""degree"": 4}",6.0,4.0,4.0,6.0
quite,:::I'm not quite sure what point you're making.,"{""is_modifier"": true, ""softens_harshness"": 8, ""formality"": 6, ""degree"": 4}",8.0,6.0,4.0,8.0
a little," I'm just doing a little devil's advocating, so please don't think I'm not in agreement.","{""is_modifier"": true, ""softens_harshness"": 8, ""formality"": 4, ""degree"": 4}",8.0,4.0,4.0,8.0
really," Up to now, if an editor wants to challenge a moratorium, there really isn't much the rest of us can do about it that's backed by p&g.","{""is_modifier"": true, ""softens_harshness"": 6, ""formality"": 3, ""degree"": 1}",6.0,3.0,1.0,6.0
a bit, Now there is a bit of a debate that I've seen as to their authenticity.,"{""is_modifier"": true, ""softens_harshness"": 8, ""formality"": 4, ""degree"": 3}",8.0,4.0,3.0,8.0
really,:Thank you so much again - I really appreciate it!,"{""is_modifier"": true, ""softens_harshness"": 6, ""formality"": 4, ""degree"": 4}",6.0,4.0,4.0,6.0
a little," I'm currently struggling a little because several of the references don't seem to have ISBN numbers that I can find anywhere, especially as they're more niche texts in Czech rather than English.","{""is_modifier"": true, ""softens_harshness"": 8, ""formality"": 4, ""degree"": 4}",8.0,4.0,4.0,8.0
really,::I'm really grateful for any help at all!,"{""is_modifier"": true, ""softens_harshness"": 6, ""formality"": 4, ""degree"": 5}",6.0,4.0,5.0,6.0
really, I set it as a joke and i dont really like it anymore.,"{""is_modifier"": true, ""softens_harshness"": 8, ""formality"": 4, ""degree"": 4}",8.0,4.0,4.0,8.0
very,":{{Ping|Drrubinphilip}} Hello, Thanks for you're question and It's very easy to start the article and If you like to start [[WP:BLP|Biography of living person]]'s biography article,then you need to read [[Help:FIRST]].","{""is_modifier"": true, ""softens_harshness"": 6, ""formality"": 4, ""degree"": 5}",6.0,4.0,5.0,6.0
very," But when we keep all these things in mind and tick  all other boxes successfully, then it is very troublesome when the talk:page does not move.","{""is_modifier"": true, ""softens_harshness"": 3, ""formality"": 5, ""degree"": 5}",3.0,5.0,5.0,3.0
really,"::::::::::I don't really know about if the other boxes affect it, like suppressing redirect, watching page, etc.","{""is_modifier"": true, ""softens_harshness"": 8, ""formality"": 4, ""degree"": 3}",8.0,4.0,3.0,8.0
very,I wish for you to create time from your very busy schedule to review the article I created [[Keith Edwards (media personality)]].,"{""is_modifier"": true, ""softens_harshness"": 7, ""formality"": 6, ""degree"": 5}",7.0,6.0,5.0,7.0
really,":{{Ping|GiantSnowman}} Hello there, Thank you for notifying my mistake and I reverted my both move at before target and fix the [[Talk:Alan Browne (footballer)#Requested move 19 August 2025]] as '''no consensus'''  and I really shameful for this mistake, I'd more carefully in future  before closeing ""Request move discussion"".","{""is_modifier"": true, ""softens_harshness"": 4, ""formality"": 4, ""degree"": 5}",4.0,4.0,5.0,4.0
very,I wish for you to create time from your very busy schedule to review the article I created [[Nimay Ndolo]].,"{""is_modifier"": true, ""softens_harshness"": 7, ""formality"": 6, ""degree"": 5}",7.0,6.0,5.0,7.0
really,":@[[User:CommunityNotesContributor|CNC]] Hey this is not a pain at all, that’s actually a really helpful reminder.","{""is_modifier"": true, ""softens_harshness"": 6, ""formality"": 4, ""degree"": 5}",6.0,4.0,5.0,6.0
really," Thanks a ton for running MovePlus and tidying up the dabs that kind of behind-the-scenes work doesn’t always get noticed, but it really keeps things consistent across the project and You’re right, a lot of editors hesitate to close RMs with massive backlink fallout, exactly because of the cleanup load afterward.","{""is_modifier"": true, ""softens_harshness"": 5, ""formality"": 4, ""degree"": 4}",5.0,4.0,4.0,5.0
really, It would be really helpful.,"{""is_modifier"": true, ""softens_harshness"": 5, ""formality"": 4, ""degree"": 5}",5.0,4.0,5.0,5.0
very, So it's odd that this editor chooses to cite a very obscure music publisher.,"{""is_modifier"": true, ""softens_harshness"": 4, ""formality"": 5, ""degree"": 5}",4.0,5.0,5.0,4.0
very, He's making editing on Wikipedia very unfriendly and acts like he owns it [[WP:OWN]].,"{""is_modifier"": true, ""softens_harshness"": 0, ""formality"": 5, ""degree"": 5}",0.0,5.0,5.0,0.0
pretty,"::Thank you, found this one pretty useful too, adding on ideas in the articles you mentioned: [[Wikipedia:Wikipedia Signpost/2009-04-13/Dispatches]] [[Special:Contributions/91.214.85.182|91.214.85.182]] ([[User talk:91.214.85.182|talk]]) 22:49, 15 January 2025 (UTC)","{""is_modifier"": true, ""softens_harshness"": 6, ""formality"": 3, ""degree"": 4}",6.0,3.0,4.0,6.0
really,:I don't really deal much with images any more so media questions are better answered at [[:Wikipedia:Media copyright questions]].,"{""is_modifier"": true, ""softens_harshness"": 7, ""formality"": 4, ""degree"": 2}",7.0,4.0,2.0,7.0
really,":It's not unusual for plot descriptions to be present in multiple places online, so it's really not possible for me to say with any certainty where you copied it from.","{""is_modifier"": true, ""softens_harshness"": 6, ""formality"": 4, ""degree"": 2}",6.0,4.0,2.0,6.0
quite, Miller has been taking place quite sporadically for almost five years due to it being a back-burner hobby for me.,"{""is_modifier"": true, ""softens_harshness"": 5, ""formality"": 6, ""degree"": 4}",5.0,6.0,4.0,5.0
really," So, I really appreciate all of your help thus far, as well as any future advice you can share.","{""is_modifier"": true, ""softens_harshness"": 6, ""formality"": 4, ""degree"": 4}",6.0,4.0,4.0,6.0
rather," Though there are some quotation marks used, the amount is rather excessive, amounting to nearly all of that user's contributions to the article.","{""is_modifier"": true, ""softens_harshness"": 7, ""formality"": 8, ""degree"": 4}",7.0,8.0,4.0,7.0
rather,  Note that excessive quotations is not a violation of the copyright policy but rather a violation of the non-free content guideline.,"{""is_modifier"": true, ""softens_harshness"": 6, ""formality"": 8, ""degree"": 0}",6.0,8.0,0.0,6.0
a little," Thanks for the wellness check, we are all a little frozen here due to a final and extreme cold snap (it better be final).","{""is_modifier"": true, ""softens_harshness"": 8, ""formality"": 4, ""degree"": 4}",8.0,4.0,4.0,8.0
reasonably,* Reasonably brief,"{""is_modifier"": true, ""softens_harshness"": 6, ""formality"": 6, ""degree"": 4}",6.0,6.0,4.0,6.0
really, I don't really think the copyright holders are going to bring an action against Wikipedia for this usage but I'm not convinced we would prevail if such an action were taken which leaves me very uneasy.,"{""is_modifier"": true, ""softens_harshness"": 7, ""formality"": 4, ""degree"": 2}",7.0,4.0,2.0,7.0
very, I don't really think the copyright holders are going to bring an action against Wikipedia for this usage but I'm not convinced we would prevail if such an action were taken which leaves me very uneasy.,"{""is_modifier"": true, ""softens_harshness"": 4, ""formality"": 5, ""degree"": 5}",4.0,5.0,5.0,4.0
pretty,:The number and length of quotations in this draft is pretty extreme.,"{""is_modifier"": true, ""softens_harshness"": 7, ""formality"": 3, ""degree"": 4}",7.0,3.0,4.0,7.0
really," The forum post appears to just be Google Translate, so no translation copyright issue either, and even if there were, ""She did not know any of her grandparents"" is really the only way to translate ""Elle n'a connu aucun de ses grands-parents"".","{""is_modifier"": true, ""softens_harshness"": 5, ""formality"": 4, ""degree"": 1}",5.0,4.0,1.0,5.0
fairly," But conversational fluency is different than fluency in the idioms of encyclopedia-writing, so [[:fr:Special:Contribs/Tamzin|my frwiki contribs]] are fairly limited.","{""is_modifier"": true, ""softens_harshness"": 7, ""formality"": 6, ""degree"": 4}",7.0,6.0,4.0,7.0
a bit,  I invite you to do a bit more research on the threshold of what does and does not constitute a copyright issue.,"{""is_modifier"": true, ""softens_harshness"": 8, ""formality"": 4, ""degree"": 4}",8.0,4.0,4.0,8.0
really,"  you really should have informed yourself before starting, and repeating the action.","{""is_modifier"": true, ""softens_harshness"": 3, ""formality"": 4, ""degree"": 2}",3.0,4.0,2.0,3.0
a bit,":::::::do a bit of research on Fair Use, as well.","{""is_modifier"": true, ""softens_harshness"": 8, ""formality"": 4, ""degree"": 4}",8.0,4.0,4.0,8.0
very," Wikipedia takes copyright violations very seriously, and persistent violators are likely to [[Wikipedia:Blocking policy|lose their editing privileges]].","{""is_modifier"": true, ""softens_harshness"": 3, ""formality"": 5, ""degree"": 5}",3.0,5.0,5.0,3.0
really,:I really did have no idea it was live.,"{""is_modifier"": true, ""softens_harshness"": 6, ""formality"": 4, ""degree"": 1}",6.0,4.0,1.0,6.0
really, I really would like to be able to complete this profile within the guidelines.,"{""is_modifier"": true, ""softens_harshness"": 5, ""formality"": 4, ""degree"": 4}",5.0,4.0,4.0,5.0
a bit,":{{non-administrator comment}} Hi [[User:Bmaspace|Bmaspace]], I can see that you've had several unblock requests declined and wanted to see if I could help with a bit of advice.","{""is_modifier"": true, ""softens_harshness"": 8, ""formality"": 4, ""degree"": 3}",8.0,4.0,3.0,8.0
pretty,":This is a pretty minor restriction: there's a single article out of 7 million you can't edit, and even then you can edit the talk page, and this is something you can appeal in a few months.","{""is_modifier"": true, ""softens_harshness"": 7, ""formality"": 3, ""degree"": 3}",7.0,3.0,3.0,7.0
really,"It seams to me that user is getting into constant edit wars and selection on what is a source which satisfy his beliefs and what is not, and pushing POV onto really sensitive topics","{""is_modifier"": true, ""softens_harshness"": 4, ""formality"": 4, ""degree"": 4}",4.0,4.0,4.0,4.0
mostly," To celebrate: mostly flowers pics from vacation ;) --[[User:Gerda Arendt|Gerda Arendt]] ([[User talk:Gerda Arendt|talk]]) 08:42, 21 January 2025 (UTC)","{""is_modifier"": true, ""softens_harshness"": 5, ""formality"": 5, ""degree"": 5}",5.0,5.0,5.0,5.0
a bit," Although it has slowed down quite a bit with the semi in place, and there are multiple admins paying attention.","{""is_modifier"": true, ""softens_harshness"": 6, ""formality"": 3, ""degree"": 5}",6.0,3.0,5.0,6.0
quite a bit," Although it has slowed down quite a bit with the semi in place, and there are multiple admins paying attention.","{""is_modifier"": true, ""softens_harshness"": 5, ""formality"": 4, ""degree"": 5}",5.0,4.0,5.0,5.0
quite," Although it has slowed down quite a bit with the semi in place, and there are multiple admins paying attention.","{""is_modifier"": true, ""softens_harshness"": 5, ""formality"": 6, ""degree"": 5}",5.0,6.0,5.0,5.0
pretty,"::::It's certainly no more extraordinary than semi'ing the talk, which I did twice and another admin also did (set to expire later today), but it would be a pretty extraordinary admin action.","{""is_modifier"": true, ""softens_harshness"": 6, ""formality"": 3, ""degree"": 4}",6.0,3.0,4.0,6.0
very,":::::See [[Wikipedia:Village pump (policy)#Looking at RfCs in AP areas, I see a lot of very new editors, maybe EC should be requiredLooking at RfCs in AP areas, I see a lot of very new editors, maybe EC should be required]] [[User:Doug Weller|<span style=""color:#070"">Doug Weller</span>]] [[User talk:Doug Weller|talk]] 13:45, 31 January 2025 (UTC)","{""is_modifier"": true, ""softens_harshness"": 4, ""formality"": 5, ""degree"": 5}",4.0,5.0,5.0,4.0
quite," I'm sorry for the delay, I am quite busy IRL right now.","{""is_modifier"": true, ""softens_harshness"": 7, ""formality"": 7, ""degree"": 4}",7.0,7.0,4.0,7.0
partially," WikiProject Film has the following statement (partially pasted here),                                                                                                              ""Our primary work is concentrated in a number of broad areas:","{""is_modifier"": true, ""softens_harshness"": 5, ""formality"": 6, ""degree"": 5}",5.0,6.0,5.0,5.0
very," You have been leading me for a while and I am very happy and grateful for your help, so I would like you to please keep me and continue guiding me at your convenience.","{""is_modifier"": true, ""softens_harshness"": 5, ""formality"": 5, ""degree"": 5}",5.0,5.0,5.0,5.0
pretty, Pretty easy to see through the bias of the admins on [[Gulf of Mexico]].,"{""is_modifier"": true, ""softens_harshness"": 6, ""formality"": 3, ""degree"": 4}",6.0,3.0,4.0,6.0
pretty, Pretty ridiculous how a double standard exists and my discussion was shut down by you for showing the double standard.,"{""is_modifier"": true, ""softens_harshness"": 6, ""formality"": 4, ""degree"": 4}",6.0,4.0,4.0,6.0
really," There's no ""expiration"" date on recentism, really.","{""is_modifier"": true, ""softens_harshness"": 7, ""formality"": 3, ""degree"": 1}",7.0,3.0,1.0,7.0
quite," But enwiki will have to ""unfreeze"" the lead of this article at some point, and if that point is in six months it will by then seem quite odd and out of step with other sources that the ""Gulf of America"" is confined to the article body.","{""is_modifier"": true, ""softens_harshness"": 5, ""formality"": 6, ""degree"": 4}",5.0,6.0,4.0,5.0
really," IMO of course, but I feel Wikipedia is generating *more* backlash and trolling on this by resisting the lead mention in step with proposals for a title change (the latter move really *would* be premature in 5 or even 10 years, but the lead mention will seem like an obvious laguna by late spring, I suspect).","{""is_modifier"": true, ""softens_harshness"": 4, ""formality"": 4, ""degree"": 1}",4.0,4.0,1.0,4.0
quite," If they'd waited a month or six weeks to revisit, it's quite likely there would have been fewer objections to that.","{""is_modifier"": true, ""softens_harshness"": 5, ""formality"": 6, ""degree"": 4}",5.0,6.0,4.0,5.0
mostly,":::I think if the RfC had been something like ""The Gulf of Mexico (Spanish: Golfo de México; officially designated by the US as Gulf of America) is an oceanic basin and a marginal sea of the Atlantic Ocean, mostly surrounded by the North American continent"" or something, more people might have been able to get behind it.","{""is_modifier"": true, ""softens_harshness"": 6, ""formality"": 5, ""degree"": 5}",6.0,5.0,5.0,6.0
a little," A little bit of that kind of off-topic tangent is no big deal, I'm sure I've done it myself many times.","{""is_modifier"": true, ""softens_harshness"": 8, ""formality"": 4, ""degree"": 4}",8.0,4.0,4.0,8.0
kind of," A little bit of that kind of off-topic tangent is no big deal, I'm sure I've done it myself many times.","{""is_modifier"": true, ""softens_harshness"": 8, ""formality"": 4, ""degree"": 2}",8.0,4.0,2.0,8.0
kind of," It's just that at ''this'' article talk, where we have so many editors who have little experience, and so much irrelevance in arguments, I'm trying to be very clear about what is and isn't okay per talk policy to kind of try to keep it to a minimum.","{""is_modifier"": true, ""softens_harshness"": 7, ""formality"": 3, ""degree"": 1}",7.0,3.0,1.0,7.0
very," It's just that at ''this'' article talk, where we have so many editors who have little experience, and so much irrelevance in arguments, I'm trying to be very clear about what is and isn't okay per talk policy to kind of try to keep it to a minimum.","{""is_modifier"": true, ""softens_harshness"": 5, ""formality"": 5, ""degree"": 5}",5.0,5.0,5.0,5.0
mostly,** [[d:Wikidata:WikiProject_Antiquity/Patristic_Text_Archive|Antiquity: Patristic Text Archive]] is a web archive for (mostly) Greek [[d:Q189380|Patristic]] archival texts.,"{""is_modifier"": true, ""softens_harshness"": 6, ""formality"": 5, ""degree"": 5}",6.0,5.0,5.0,6.0
quite,":I would be quite content to either delete, reword or add authorities as necessary.","{""is_modifier"": true, ""softens_harshness"": 6, ""formality"": 7, ""degree"": 3}",6.0,7.0,3.0,6.0
really,You really are wasting your time arguing with that user.,"{""is_modifier"": true, ""softens_harshness"": 4, ""formality"": 4, ""degree"": 3}",4.0,4.0,3.0,4.0
very,This vandalism has been ongoing very actively for almost two months now.,"{""is_modifier"": true, ""softens_harshness"": 4, ""formality"": 5, ""degree"": 5}",4.0,5.0,5.0,4.0
very,"Today, I made some contributions to the Wikipedia that I deem as very benefiting.","{""is_modifier"": true, ""softens_harshness"": 5, ""formality"": 5, ""degree"": 5}",5.0,5.0,5.0,5.0
very,:It is indeed very hard for me to believe that you just registered for the first time and that the first thing you noticed here in Wikipedia is the [[Roman Miroshnichenko]] dispute.,"{""is_modifier"": true, ""softens_harshness"": 4, ""formality"": 5, ""degree"": 5}",4.0,5.0,5.0,4.0
fairly,"*To me these appear to be different people, unless they are capable of shuttling between two fairly distant cities in less than a day on multiple occasions.","{""is_modifier"": true, ""softens_harshness"": 6, ""formality"": 5, ""degree"": 4}",6.0,5.0,4.0,6.0
quite,"*:::::Even while interacting and communicating on the Internet, it is quite important not to say rude things, not to label someone as a sockpuppet or a meat (as you say) groundlessly and without proper investigation, and not to push others into answering unrelated questions that have nothing to do with the current process.","{""is_modifier"": true, ""softens_harshness"": 6, ""formality"": 7, ""degree"": 4}",6.0,7.0,4.0,6.0
quite, I just wanted to let you know that one or more of [[Special:Contributions/2A02:C7C:AF46:4C00:793C:3FBC:3CE8:289B|your recent contributions]] were not quite right.,"{""is_modifier"": true, ""softens_harshness"": 8, ""formality"": 7, ""degree"": 4}",8.0,7.0,4.0,8.0
quite, I just wanted to let you know that one or more of [[Special:Contributions/2001:B07:A9A:C129:E00B:9FC5:AF86:8569|your recent contributions]] were not quite right.,"{""is_modifier"": true, ""softens_harshness"": 8, ""formality"": 6, ""degree"": 4}",8.0,6.0,4.0,8.0
quite, I just wanted to let you know that one or more of [[Special:Contributions/2A02:6B67:D582:300:F87D:DD91:56A0:C19B|your recent contributions]] were not quite right.,"{""is_modifier"": true, ""softens_harshness"": 8, ""formality"": 7, ""degree"": 5}",8.0,7.0,5.0,8.0
very,"{{divbox|blue|3=an impressive CV but a VERY, VERY poor encyclopaedia article.","{""is_modifier"": true, ""softens_harshness"": 0, ""formality"": 3, ""degree"": 5}",0.0,3.0,5.0,0.0
quite, I just wanted to let you know that one or more of [[Special:Contributions/99.251.216.190|your recent contributions]] were not quite right.,"{""is_modifier"": true, ""softens_harshness"": 8, ""formality"": 7, ""degree"": 4}",8.0,7.0,4.0,8.0
rather,:Rather done to notice if anyone would notice it!,"{""is_modifier"": true, ""softens_harshness"": 7, ""formality"": 7, ""degree"": 4}",7.0,7.0,4.0,7.0
really,"[[File:Information.svg|25px|alt=Information icon]] Before adding a category to an article, please make sure that the subject of the article really belongs in the category that you specified according to Wikipedia's [[Wikipedia:Categorization|categorization guidelines]].","{""is_modifier"": true, ""softens_harshness"": 4, ""formality"": 4, ""degree"": 2}",4.0,4.0,2.0,4.0
really,"[[File:Information.svg|25px|alt=Information icon]] Before adding a category to an article, as you did to [[:Kangta]], please make sure that the subject of the article really belongs in the category that you specified according to Wikipedia's [[Wikipedia:Categorization|categorization guidelines]].","{""is_modifier"": true, ""softens_harshness"": 4, ""formality"": 4, ""degree"": 1}",4.0,4.0,1.0,4.0
a bit," Definitely something suspicious, but I'm actually a bit unsure about their connection to PakistanHistorian.","{""is_modifier"": true, ""softens_harshness"": 8, ""formality"": 4, ""degree"": 5}",8.0,4.0,5.0,8.0
very,::Thank you for the reply and thank you very much for the vandalism alert about this IP.,"{""is_modifier"": true, ""softens_harshness"": 5, ""formality"": 6, ""degree"": 5}",5.0,6.0,5.0,5.0
really," I don't really recall which sources I used, though the afromentioned Rezakhani was amongst them.","{""is_modifier"": true, ""softens_harshness"": 7, ""formality"": 4, ""degree"": 2}",7.0,4.0,2.0,7.0
really,"::I would really like the sources for the map as i have talked with other Sassanian map makers and sometimes they agreed with you and sometimes they didnt [[User:MrHappy2020|MrHappy2020]] ([[User talk:MrHappy2020|talk]]) 11:53, 25 December 2024 (UTC)","{""is_modifier"": true, ""softens_harshness"": 6, ""formality"": 4, ""degree"": 4}",6.0,4.0,4.0,6.0
really,":::Sorry, but I still don't really recall which sources I used.","{""is_modifier"": true, ""softens_harshness"": 8, ""formality"": 4, ""degree"": 3}",8.0,4.0,3.0,8.0
very, Thank you very much and likewise!,"{""is_modifier"": true, ""softens_harshness"": 6, ""formality"": 6, ""degree"": 5}",6.0,6.0,5.0,6.0
really," I'm not really an expert in the areas where their edits have been done, but it looks like you might be.","{""is_modifier"": true, ""softens_harshness"": 7, ""formality"": 4, ""degree"": 3}",7.0,4.0,3.0,7.0
very, Wishing you a Very happy and productive 2025!,"{""is_modifier"": true, ""softens_harshness"": 5, ""formality"": 5, ""degree"": 5}",5.0,5.0,5.0,5.0
very, Thank you very much for letting me know.,"{""is_modifier"": true, ""softens_harshness"": 5, ""formality"": 6, ""degree"": 5}",5.0,6.0,5.0,5.0
very," I'm telling you this so you know that these people live on these lands since a very long time, there is no way that so many people just randomly appeared here.","{""is_modifier"": true, ""softens_harshness"": 5, ""formality"": 5, ""degree"": 5}",5.0,5.0,5.0,5.0
really, It's really not that serious.,"{""is_modifier"": true, ""softens_harshness"": 7, ""formality"": 4, ""degree"": 2}",7.0,4.0,2.0,7.0
very," Yes, but very rarely does something jump to diff almost 2 years ago and bring them up.","{""is_modifier"": true, ""softens_harshness"": 5, ""formality"": 5, ""degree"": 5}",5.0,5.0,5.0,5.0
very,:::::::# So you can't tell how so many people of one ethnicity can appear on these land in a very little time because it's physically impossible to reproduce that fast.,"{""is_modifier"": true, ""softens_harshness"": 4, ""formality"": 5, ""degree"": 5}",4.0,5.0,5.0,4.0
pretty,::::::::I find it pretty relevant to ask when you bring up two random diffs from almost 2 years ago.,"{""is_modifier"": true, ""softens_harshness"": 7, ""formality"": 3, ""degree"": 4}",7.0,3.0,4.0,7.0
a little," It's just a little neat thing, everyone can easily become a ""member"".","{""is_modifier"": true, ""softens_harshness"": 6, ""formality"": 4, ""degree"": 4}",6.0,4.0,4.0,6.0
very,::::::::{{tq|So you can't tell how so many people of one ethnicity can appear on these land in a very little time because it's physically impossible to reproduce that fast.,"{""is_modifier"": true, ""softens_harshness"": 4, ""formality"": 5, ""degree"": 5}",4.0,5.0,5.0,4.0
a little,:::::::::# It's a little suspicious because everything in your profile is about supporting Armenia's actions.,"{""is_modifier"": true, ""softens_harshness"": 8, ""formality"": 4, ""degree"": 5}",8.0,4.0,5.0,8.0
a little,::::::::::{{tq|It's a little suspicious because everything in your profile is about supporting Armenia's actions.,"{""is_modifier"": true, ""softens_harshness"": 8, ""formality"": 4, ""degree"": 4}",8.0,4.0,4.0,8.0
very," If I hadn't done that to my friend, it would be very impolite towards them.","{""is_modifier"": true, ""softens_harshness"": 3, ""formality"": 5, ""degree"": 5}",3.0,5.0,5.0,3.0
mostly, The point of your profile is mostly to support Armenia's actions.,"{""is_modifier"": true, ""softens_harshness"": 7, ""formality"": 5, ""degree"": 5}",7.0,5.0,5.0,7.0
really, Tell me honestly do you really like to spread negativity?,"{""is_modifier"": true, ""softens_harshness"": 3, ""formality"": 4, ""degree"": 4}",3.0,4.0,4.0,3.0
quite,"::::::::::::Also i don't quite understand this ""Wikipedia does engage in anachronism"".","{""is_modifier"": true, ""softens_harshness"": 8, ""formality"": 6, ""degree"": 4}",8.0,6.0,4.0,8.0
quite,":::::::::::::# I repeat that i don't quite understand this ""Wikipedia does engage in anachronism"".","{""is_modifier"": true, ""softens_harshness"": 8, ""formality"": 7, ""degree"": 4}",8.0,7.0,4.0,8.0
very,Have a very happy first edit anniversary!,"{""is_modifier"": true, ""softens_harshness"": 5, ""formality"": 5, ""degree"": 5}",5.0,5.0,5.0,5.0
very," Thank you very much, time flies too fast.","{""is_modifier"": true, ""softens_harshness"": 5, ""formality"": 6, ""degree"": 5}",5.0,6.0,5.0,5.0
a bit," Looks like I was a bit too hasty on this one, my bad.","{""is_modifier"": true, ""softens_harshness"": 8, ""formality"": 4, ""degree"": 4}",8.0,4.0,4.0,8.0
very," My pleasure, thank you very much!","{""is_modifier"": true, ""softens_harshness"": 5, ""formality"": 6, ""degree"": 5}",5.0,6.0,5.0,5.0
somewhat,"[https://en.wikipedia.org/w/index.php?title=Sayyid_Mir_Jan&diff=1261883382&oldid=1255221092] After looking at [[Special:Contributions/Remote-Control65|Remote-Control65's contributions]], I could see that they are somewhat of a [[WP:SPA]], all their contributions are basically like these.","{""is_modifier"": true, ""softens_harshness"": 8, ""formality"": 6, ""degree"": 4}",8.0,6.0,4.0,8.0
very, I'm not very proficient in English.,"{""is_modifier"": true, ""softens_harshness"": 8, ""formality"": 5, ""degree"": 5}",8.0,5.0,5.0,8.0
pretty," Thanks for notifing me, I'm pretty sure it is the LTA [[Wikipedia:Sockpuppet investigations/SheryOfficial]].","{""is_modifier"": true, ""softens_harshness"": 7, ""formality"": 3, ""degree"": 5}",7.0,3.0,5.0,7.0
really," I haven't really looked in depth into the [[WP:RS]] about this event, though it seems like I should.","{""is_modifier"": true, ""softens_harshness"": 7, ""formality"": 4, ""degree"": 3}",7.0,4.0,3.0,7.0
very,3) Each of the books I use is a very important study.,"{""is_modifier"": true, ""softens_harshness"": 5, ""formality"": 5, ""degree"": 5}",5.0,5.0,5.0,5.0
very,:{{tq|Each of the books I use is a very important study.,"{""is_modifier"": true, ""softens_harshness"": 5, ""formality"": 5, ""degree"": 5}",5.0,5.0,5.0,5.0
a bit," Please be a bit more forthright, we both know that isn't what we're talking about and not what you (at least initially) only intended.","{""is_modifier"": true, ""softens_harshness"": 8, ""formality"": 4, ""degree"": 5}",8.0,4.0,5.0,8.0
rather," In some instances, the name Azarbaijan was used in a manner that included the Aran region immediately to the north of the River Aras, but this was rather an exception.","{""is_modifier"": true, ""softens_harshness"": 7, ""formality"": 8, ""degree"": 3}",7.0,8.0,3.0,7.0
mostly," I'm not trying to discourage you from editing Wikipedia, but I would like to point out that adding place names like you have been doing in recent days is mostly pointless, as most such edits will inevitably be reverted, sooner of later, as those names are not co-official.","{""is_modifier"": true, ""softens_harshness"": 7, ""formality"": 5, ""degree"": 5}",7.0,5.0,5.0,7.0
quite," Maybe you could, for example, expand on Sorbian history or culture in various locations, or, on etymology, historical events and affiliations, since Lusatia was ruled by various countries at various times, as many articles about Lusatian towns tend to have very little of such information (like Döbern, Spremberg, Guhrow, Peitz, Drehnow, even Löbau, Calau are still quite short), compared to articles about similar sized towns in Poland, for example.","{""is_modifier"": true, ""softens_harshness"": 7, ""formality"": 6, ""degree"": 4}",7.0,6.0,4.0,7.0
very," Maybe you could, for example, expand on Sorbian history or culture in various locations, or, on etymology, historical events and affiliations, since Lusatia was ruled by various countries at various times, as many articles about Lusatian towns tend to have very little of such information (like Döbern, Spremberg, Guhrow, Peitz, Drehnow, even Löbau, Calau are still quite short), compared to articles about similar sized towns in Poland, for example.","{""is_modifier"": true, ""softens_harshness"": 4, ""formality"": 5, ""degree"": 5}",4.0,5.0,5.0,4.0
very,"Thank you very much in advance and best regards,<br>[[User:ToBeFree|&#126; ToBeFree]] ([[User talk:ToBeFree|talk]]) 13:02, 17 August 2024 (UTC)","{""is_modifier"": true, ""softens_harshness"": 6, ""formality"": 6, ""degree"": 5}",6.0,6.0,5.0,6.0
very, Thank you very much!,"{""is_modifier"": true, ""softens_harshness"": 5, ""formality"": 6, ""degree"": 5}",5.0,6.0,5.0,5.0
very,"*Those ""unseen parameters"" have a very useful purpose.","{""is_modifier"": true, ""softens_harshness"": 5, ""formality"": 5, ""degree"": 5}",5.0,5.0,5.0,5.0
very, Wikipedia takes [[Wikipedia:Copyrights|copyright]] very seriously.,"{""is_modifier"": true, ""softens_harshness"": 4, ""formality"": 5, ""degree"": 5}",4.0,5.0,5.0,4.0
very,"::I disagree with your characterization of corrosionpedia as a “community-based resource (like Wikipedia)”: while anyone can ''request'' to become a contributor, they very clearly state the types of contributors they seek (industry professionals from selected fields), so it is highly unlikely that just anyone would get approved to become a contributor.","{""is_modifier"": true, ""softens_harshness"": 4, ""formality"": 4, ""degree"": 5}",4.0,4.0,5.0,4.0
very," Thus, it is very unlike Wikipedia in that only those approved contributors can make changes.","{""is_modifier"": true, ""softens_harshness"": 4, ""formality"": 4, ""degree"": 5}",4.0,4.0,5.0,4.0
quite," “Electrochemical corrosion” might be a better umbrella term indeed, but I don’t feel quite knowledgeable enough to make a solid determination either way.","{""is_modifier"": true, ""softens_harshness"": 7, ""formality"": 6, ""degree"": 4}",7.0,6.0,4.0,7.0
very," As an ex-researcher (very far away from the corrosion, naturally), I feel that a site where users with some skills in the field (including technicians and ""coating specialists"") are allowed to post texts on <u>any</u> topic they choose is not that different from Wikipedia.","{""is_modifier"": true, ""softens_harshness"": 5, ""formality"": 5, ""degree"": 5}",5.0,5.0,5.0,5.0
very, There is no reason for us to continue discussing that: the field of corrosion research is very established and full of sources that we both will accept as truly reliable.,"{""is_modifier"": true, ""softens_harshness"": 5, ""formality"": 5, ""degree"": 4}",5.0,5.0,4.0,5.0
very," My proposal is to agree to disagree on corrosionpedia, and simply use the wide variety of very solid sources freely available.","{""is_modifier"": true, ""softens_harshness"": 5, ""formality"": 5, ""degree"": 5}",5.0,5.0,5.0,5.0
rather," This field is not rocket science and not politicized either, so together with other editors we should be able to reach consensus on the sources rather quickly.","{""is_modifier"": true, ""softens_harshness"": 6, ""formality"": 7, ""degree"": 4}",6.0,7.0,4.0,6.0
rather," If you would rather prefer the second way, feel free to suggest such sources on the talk page.","{""is_modifier"": true, ""softens_harshness"": 6, ""formality"": 6, ""degree"": 1}",6.0,6.0,1.0,6.0
somewhat,::::::# It is somewhat concerning that you see practically no difference between a publicly editable wiki (Wikipedia) and an industry website that pays vetted professionals to write for it.,"{""is_modifier"": true, ""softens_harshness"": 8, ""formality"": 7, ""degree"": 4}",8.0,7.0,4.0,8.0
really," Also, using <nowiki><u></nowiki> HTML tags is really poor form, as it isn't ADA compliant.","{""is_modifier"": true, ""softens_harshness"": 3, ""formality"": 4, ""degree"": 5}",3.0,4.0,5.0,3.0
very,":# This was a one-off (part of [[WP:NPP]]), but I am interested in France, visited it on multiple occasions (some of my relatives ran away from the [[Bolsheviks]] in the early 1920s and had settled in Paris) and do dabble in the French Wikipedia (my French is very poor, but above the zero level).","{""is_modifier"": true, ""softens_harshness"": 4, ""formality"": 5, ""degree"": 5}",4.0,5.0,5.0,4.0
very," A proposal at Village Pump Policy to create such a user right may very well succeed, because the arguments for harnessing the strengths of generative AI for the development of WP, while protecting it against AI in the hands of clueless newbs, are very strong.","{""is_modifier"": true, ""softens_harshness"": 5, ""formality"": 5, ""degree"": 5}",5.0,5.0,5.0,5.0
very, I am 100% sure that the dangers of AI in Wikipedia are overblown (the threat to paid white-collar jobs is very real OTOH).,"{""is_modifier"": true, ""softens_harshness"": 4, ""formality"": 5, ""degree"": 5}",4.0,5.0,5.0,4.0
mostly," I also do not buy the ""written by people"" religion: IRL the machine-made goods are mostly of better quality.","{""is_modifier"": true, ""softens_harshness"": 7, ""formality"": 5, ""degree"": 4}",7.0,5.0,4.0,7.0
very," Even there I have very low tolerance for attempts to tell me how to do things, as opposed to what needs to be done (yes, I am a [[primadonna]] in the euphemistic sense of the word).","{""is_modifier"": true, ""softens_harshness"": 4, ""formality"": 5, ""degree"": 5}",4.0,5.0,5.0,4.0
fairly,"<br><br>The greatest benefit to me from Wikipedia over the years has been its nature of being part of the cloud; you could write up a subject here for future reference, and be fairly certain that it would be available from then on (including that exact version), plus be improved by others, which was a big bonus.","{""is_modifier"": true, ""softens_harshness"": 6, ""formality"": 5, ""degree"": 5}",6.0,5.0,5.0,6.0
pretty," Pretty soon, it'll be able to work on it competently without me even having to be there.","{""is_modifier"": true, ""softens_harshness"": 6, ""formality"": 3, ""degree"": 4}",6.0,3.0,4.0,6.0
really,"The more I explain this, the easier it is to for me to see that I don't really belong here anymore.","{""is_modifier"": true, ""softens_harshness"": 7, ""formality"": 4, ""degree"": 2}",7.0,4.0,2.0,7.0
pretty," For me personally, it means that pretty soon I will have to find another topic for small talk (I dislike discussing weather and sports).","{""is_modifier"": true, ""softens_harshness"": 6, ""formality"": 3, ""degree"": 4}",6.0,3.0,4.0,6.0
very," On one hand, I think that this future new life (""Matrix""-like, but without even a role in energy production) can be very boring, although due to my age it is unlikely that I will experience this boredom.","{""is_modifier"": true, ""softens_harshness"": 4, ""formality"": 5, ""degree"": 5}",4.0,5.0,5.0,4.0
really," Regarding the procedures, they really do not matter.","{""is_modifier"": true, ""softens_harshness"": 4, ""formality"": 4, ""degree"": 2}",4.0,4.0,2.0,4.0
quite," On the merits, the article nomination is ridiculous, as it is quite robust.","{""is_modifier"": true, ""softens_harshness"": 6, ""formality"": 7, ""degree"": 4}",6.0,7.0,4.0,6.0
very,"::::At the very same time, [[Buddhism in Belarus]] was near-unanimously [[Wikipedia:Articles for deletion/Buddhism in Belarus|kept]].","{""is_modifier"": true, ""softens_harshness"": 5, ""formality"": 5, ""degree"": 1}",5.0,5.0,1.0,5.0
relatively,<br><br>I agree with you that AI output will exceed top editor-quality writing relatively soon (a few years?,"{""is_modifier"": true, ""softens_harshness"": 6, ""formality"": 7, ""degree"": 5}",6.0,7.0,5.0,6.0
quite,  I have wanted to serve as a Wikipedia editor for quite some time - tonight I've finally started the process.,"{""is_modifier"": true, ""softens_harshness"": 5, ""formality"": 7, ""degree"": 4}",5.0,7.0,4.0,5.0
very," On behalf of the [[WP:Birthday Committee|Birthday Committee]], I'd like to wish you a very happy  anniversary of the day you made [https://en.wikipedia.org/w/index.php?title=Special:Contributions/Rusty+Cat&dir=prev&limit=1 your first edit] and became a Wikipedian!","{""is_modifier"": true, ""softens_harshness"": 5, ""formality"": 5, ""degree"": 5}",5.0,5.0,5.0,5.0
rather," For example, the YouTube channel about is obviously not independent, and I didn't think the news sources were significant enough about the channel itself, but rather about MFI/the members who were arrested.","{""is_modifier"": true, ""softens_harshness"": 5, ""formality"": 7, ""degree"": 0}",5.0,7.0,0.0,5.0
really, Have a look at [[Wikipedia:Large language models]] as to why writing with an AI chatbot is a really bad idea on Wikipedia.,"{""is_modifier"": true, ""softens_harshness"": 2, ""formality"": 3, ""degree"": 5}",2.0,3.0,5.0,2.0
really, I think a professor/author that I know really ought to have a wikipedia page but don't know how to gauge that officially.,"{""is_modifier"": true, ""softens_harshness"": 4, ""formality"": 4, ""degree"": 4}",4.0,4.0,4.0,4.0
extremely,:@[[User:Zayne Nel|Zayne Nel]]: My apologies for the extremely delayed response.,"{""is_modifier"": true, ""softens_harshness"": 7, ""formality"": 6, ""degree"": 5}",7.0,6.0,5.0,7.0
very, I prefer to write in Spanish with you my mentor I am new to Wikipedia like swimming lessons for babies I am very interested in writing about those subjects.,"{""is_modifier"": true, ""softens_harshness"": 5, ""formality"": 5, ""degree"": 5}",5.0,5.0,5.0,5.0
very,"Round 1 was very competitive compared with previous years; two contestants scored more than 1,000 round points, and the top 16 contestants all scored more than 500 round points.","{""is_modifier"": true, ""softens_harshness"": 5, ""formality"": 5, ""degree"": 5}",5.0,5.0,5.0,5.0
very,"-- Template:uw-vandalism1 --><b>[[User:Yoshi24517|<span style=""color:#00c700;font-family:'Rockwell'"">Yoshi24517</span>]] ([[User talk:Yoshi24517|<span style=""color:black;font-family:'Rockwell'"">Chat</span>]]) (<span style=""color:red;font-family:'Rockwell'"">Very Busy</span>)</b> 21:01, 25 January 2025 (UTC)","{""is_modifier"": true, ""softens_harshness"": 5, ""formality"": 5, ""degree"": 5}",5.0,5.0,5.0,5.0
very,"-- Template:uw-unsourced1 --> <b>[[User:Yoshi24517|<span style=""color:#00c700;font-family:'Rockwell'"">Yoshi24517</span>]] ([[User talk:Yoshi24517|<span style=""color:black;font-family:'Rockwell'"">Chat</span>]]) (<span style=""color:red;font-family:'Rockwell'"">Very Busy</span>)</b> 21:03, 25 January 2025 (UTC)","{""is_modifier"": true, ""softens_harshness"": 5, ""formality"": 5, ""degree"": 5}",5.0,5.0,5.0,5.0
very,"-- Template:uw-vandalism1 --><b>[[User:Yoshi24517|<span style=""color:#00c700;font-family:'Rockwell'"">Yoshi24517</span>]] ([[User talk:Yoshi24517|<span style=""color:black;font-family:'Rockwell'"">Chat</span>]]) (<span style=""color:red;font-family:'Rockwell'"">Very Busy</span>)</b> 21:06, 25 January 2025 (UTC)","{""is_modifier"": true, ""softens_harshness"": 5, ""formality"": 5, ""degree"": 5}",5.0,5.0,5.0,5.0
very,"-- Template:uw-unsourced1 --> <b>[[User:Yoshi24517|<span style=""color:#00c700;font-family:'Rockwell'"">Yoshi24517</span>]] ([[User talk:Yoshi24517|<span style=""color:black;font-family:'Rockwell'"">Chat</span>]]) (<span style=""color:red;font-family:'Rockwell'"">Very Busy</span>)</b> 21:10, 25 January 2025 (UTC)","{""is_modifier"": true, ""softens_harshness"": 5, ""formality"": 5, ""degree"": 5}",5.0,5.0,5.0,5.0
very,"-- Template:uw-unsourced2 --> <b>[[User:Yoshi24517|<span style=""color:#00c700;font-family:'Rockwell'"">Yoshi24517</span>]] ([[User talk:Yoshi24517|<span style=""color:black;font-family:'Rockwell'"">Chat</span>]]) (<span style=""color:red;font-family:'Rockwell'"">Very Busy</span>)</b> 21:15, 25 January 2025 (UTC)","{""is_modifier"": true, ""softens_harshness"": 5, ""formality"": 5, ""degree"": 5}",5.0,5.0,5.0,5.0
very,"-- Template:uw-npov1 --> <b>[[User:Yoshi24517|<span style=""color:#00c700;font-family:'Rockwell'"">Yoshi24517</span>]] ([[User talk:Yoshi24517|<span style=""color:black;font-family:'Rockwell'"">Chat</span>]]) (<span style=""color:red;font-family:'Rockwell'"">Very Busy</span>)</b> 21:11, 25 January 2025 (UTC)","{""is_modifier"": true, ""softens_harshness"": 5, ""formality"": 5, ""degree"": 5}",5.0,5.0,5.0,5.0
very,"-- Template:uw-test1 --><b>[[User:Yoshi24517|<span style=""color:#00c700;font-family:'Rockwell'"">Yoshi24517</span>]] ([[User talk:Yoshi24517|<span style=""color:black;font-family:'Rockwell'"">Chat</span>]]) (<span style=""color:red;font-family:'Rockwell'"">Very Busy</span>)</b> 21:11, 25 January 2025 (UTC)","{""is_modifier"": true, ""softens_harshness"": 5, ""formality"": 5, ""degree"": 5}",5.0,5.0,5.0,5.0
very," <b>[[User:Yoshi24517|<span style=""color:#00c700;font-family:'Rockwell'"">Yoshi24517</span>]] ([[User talk:Yoshi24517|<span style=""color:black;font-family:'Rockwell'"">Chat</span>]]) (<span style=""color:red;font-family:'Rockwell'"">Very Busy</span>)</b> 21:14, 25 January 2025 (UTC)<!","{""is_modifier"": true, ""softens_harshness"": 5, ""formality"": 5, ""degree"": 5}",5.0,5.0,5.0,5.0
very,"-- Template:uw-vandalism1 --><b>[[User:Yoshi24517|<span style=""color:#00c700;font-family:'Rockwell'"">Yoshi24517</span>]] ([[User talk:Yoshi24517|<span style=""color:black;font-family:'Rockwell'"">Chat</span>]]) (<span style=""color:red;font-family:'Rockwell'"">Very Busy</span>)</b> 21:15, 25 January 2025 (UTC)","{""is_modifier"": true, ""softens_harshness"": 5, ""formality"": 5, ""degree"": 5}",5.0,5.0,5.0,5.0
very,"-- Template:uw-npov1 --><b>[[User:Yoshi24517|<span style=""color:#00c700;font-family:'Rockwell'"">Yoshi24517</span>]] ([[User talk:Yoshi24517|<span style=""color:black;font-family:'Rockwell'"">Chat</span>]]) (<span style=""color:red;font-family:'Rockwell'"">Very Busy</span>)</b> 21:17, 25 January 2025 (UTC)","{""is_modifier"": true, ""softens_harshness"": 5, ""formality"": 5, ""degree"": 5}",5.0,5.0,5.0,5.0
very,"-- Template:uw-test1 --><b>[[User:Yoshi24517|<span style=""color:#00c700;font-family:'Rockwell'"">Yoshi24517</span>]] ([[User talk:Yoshi24517|<span style=""color:black;font-family:'Rockwell'"">Chat</span>]]) (<span style=""color:red;font-family:'Rockwell'"">Very Busy</span>)</b> 21:18, 25 January 2025 (UTC)","{""is_modifier"": true, ""softens_harshness"": 5, ""formality"": 5, ""degree"": 5}",5.0,5.0,5.0,5.0
very,"-- Template:uw-unsourced1 --> <b>[[User:Yoshi24517|<span style=""color:#00c700;font-family:'Rockwell'"">Yoshi24517</span>]] ([[User talk:Yoshi24517|<span style=""color:black;font-family:'Rockwell'"">Chat</span>]]) (<span style=""color:red;font-family:'Rockwell'"">Very Busy</span>)</b> 21:20, 25 January 2025 (UTC)","{""is_modifier"": true, ""softens_harshness"": 5, ""formality"": 5, ""degree"": 5}",5.0,5.0,5.0,5.0
very,"-- Template:uw-vandalism1 --><b>[[User:Yoshi24517|<span style=""color:#00c700;font-family:'Rockwell'"">Yoshi24517</span>]] ([[User talk:Yoshi24517|<span style=""color:black;font-family:'Rockwell'"">Chat</span>]]) (<span style=""color:red;font-family:'Rockwell'"">Very Busy</span>)</b> 21:24, 25 January 2025 (UTC)","{""is_modifier"": true, ""softens_harshness"": 5, ""formality"": 5, ""degree"": 5}",5.0,5.0,5.0,5.0
very,"-- Template:uw-npov1 --> <b>[[User:Yoshi24517|<span style=""color:#00c700;font-family:'Rockwell'"">Yoshi24517</span>]] ([[User talk:Yoshi24517|<span style=""color:black;font-family:'Rockwell'"">Chat</span>]]) (<span style=""color:red;font-family:'Rockwell'"">Very Busy</span>)</b> 21:24, 25 January 2025 (UTC)","{""is_modifier"": true, ""softens_harshness"": 5, ""formality"": 5, ""degree"": 5}",5.0,5.0,5.0,5.0
very,"-- Template:uw-unsourced1 --> <b>[[User:Yoshi24517|<span style=""color:#00c700;font-family:'Rockwell'"">Yoshi24517</span>]] ([[User talk:Yoshi24517|<span style=""color:black;font-family:'Rockwell'"">Chat</span>]]) (<span style=""color:red;font-family:'Rockwell'"">Very Busy</span>)</b> 21:25, 25 January 2025 (UTC)","{""is_modifier"": true, ""softens_harshness"": 5, ""formality"": 5, ""degree"": 5}",5.0,5.0,5.0,5.0
very,"-- Template:uw-unsourced1 --> <b>[[User:Yoshi24517|<span style=""color:#00c700;font-family:'Rockwell'"">Yoshi24517</span>]] ([[User talk:Yoshi24517|<span style=""color:black;font-family:'Rockwell'"">Chat</span>]]) (<span style=""color:red;font-family:'Rockwell'"">Very Busy</span>)</b> 21:26, 25 January 2025 (UTC)","{""is_modifier"": true, ""softens_harshness"": 5, ""formality"": 5, ""degree"": 5}",5.0,5.0,5.0,5.0
very,"-- Template:uw-test2 --><b>[[User:Yoshi24517|<span style=""color:#00c700;font-family:'Rockwell'"">Yoshi24517</span>]] ([[User talk:Yoshi24517|<span style=""color:black;font-family:'Rockwell'"">Chat</span>]]) (<span style=""color:red;font-family:'Rockwell'"">Very Busy</span>)</b> 21:32, 25 January 2025 (UTC)","{""is_modifier"": true, ""softens_harshness"": 5, ""formality"": 5, ""degree"": 5}",5.0,5.0,5.0,5.0
very, I am very tired of this vandalism.,"{""is_modifier"": true, ""softens_harshness"": 4, ""formality"": 5, ""degree"": 5}",4.0,5.0,5.0,4.0
really, I am really uncomfortable.,"{""is_modifier"": true, ""softens_harshness"": 4, ""formality"": 4, ""degree"": 5}",4.0,4.0,5.0,4.0
very,"-- Template:uw-vandalism1 --><b>[[User:Yoshi24517|<span style=""color:#00c700;font-family:'Rockwell'"">Yoshi24517</span>]] ([[User talk:Yoshi24517|<span style=""color:black;font-family:'Rockwell'"">Chat</span>]]) (<span style=""color:red;font-family:'Rockwell'"">Very Busy</span>)</b> 21:28, 25 January 2025 (UTC)","{""is_modifier"": true, ""softens_harshness"": 5, ""formality"": 5, ""degree"": 5}",5.0,5.0,5.0,5.0
very,"-- Template:uw-delete1 --><b>[[User:Yoshi24517|<span style=""color:#00c700;font-family:'Rockwell'"">Yoshi24517</span>]] ([[User talk:Yoshi24517|<span style=""color:black;font-family:'Rockwell'"">Chat</span>]]) (<span style=""color:red;font-family:'Rockwell'"">Very Busy</span>)</b> 21:31, 25 January 2025 (UTC)","{""is_modifier"": true, ""softens_harshness"": 5, ""formality"": 5, ""degree"": 5}",5.0,5.0,5.0,5.0
very,":Im very sorry from what I did [[Special:Contributions/24.125.51.28|24.125.51.28]] ([[User talk:24.125.51.28#top|talk]]) 21:46, 25 January 2025 (UTC)","{""is_modifier"": true, ""softens_harshness"": 6, ""formality"": 5, ""degree"": 5}",6.0,5.0,5.0,6.0
a bit,":Also the text i removed seems out of place and a bit passive aggressive on how Idlib been conquered by ""Armenian King"" relate to anything.","{""is_modifier"": true, ""softens_harshness"": 8, ""formality"": 4, ""degree"": 4}",8.0,4.0,4.0,8.0
very,"-- Template:uw-vandalism1 --><b>[[User:Yoshi24517|<span style=""color:#00c700;font-family:'Rockwell'"">Yoshi24517</span>]] ([[User talk:Yoshi24517|<span style=""color:black;font-family:'Rockwell'"">Chat</span>]]) (<span style=""color:red;font-family:'Rockwell'"">Very Busy</span>)</b> 22:00, 25 January 2025 (UTC)","{""is_modifier"": true, ""softens_harshness"": 5, ""formality"": 5, ""degree"": 5}",5.0,5.0,5.0,5.0
partially," '''''Your edits were only partially supported by the sources cited, with much of it appearing to be original research, which is not permitted.","{""is_modifier"": true, ""softens_harshness"": 7, ""formality"": 6, ""degree"": 5}",7.0,6.0,5.0,7.0
very," Historical information on this location is very hard to come by from any other published official sources, and the sources cited are well-researched.","{""is_modifier"": true, ""softens_harshness"": 4, ""formality"": 5, ""degree"": 5}",4.0,5.0,5.0,4.0
very,"-- Template:uw-delete1 --><b>[[User:Yoshi24517|<span style=""color:#00c700;font-family:'Rockwell'"">Yoshi24517</span>]] ([[User talk:Yoshi24517|<span style=""color:black;font-family:'Rockwell'"">Chat</span>]]) (<span style=""color:red;font-family:'Rockwell'"">Very Busy</span>)</b> 22:01, 25 January 2025 (UTC)","{""is_modifier"": true, ""softens_harshness"": 5, ""formality"": 5, ""degree"": 5}",5.0,5.0,5.0,5.0
extremely,":The history of East Asia Super League is misquoted and is extremely misleading, as their first season didn’t start until the 2023-24 season.","{""is_modifier"": true, ""softens_harshness"": 1, ""formality"": 5, ""degree"": 5}",1.0,5.0,5.0,1.0
very,"-- Template:uw-vandalism1 --><b>[[User:Yoshi24517|<span style=""color:#00c700;font-family:'Rockwell'"">Yoshi24517</span>]] ([[User talk:Yoshi24517|<span style=""color:black;font-family:'Rockwell'"">Chat</span>]]) (<span style=""color:red;font-family:'Rockwell'"">Very Busy</span>)</b> 22:04, 25 January 2025 (UTC)","{""is_modifier"": true, ""softens_harshness"": 5, ""formality"": 5, ""degree"": 5}",5.0,5.0,5.0,5.0
very,"-- Template:uw-delete1 --><b>[[User:Yoshi24517|<span style=""color:#00c700;font-family:'Rockwell'"">Yoshi24517</span>]] ([[User talk:Yoshi24517|<span style=""color:black;font-family:'Rockwell'"">Chat</span>]]) (<span style=""color:red;font-family:'Rockwell'"">Very Busy</span>)</b> 22:05, 25 January 2025 (UTC)","{""is_modifier"": true, ""softens_harshness"": 5, ""formality"": 5, ""degree"": 5}",5.0,5.0,5.0,5.0
very,"-- Template:uw-vandalism1 --><b>[[User:Yoshi24517|<span style=""color:#00c700;font-family:'Rockwell'"">Yoshi24517</span>]] ([[User talk:Yoshi24517|<span style=""color:black;font-family:'Rockwell'"">Chat</span>]]) (<span style=""color:red;font-family:'Rockwell'"">Very Busy</span>)</b> 22:06, 25 January 2025 (UTC)","{""is_modifier"": true, ""softens_harshness"": 5, ""formality"": 5, ""degree"": 5}",5.0,5.0,5.0,5.0
very,"-- Template:uw-test2 --><b>[[User:Yoshi24517|<span style=""color:#00c700;font-family:'Rockwell'"">Yoshi24517</span>]] ([[User talk:Yoshi24517|<span style=""color:black;font-family:'Rockwell'"">Chat</span>]]) (<span style=""color:red;font-family:'Rockwell'"">Very Busy</span>)</b> 22:07, 25 January 2025 (UTC)","{""is_modifier"": true, ""softens_harshness"": 5, ""formality"": 5, ""degree"": 5}",5.0,5.0,5.0,5.0
very,"-- Template:uw-test1 --><b>[[User:Yoshi24517|<span style=""color:#00c700;font-family:'Rockwell'"">Yoshi24517</span>]] ([[User talk:Yoshi24517|<span style=""color:black;font-family:'Rockwell'"">Chat</span>]]) (<span style=""color:red;font-family:'Rockwell'"">Very Busy</span>)</b> 22:06, 25 January 2025 (UTC)","{""is_modifier"": true, ""softens_harshness"": 5, ""formality"": 5, ""degree"": 5}",5.0,5.0,5.0,5.0
very,"-- Template:uw-vandalism1 --><b>[[User:Yoshi24517|<span style=""color:#00c700;font-family:'Rockwell'"">Yoshi24517</span>]] ([[User talk:Yoshi24517|<span style=""color:black;font-family:'Rockwell'"">Chat</span>]]) (<span style=""color:red;font-family:'Rockwell'"">Very Busy</span>)</b> 22:15, 25 January 2025 (UTC)","{""is_modifier"": true, ""softens_harshness"": 5, ""formality"": 5, ""degree"": 5}",5.0,5.0,5.0,5.0
very,"-- Template:uw-npov2 --><b>[[User:Yoshi24517|<span style=""color:#00c700;font-family:'Rockwell'"">Yoshi24517</span>]] ([[User talk:Yoshi24517|<span style=""color:black;font-family:'Rockwell'"">Chat</span>]]) (<span style=""color:red;font-family:'Rockwell'"">Very Busy</span>)</b> 22:26, 25 January 2025 (UTC)","{""is_modifier"": true, ""softens_harshness"": 5, ""formality"": 5, ""degree"": 5}",5.0,5.0,5.0,5.0
very,"-- Template:uw-vandalism1 --><b>[[User:Yoshi24517|<span style=""color:#00c700;font-family:'Rockwell'"">Yoshi24517</span>]] ([[User talk:Yoshi24517|<span style=""color:black;font-family:'Rockwell'"">Chat</span>]]) (<span style=""color:red;font-family:'Rockwell'"">Very Busy</span>)</b> 22:19, 25 January 2025 (UTC)","{""is_modifier"": true, ""softens_harshness"": 5, ""formality"": 5, ""degree"": 5}",5.0,5.0,5.0,5.0
very,"-- Template:uw-unsourced2 --> <b>[[User:Yoshi24517|<span style=""color:#00c700;font-family:'Rockwell'"">Yoshi24517</span>]] ([[User talk:Yoshi24517|<span style=""color:black;font-family:'Rockwell'"">Chat</span>]]) (<span style=""color:red;font-family:'Rockwell'"">Very Busy</span>)</b> 22:30, 25 January 2025 (UTC)","{""is_modifier"": true, ""softens_harshness"": 5, ""formality"": 5, ""degree"": 5}",5.0,5.0,5.0,5.0
very,"-- Template:uw-vandalism2 --><b>[[User:Yoshi24517|<span style=""color:#00c700;font-family:'Rockwell'"">Yoshi24517</span>]] ([[User talk:Yoshi24517|<span style=""color:black;font-family:'Rockwell'"">Chat</span>]]) (<span style=""color:red;font-family:'Rockwell'"">Very Busy</span>)</b> 22:19, 25 January 2025 (UTC)","{""is_modifier"": true, ""softens_harshness"": 5, ""formality"": 5, ""degree"": 5}",5.0,5.0,5.0,5.0
very,"-- Template:uw-vandalism1 --><b>[[User:Yoshi24517|<span style=""color:#00c700;font-family:'Rockwell'"">Yoshi24517</span>]] ([[User talk:Yoshi24517|<span style=""color:black;font-family:'Rockwell'"">Chat</span>]]) (<span style=""color:red;font-family:'Rockwell'"">Very Busy</span>)</b> 22:20, 25 January 2025 (UTC)","{""is_modifier"": true, ""softens_harshness"": 5, ""formality"": 5, ""degree"": 5}",5.0,5.0,5.0,5.0
very,"-- Template:uw-delete1 --><b>[[User:Yoshi24517|<span style=""color:#00c700;font-family:'Rockwell'"">Yoshi24517</span>]] ([[User talk:Yoshi24517|<span style=""color:black;font-family:'Rockwell'"">Chat</span>]]) (<span style=""color:red;font-family:'Rockwell'"">Very Busy</span>)</b> 22:21, 25 January 2025 (UTC)","{""is_modifier"": true, ""softens_harshness"": 5, ""formality"": 5, ""degree"": 5}",5.0,5.0,5.0,5.0
very,"-- Template:uw-vandalism2 --><b>[[User:Yoshi24517|<span style=""color:#00c700;font-family:'Rockwell'"">Yoshi24517</span>]] ([[User talk:Yoshi24517|<span style=""color:black;font-family:'Rockwell'"">Chat</span>]]) (<span style=""color:red;font-family:'Rockwell'"">Very Busy</span>)</b> 22:26, 25 January 2025 (UTC)","{""is_modifier"": true, ""softens_harshness"": 5, ""formality"": 5, ""degree"": 5}",5.0,5.0,5.0,5.0
very,"-- Template:uw-vandalism3 --><b>[[User:Yoshi24517|<span style=""color:#00c700;font-family:'Rockwell'"">Yoshi24517</span>]] ([[User talk:Yoshi24517|<span style=""color:black;font-family:'Rockwell'"">Chat</span>]]) (<span style=""color:red;font-family:'Rockwell'"">Very Busy</span>)</b> 22:27, 25 January 2025 (UTC)","{""is_modifier"": true, ""softens_harshness"": 5, ""formality"": 5, ""degree"": 5}",5.0,5.0,5.0,5.0
very,"-- Template:uw-vandalism4 --> <b>[[User:Yoshi24517|<span style=""color:#00c700;font-family:'Rockwell'"">Yoshi24517</span>]] ([[User talk:Yoshi24517|<span style=""color:black;font-family:'Rockwell'"">Chat</span>]]) (<span style=""color:red;font-family:'Rockwell'"">Very Busy</span>)</b> 22:30, 25 January 2025 (UTC)","{""is_modifier"": true, ""softens_harshness"": 5, ""formality"": 5, ""degree"": 5}",5.0,5.0,5.0,5.0
very,"-- Template:uw-vandalism1 --><b>[[User:Yoshi24517|<span style=""color:#00c700;font-family:'Rockwell'"">Yoshi24517</span>]] ([[User talk:Yoshi24517|<span style=""color:black;font-family:'Rockwell'"">Chat</span>]]) (<span style=""color:red;font-family:'Rockwell'"">Very Busy</span>)</b> 22:22, 25 January 2025 (UTC)","{""is_modifier"": true, ""softens_harshness"": 5, ""formality"": 5, ""degree"": 5}",5.0,5.0,5.0,5.0
very,"-- Template:uw-unsourced1 --> <b>[[User:Yoshi24517|<span style=""color:#00c700;font-family:'Rockwell'"">Yoshi24517</span>]] ([[User talk:Yoshi24517|<span style=""color:black;font-family:'Rockwell'"">Chat</span>]]) (<span style=""color:red;font-family:'Rockwell'"">Very Busy</span>)</b> 22:23, 25 January 2025 (UTC)","{""is_modifier"": true, ""softens_harshness"": 5, ""formality"": 5, ""degree"": 5}",5.0,5.0,5.0,5.0
very,"-- Template:uw-unsourced2 --> <b>[[User:Yoshi24517|<span style=""color:#00c700;font-family:'Rockwell'"">Yoshi24517</span>]] ([[User talk:Yoshi24517|<span style=""color:black;font-family:'Rockwell'"">Chat</span>]]) (<span style=""color:red;font-family:'Rockwell'"">Very Busy</span>)</b> 22:24, 25 January 2025 (UTC)","{""is_modifier"": true, ""softens_harshness"": 5, ""formality"": 5, ""degree"": 5}",5.0,5.0,5.0,5.0
very,"-- Template:uw-vandalism3 --><b>[[User:Yoshi24517|<span style=""color:#00c700;font-family:'Rockwell'"">Yoshi24517</span>]] ([[User talk:Yoshi24517|<span style=""color:black;font-family:'Rockwell'"">Chat</span>]]) (<span style=""color:red;font-family:'Rockwell'"">Very Busy</span>)</b> 22:26, 25 January 2025 (UTC)","{""is_modifier"": true, ""softens_harshness"": 5, ""formality"": 5, ""degree"": 5}",5.0,5.0,5.0,5.0
very,"-- Template:uw-vandalism1 --><b>[[User:Yoshi24517|<span style=""color:#00c700;font-family:'Rockwell'"">Yoshi24517</span>]] ([[User talk:Yoshi24517|<span style=""color:black;font-family:'Rockwell'"">Chat</span>]]) (<span style=""color:red;font-family:'Rockwell'"">Very Busy</span>)</b> 22:26, 25 January 2025 (UTC)","{""is_modifier"": true, ""softens_harshness"": 5, ""formality"": 5, ""degree"": 5}",5.0,5.0,5.0,5.0
very,":{{personal attack removed}} <b>[[User:Yoshi24517|<span style=""color:#00c700;font-family:'Rockwell'"">Yoshi24517</span>]] ([[User talk:Yoshi24517|<span style=""color:black;font-family:'Rockwell'"">Chat</span>]]) (<span style=""color:red;font-family:'Rockwell'"">Very Busy</span>)</b> 22:29, 25 January 2025 (UTC)","{""is_modifier"": true, ""softens_harshness"": 5, ""formality"": 5, ""degree"": 5}",5.0,5.0,5.0,5.0
very,"-- Template:uw-test1 --><b>[[User:Yoshi24517|<span style=""color:#00c700;font-family:'Rockwell'"">Yoshi24517</span>]] ([[User talk:Yoshi24517|<span style=""color:black;font-family:'Rockwell'"">Chat</span>]]) (<span style=""color:red;font-family:'Rockwell'"">Very Busy</span>)</b> 22:28, 25 January 2025 (UTC)","{""is_modifier"": true, ""softens_harshness"": 5, ""formality"": 5, ""degree"": 5}",5.0,5.0,5.0,5.0
very,"-- Template:uw-npov1 --><b>[[User:Yoshi24517|<span style=""color:#00c700;font-family:'Rockwell'"">Yoshi24517</span>]] ([[User talk:Yoshi24517|<span style=""color:black;font-family:'Rockwell'"">Chat</span>]]) (<span style=""color:red;font-family:'Rockwell'"">Very Busy</span>)</b> 22:36, 25 January 2025 (UTC)","{""is_modifier"": true, ""softens_harshness"": 5, ""formality"": 5, ""degree"": 5}",5.0,5.0,5.0,5.0
very,"-- Template:uw-npov1 --><b>[[User:Yoshi24517|<span style=""color:#00c700;font-family:'Rockwell'"">Yoshi24517</span>]] ([[User talk:Yoshi24517|<span style=""color:black;font-family:'Rockwell'"">Chat</span>]]) (<span style=""color:red;font-family:'Rockwell'"">Very Busy</span>)</b> 22:38, 25 January 2025 (UTC)","{""is_modifier"": true, ""softens_harshness"": 5, ""formality"": 5, ""degree"": 5}",5.0,5.0,5.0,5.0
very,"-- Template:uw-vandalism4 --> <b>[[User:Yoshi24517|<span style=""color:#00c700;font-family:'Rockwell'"">Yoshi24517</span>]] ([[User talk:Yoshi24517|<span style=""color:black;font-family:'Rockwell'"">Chat</span>]]) (<span style=""color:red;font-family:'Rockwell'"">Very Busy</span>)</b> 23:06, 25 January 2025 (UTC)","{""is_modifier"": true, ""softens_harshness"": 5, ""formality"": 5, ""degree"": 5}",5.0,5.0,5.0,5.0
very,"-- Template:uw-vandalism4 --> <b>[[User:Yoshi24517|<span style=""color:#00c700;font-family:'Rockwell'"">Yoshi24517</span>]] ([[User talk:Yoshi24517|<span style=""color:black;font-family:'Rockwell'"">Chat</span>]]) (<span style=""color:red;font-family:'Rockwell'"">Very Busy</span>)</b> 23:23, 25 January 2025 (UTC)","{""is_modifier"": true, ""softens_harshness"": 5, ""formality"": 5, ""degree"": 5}",5.0,5.0,5.0,5.0
very,"-- Template:uw-vandalism3 --><b>[[User:Yoshi24517|<span style=""color:#00c700;font-family:'Rockwell'"">Yoshi24517</span>]] ([[User talk:Yoshi24517|<span style=""color:black;font-family:'Rockwell'"">Chat</span>]]) (<span style=""color:red;font-family:'Rockwell'"">Very Busy</span>)</b> 22:47, 25 January 2025 (UTC)","{""is_modifier"": true, ""softens_harshness"": 5, ""formality"": 5, ""degree"": 5}",5.0,5.0,5.0,5.0
very,"-- Template:uw-vandalism2 --><b>[[User:Yoshi24517|<span style=""color:#00c700;font-family:'Rockwell'"">Yoshi24517</span>]] ([[User talk:Yoshi24517|<span style=""color:black;font-family:'Rockwell'"">Chat</span>]]) (<span style=""color:red;font-family:'Rockwell'"">Very Busy</span>)</b> 22:48, 25 January 2025 (UTC)","{""is_modifier"": true, ""softens_harshness"": 5, ""formality"": 5, ""degree"": 5}",5.0,5.0,5.0,5.0
very,"-- Template:uw-vandalism1 --><b>[[User:Yoshi24517|<span style=""color:#00c700;font-family:'Rockwell'"">Yoshi24517</span>]] ([[User talk:Yoshi24517|<span style=""color:black;font-family:'Rockwell'"">Chat</span>]]) (<span style=""color:red;font-family:'Rockwell'"">Very Busy</span>)</b> 22:46, 25 January 2025 (UTC)","{""is_modifier"": true, ""softens_harshness"": 5, ""formality"": 5, ""degree"": 5}",5.0,5.0,5.0,5.0
very,"-- Template:uw-vandalism3 --><b>[[User:Yoshi24517|<span style=""color:#00c700;font-family:'Rockwell'"">Yoshi24517</span>]] ([[User talk:Yoshi24517|<span style=""color:black;font-family:'Rockwell'"">Chat</span>]]) (<span style=""color:red;font-family:'Rockwell'"">Very Busy</span>)</b> 22:48, 25 January 2025 (UTC)","{""is_modifier"": true, ""softens_harshness"": 5, ""formality"": 5, ""degree"": 5}",5.0,5.0,5.0,5.0
very,"-- Template:uw-vandalism1 --><b>[[User:Yoshi24517|<span style=""color:#00c700;font-family:'Rockwell'"">Yoshi24517</span>]] ([[User talk:Yoshi24517|<span style=""color:black;font-family:'Rockwell'"">Chat</span>]]) (<span style=""color:red;font-family:'Rockwell'"">Very Busy</span>)</b> 22:47, 25 January 2025 (UTC)","{""is_modifier"": true, ""softens_harshness"": 5, ""formality"": 5, ""degree"": 5}",5.0,5.0,5.0,5.0
very,"-- Template:uw-vandalism2 --><b>[[User:Yoshi24517|<span style=""color:#00c700;font-family:'Rockwell'"">Yoshi24517</span>]] ([[User talk:Yoshi24517|<span style=""color:black;font-family:'Rockwell'"">Chat</span>]]) (<span style=""color:red;font-family:'Rockwell'"">Very Busy</span>)</b> 22:50, 25 January 2025 (UTC)","{""is_modifier"": true, ""softens_harshness"": 5, ""formality"": 5, ""degree"": 5}",5.0,5.0,5.0,5.0
very,"-- Template:uw-vandalism2 --><b>[[User:Yoshi24517|<span style=""color:#00c700;font-family:'Rockwell'"">Yoshi24517</span>]] ([[User talk:Yoshi24517|<span style=""color:black;font-family:'Rockwell'"">Chat</span>]]) (<span style=""color:red;font-family:'Rockwell'"">Very Busy</span>)</b> 23:06, 25 January 2025 (UTC)","{""is_modifier"": true, ""softens_harshness"": 5, ""formality"": 5, ""degree"": 5}",5.0,5.0,5.0,5.0
very,"-- Template:uw-vandalism2 --><b>[[User:Yoshi24517|<span style=""color:#00c700;font-family:'Rockwell'"">Yoshi24517</span>]] ([[User talk:Yoshi24517|<span style=""color:black;font-family:'Rockwell'"">Chat</span>]]) (<span style=""color:red;font-family:'Rockwell'"">Very Busy</span>)</b> 22:54, 25 January 2025 (UTC)","{""is_modifier"": true, ""softens_harshness"": 5, ""formality"": 5, ""degree"": 5}",5.0,5.0,5.0,5.0
very,"-- Template:uw-vandalism3 --><b>[[User:Yoshi24517|<span style=""color:#00c700;font-family:'Rockwell'"">Yoshi24517</span>]] ([[User talk:Yoshi24517|<span style=""color:black;font-family:'Rockwell'"">Chat</span>]]) (<span style=""color:red;font-family:'Rockwell'"">Very Busy</span>)</b> 22:56, 25 January 2025 (UTC)","{""is_modifier"": true, ""softens_harshness"": 5, ""formality"": 5, ""degree"": 5}",5.0,5.0,5.0,5.0
very,"-- Template:uw-delete1 --><b>[[User:Yoshi24517|<span style=""color:#00c700;font-family:'Rockwell'"">Yoshi24517</span>]] ([[User talk:Yoshi24517|<span style=""color:black;font-family:'Rockwell'"">Chat</span>]]) (<span style=""color:red;font-family:'Rockwell'"">Very Busy</span>)</b> 22:49, 25 January 2025 (UTC)","{""is_modifier"": true, ""softens_harshness"": 5, ""formality"": 5, ""degree"": 5}",5.0,5.0,5.0,5.0
very,"-- Template:uw-unsourced1 --> <b>[[User:Yoshi24517|<span style=""color:#00c700;font-family:'Rockwell'"">Yoshi24517</span>]] ([[User talk:Yoshi24517|<span style=""color:black;font-family:'Rockwell'"">Chat</span>]]) (<span style=""color:red;font-family:'Rockwell'"">Very Busy</span>)</b> 22:49, 25 January 2025 (UTC)","{""is_modifier"": true, ""softens_harshness"": 5, ""formality"": 5, ""degree"": 5}",5.0,5.0,5.0,5.0
very,"-- Template:uw-vandalism1 --><b>[[User:Yoshi24517|<span style=""color:#00c700;font-family:'Rockwell'"">Yoshi24517</span>]] ([[User talk:Yoshi24517|<span style=""color:black;font-family:'Rockwell'"">Chat</span>]]) (<span style=""color:red;font-family:'Rockwell'"">Very Busy</span>)</b> 22:50, 25 January 2025 (UTC)","{""is_modifier"": true, ""softens_harshness"": 5, ""formality"": 5, ""degree"": 5}",5.0,5.0,5.0,5.0
very,"-- Template:uw-disruptive3 --> <b>[[User:Yoshi24517|<span style=""color:#00c700;font-family:'Rockwell'"">Yoshi24517</span>]] ([[User talk:Yoshi24517|<span style=""color:black;font-family:'Rockwell'"">Chat</span>]]) (<span style=""color:red;font-family:'Rockwell'"">Very Busy</span>)</b> 04:33, 28 January 2025 (UTC)","{""is_modifier"": true, ""softens_harshness"": 5, ""formality"": 5, ""degree"": 5}",5.0,5.0,5.0,5.0
very,"-- Template:uw-vandalism4 --> <b>[[User:Yoshi24517|<span style=""color:#00c700;font-family:'Rockwell'"">Yoshi24517</span>]] ([[User talk:Yoshi24517|<span style=""color:black;font-family:'Rockwell'"">Chat</span>]]) (<span style=""color:red;font-family:'Rockwell'"">Very Busy</span>)</b> 04:33, 28 January 2025 (UTC)","{""is_modifier"": true, ""softens_harshness"": 5, ""formality"": 5, ""degree"": 5}",5.0,5.0,5.0,5.0
very,"-- Template:uw-vandalism1 --><b>[[User:Yoshi24517|<span style=""color:#00c700;font-family:'Rockwell'"">Yoshi24517</span>]] ([[User talk:Yoshi24517|<span style=""color:black;font-family:'Rockwell'"">Chat</span>]]) (<span style=""color:red;font-family:'Rockwell'"">Very Busy</span>)</b> 22:52, 25 January 2025 (UTC)","{""is_modifier"": true, ""softens_harshness"": 5, ""formality"": 5, ""degree"": 5}",5.0,5.0,5.0,5.0
very,"-- Template:uw-unsourced1 --> <b>[[User:Yoshi24517|<span style=""color:#00c700;font-family:'Rockwell'"">Yoshi24517</span>]] ([[User talk:Yoshi24517|<span style=""color:black;font-family:'Rockwell'"">Chat</span>]]) (<span style=""color:red;font-family:'Rockwell'"">Very Busy</span>)</b> 22:52, 25 January 2025 (UTC)","{""is_modifier"": true, ""softens_harshness"": 5, ""formality"": 5, ""degree"": 5}",5.0,5.0,5.0,5.0
very,"-- Template:uw-unsourced1 --> <b>[[User:Yoshi24517|<span style=""color:#00c700;font-family:'Rockwell'"">Yoshi24517</span>]] ([[User talk:Yoshi24517|<span style=""color:black;font-family:'Rockwell'"">Chat</span>]]) (<span style=""color:red;font-family:'Rockwell'"">Very Busy</span>)</b> 22:53, 25 January 2025 (UTC)","{""is_modifier"": true, ""softens_harshness"": 5, ""formality"": 5, ""degree"": 5}",5.0,5.0,5.0,5.0
a little,":::* With a little searching I have managed to find your previous account, which is [[User talk:Jeay Sindh Freedom Movement JSFM|Jeay Sindh Freedom Movement JSFM]], and I have seen the pages you created.","{""is_modifier"": true, ""softens_harshness"": 7, ""formality"": 4, ""degree"": 4}",7.0,4.0,4.0,7.0
fairly, My fairly brief searches persuade me that you have not received that kind of coverage.,"{""is_modifier"": true, ""softens_harshness"": 7, ""formality"": 6, ""degree"": 4}",7.0,6.0,4.0,7.0
very,"-- Template:uw-vandalism1 --><b>[[User:Yoshi24517|<span style=""color:#00c700;font-family:'Rockwell'"">Yoshi24517</span>]] ([[User talk:Yoshi24517|<span style=""color:black;font-family:'Rockwell'"">Chat</span>]]) (<span style=""color:red;font-family:'Rockwell'"">Very Busy</span>)</b> 22:55, 25 January 2025 (UTC)","{""is_modifier"": true, ""softens_harshness"": 5, ""formality"": 5, ""degree"": 5}",5.0,5.0,5.0,5.0
very,"-- Template:uw-cluebotwarning1 -->  <b>[[User:Yoshi24517|<span style=""color:#00c700;font-family:'Rockwell'"">Yoshi24517</span>]] ([[User talk:Yoshi24517|<span style=""color:black;font-family:'Rockwell'"">Chat</span>]]) (<span style=""color:red;font-family:'Rockwell'"">Very Busy</span>)</b> 22:56, 25 January 2025 (UTC)","{""is_modifier"": true, ""softens_harshness"": 5, ""formality"": 5, ""degree"": 5}",5.0,5.0,5.0,5.0
very,"::Courtesy ping: {{u|Discospinster}} <b>[[User:Yoshi24517|<span style=""color:#00c700;font-family:'Rockwell'"">Yoshi24517</span>]] ([[User talk:Yoshi24517|<span style=""color:black;font-family:'Rockwell'"">Chat</span>]]) (<span style=""color:red;font-family:'Rockwell'"">Very Busy</span>)</b> 23:21, 25 January 2025 (UTC)","{""is_modifier"": true, ""softens_harshness"": 5, ""formality"": 5, ""degree"": 5}",5.0,5.0,5.0,5.0
very,"-- Template:uw-delete1 --><b>[[User:Yoshi24517|<span style=""color:#00c700;font-family:'Rockwell'"">Yoshi24517</span>]] ([[User talk:Yoshi24517|<span style=""color:black;font-family:'Rockwell'"">Chat</span>]]) (<span style=""color:red;font-family:'Rockwell'"">Very Busy</span>)</b> 23:03, 25 January 2025 (UTC)","{""is_modifier"": true, ""softens_harshness"": 5, ""formality"": 5, ""degree"": 5}",5.0,5.0,5.0,5.0
very,"-- Template:uw-test1 --><b>[[User:Yoshi24517|<span style=""color:#00c700;font-family:'Rockwell'"">Yoshi24517</span>]] ([[User talk:Yoshi24517|<span style=""color:black;font-family:'Rockwell'"">Chat</span>]]) (<span style=""color:red;font-family:'Rockwell'"">Very Busy</span>)</b> 23:08, 25 January 2025 (UTC)","{""is_modifier"": true, ""softens_harshness"": 5, ""formality"": 5, ""degree"": 5}",5.0,5.0,5.0,5.0
very,"-- Template:uw-vandalism1 --><b>[[User:Yoshi24517|<span style=""color:#00c700;font-family:'Rockwell'"">Yoshi24517</span>]] ([[User talk:Yoshi24517|<span style=""color:black;font-family:'Rockwell'"">Chat</span>]]) (<span style=""color:red;font-family:'Rockwell'"">Very Busy</span>)</b> 23:11, 25 January 2025 (UTC)","{""is_modifier"": true, ""softens_harshness"": 5, ""formality"": 5, ""degree"": 5}",5.0,5.0,5.0,5.0
very,"-- Template:uw-test1 --><b>[[User:Yoshi24517|<span style=""color:#00c700;font-family:'Rockwell'"">Yoshi24517</span>]] ([[User talk:Yoshi24517|<span style=""color:black;font-family:'Rockwell'"">Chat</span>]]) (<span style=""color:red;font-family:'Rockwell'"">Very Busy</span>)</b> 23:11, 25 January 2025 (UTC)","{""is_modifier"": true, ""softens_harshness"": 5, ""formality"": 5, ""degree"": 5}",5.0,5.0,5.0,5.0
very,"-- Template:uw-vandalism1 --><b>[[User:Yoshi24517|<span style=""color:#00c700;font-family:'Rockwell'"">Yoshi24517</span>]] ([[User talk:Yoshi24517|<span style=""color:black;font-family:'Rockwell'"">Chat</span>]]) (<span style=""color:red;font-family:'Rockwell'"">Very Busy</span>)</b> 23:12, 25 January 2025 (UTC)","{""is_modifier"": true, ""softens_harshness"": 5, ""formality"": 5, ""degree"": 5}",5.0,5.0,5.0,5.0
very,"-- Template:uw-test1 --><b>[[User:Yoshi24517|<span style=""color:#00c700;font-family:'Rockwell'"">Yoshi24517</span>]] ([[User talk:Yoshi24517|<span style=""color:black;font-family:'Rockwell'"">Chat</span>]]) (<span style=""color:red;font-family:'Rockwell'"">Very Busy</span>)</b> 23:14, 25 January 2025 (UTC)","{""is_modifier"": true, ""softens_harshness"": 5, ""formality"": 5, ""degree"": 5}",5.0,5.0,5.0,5.0
very,"-- Template:uw-vandalism1 --><b>[[User:Yoshi24517|<span style=""color:#00c700;font-family:'Rockwell'"">Yoshi24517</span>]] ([[User talk:Yoshi24517|<span style=""color:black;font-family:'Rockwell'"">Chat</span>]]) (<span style=""color:red;font-family:'Rockwell'"">Very Busy</span>)</b> 23:15, 25 January 2025 (UTC)","{""is_modifier"": true, ""softens_harshness"": 5, ""formality"": 5, ""degree"": 5}",5.0,5.0,5.0,5.0
very,"-- Template:uw-vandalism1 --><b>[[User:Yoshi24517|<span style=""color:#00c700;font-family:'Rockwell'"">Yoshi24517</span>]] ([[User talk:Yoshi24517|<span style=""color:black;font-family:'Rockwell'"">Chat</span>]]) (<span style=""color:red;font-family:'Rockwell'"">Very Busy</span>)</b> 23:16, 25 January 2025 (UTC)","{""is_modifier"": true, ""softens_harshness"": 5, ""formality"": 5, ""degree"": 5}",5.0,5.0,5.0,5.0
very,"-- Template:uw-vandalism1 --><b>[[User:Yoshi24517|<span style=""color:#00c700;font-family:'Rockwell'"">Yoshi24517</span>]] ([[User talk:Yoshi24517|<span style=""color:black;font-family:'Rockwell'"">Chat</span>]]) (<span style=""color:red;font-family:'Rockwell'"">Very Busy</span>)</b> 23:17, 25 January 2025 (UTC)","{""is_modifier"": true, ""softens_harshness"": 5, ""formality"": 5, ""degree"": 5}",5.0,5.0,5.0,5.0
very,"-- Template:uw-vandalism2 --><b>[[User:Yoshi24517|<span style=""color:#00c700;font-family:'Rockwell'"">Yoshi24517</span>]] ([[User talk:Yoshi24517|<span style=""color:black;font-family:'Rockwell'"">Chat</span>]]) (<span style=""color:red;font-family:'Rockwell'"">Very Busy</span>)</b> 23:24, 25 January 2025 (UTC)","{""is_modifier"": true, ""softens_harshness"": 5, ""formality"": 5, ""degree"": 5}",5.0,5.0,5.0,5.0
very,"-- Template:uw-vandalism3 --><b>[[User:Yoshi24517|<span style=""color:#00c700;font-family:'Rockwell'"">Yoshi24517</span>]] ([[User talk:Yoshi24517|<span style=""color:black;font-family:'Rockwell'"">Chat</span>]]) (<span style=""color:red;font-family:'Rockwell'"">Very Busy</span>)</b> 23:43, 25 January 2025 (UTC)","{""is_modifier"": true, ""softens_harshness"": 4, ""formality"": 5, ""degree"": 5}",4.0,5.0,5.0,4.0
very,"-- Template:uw-unsourced1 --> <b>[[User:Yoshi24517|<span style=""color:#00c700;font-family:'Rockwell'"">Yoshi24517</span>]] ([[User talk:Yoshi24517|<span style=""color:black;font-family:'Rockwell'"">Chat</span>]]) (<span style=""color:red;font-family:'Rockwell'"">Very Busy</span>)</b> 23:21, 25 January 2025 (UTC)","{""is_modifier"": true, ""softens_harshness"": 5, ""formality"": 5, ""degree"": 5}",5.0,5.0,5.0,5.0
very,"-- Template:uw-unsourced2 --> <b>[[User:Yoshi24517|<span style=""color:#00c700;font-family:'Rockwell'"">Yoshi24517</span>]] ([[User talk:Yoshi24517|<span style=""color:black;font-family:'Rockwell'"">Chat</span>]]) (<span style=""color:red;font-family:'Rockwell'"">Very Busy</span>)</b> 23:21, 25 January 2025 (UTC)","{""is_modifier"": true, ""softens_harshness"": 5, ""formality"": 5, ""degree"": 5}",5.0,5.0,5.0,5.0
very,"-- Template:uw-test1 --><b>[[User:Yoshi24517|<span style=""color:#00c700;font-family:'Rockwell'"">Yoshi24517</span>]] ([[User talk:Yoshi24517|<span style=""color:black;font-family:'Rockwell'"">Chat</span>]]) (<span style=""color:red;font-family:'Rockwell'"">Very Busy</span>)</b> 23:24, 25 January 2025 (UTC)","{""is_modifier"": true, ""softens_harshness"": 5, ""formality"": 5, ""degree"": 5}",5.0,5.0,5.0,5.0
really," It really would be so easy to just add a disclaimer to the talk page, and the fact that's not done means basically all new users will find out in this unpleasant way.","{""is_modifier"": true, ""softens_harshness"": 4, ""formality"": 4, ""degree"": 2}",4.0,4.0,2.0,4.0
really," It's not really your fault, more just the fault of how Wikipedia has evolved into a convoluted unfriendly system.","{""is_modifier"": true, ""softens_harshness"": 7, ""formality"": 4, ""degree"": 2}",7.0,4.0,2.0,7.0
very," When I checked on my computer, there is a very obvious banner.","{""is_modifier"": true, ""softens_harshness"": 5, ""formality"": 5, ""degree"": 5}",5.0,5.0,5.0,5.0
largely," I understand why there would be a rule like this, and I have mixed feelings about it but I think it's largely fine.","{""is_modifier"": true, ""softens_harshness"": 7, ""formality"": 7, ""degree"": 5}",7.0,7.0,5.0,7.0
pretty," However in the case there is no banner, I think it's pretty harsh and a great way to alienate new users, creating an insular environment hostile to outsiders.","{""is_modifier"": true, ""softens_harshness"": 7, ""formality"": 3, ""degree"": 4}",7.0,3.0,4.0,7.0
pretty," But my larger point was that many of Wikipedia's rules are actually pretty opaque, or at least written in an opaque way that is unfriendly to new users.","{""is_modifier"": true, ""softens_harshness"": 7, ""formality"": 3, ""degree"": 4}",7.0,3.0,4.0,7.0
very,"-- Template:uw-test1 --><b>[[User:Yoshi24517|<span style=""color:#00c700;font-family:'Rockwell'"">Yoshi24517</span>]] ([[User talk:Yoshi24517|<span style=""color:black;font-family:'Rockwell'"">Chat</span>]]) (<span style=""color:red;font-family:'Rockwell'"">Very Busy</span>)</b> 23:26, 25 January 2025 (UTC)","{""is_modifier"": true, ""softens_harshness"": 5, ""formality"": 5, ""degree"": 5}",5.0,5.0,5.0,5.0
very,"-- Template:uw-vandalism2 --><b>[[User:Yoshi24517|<span style=""color:#00c700;font-family:'Rockwell'"">Yoshi24517</span>]] ([[User talk:Yoshi24517|<span style=""color:black;font-family:'Rockwell'"">Chat</span>]]) (<span style=""color:red;font-family:'Rockwell'"">Very Busy</span>)</b> 23:43, 25 January 2025 (UTC)","{""is_modifier"": true, ""softens_harshness"": 5, ""formality"": 5, ""degree"": 5}",5.0,5.0,5.0,5.0
very,"-- Template:uw-vandalism4im --> <b>[[User:Yoshi24517|<span style=""color:#00c700;font-family:'Rockwell'"">Yoshi24517</span>]] ([[User talk:Yoshi24517|<span style=""color:black;font-family:'Rockwell'"">Chat</span>]]) (<span style=""color:red;font-family:'Rockwell'"">Very Busy</span>)</b> 23:29, 25 January 2025 (UTC)","{""is_modifier"": true, ""softens_harshness"": 5, ""formality"": 5, ""degree"": 5}",5.0,5.0,5.0,5.0
very," <b>[[User:Yoshi24517|<span style=""color:#00c700;font-family:'Rockwell'"">Yoshi24517</span>]] ([[User talk:Yoshi24517|<span style=""color:black;font-family:'Rockwell'"">Chat</span>]]) (<span style=""color:red;font-family:'Rockwell'"">Very Busy</span>)</b> 23:37, 25 January 2025 (UTC)","{""is_modifier"": true, ""softens_harshness"": 5, ""formality"": 5, ""degree"": 5}",5.0,5.0,5.0,5.0
very,"-- Template:uw-vandalism2 --><b>[[User:Yoshi24517|<span style=""color:#00c700;font-family:'Rockwell'"">Yoshi24517</span>]] ([[User talk:Yoshi24517|<span style=""color:black;font-family:'Rockwell'"">Chat</span>]]) (<span style=""color:red;font-family:'Rockwell'"">Very Busy</span>)</b> 23:37, 25 January 2025 (UTC)","{""is_modifier"": true, ""softens_harshness"": 5, ""formality"": 5, ""degree"": 5}",5.0,5.0,5.0,5.0
very,"-- Template:uw-test1 --><b>[[User:Yoshi24517|<span style=""color:#00c700;font-family:'Rockwell'"">Yoshi24517</span>]] ([[User talk:Yoshi24517|<span style=""color:black;font-family:'Rockwell'"">Chat</span>]]) (<span style=""color:red;font-family:'Rockwell'"">Very Busy</span>)</b> 23:42, 25 January 2025 (UTC)","{""is_modifier"": true, ""softens_harshness"": 5, ""formality"": 5, ""degree"": 5}",5.0,5.0,5.0,5.0
very,"-- Template:uw-vandalism1 --><b>[[User:Yoshi24517|<span style=""color:#00c700;font-family:'Rockwell'"">Yoshi24517</span>]] ([[User talk:Yoshi24517|<span style=""color:black;font-family:'Rockwell'"">Chat</span>]]) (<span style=""color:red;font-family:'Rockwell'"">Very Busy</span>)</b> 23:48, 25 January 2025 (UTC)","{""is_modifier"": true, ""softens_harshness"": 5, ""formality"": 5, ""degree"": 5}",5.0,5.0,5.0,5.0
very,"-- Template:uw-npov1 --><b>[[User:Yoshi24517|<span style=""color:#00c700;font-family:'Rockwell'"">Yoshi24517</span>]] ([[User talk:Yoshi24517|<span style=""color:black;font-family:'Rockwell'"">Chat</span>]]) (<span style=""color:red;font-family:'Rockwell'"">Very Busy</span>)</b> 23:54, 25 January 2025 (UTC)","{""is_modifier"": true, ""softens_harshness"": 5, ""formality"": 5, ""degree"": 5}",5.0,5.0,5.0,5.0
very,"-- Template:uw-npov4 --> <b>[[User:Yoshi24517|<span style=""color:#00c700;font-family:'Rockwell'"">Yoshi24517</span>]] ([[User talk:Yoshi24517|<span style=""color:black;font-family:'Rockwell'"">Chat</span>]]) (<span style=""color:red;font-family:'Rockwell'"">Very Busy</span>)</b> 23:58, 25 January 2025 (UTC)","{""is_modifier"": true, ""softens_harshness"": 5, ""formality"": 5, ""degree"": 5}",5.0,5.0,5.0,5.0
very,"-- Template:uw-vandalism1 --><b>[[User:Yoshi24517|<span style=""color:#00c700;font-family:'Rockwell'"">Yoshi24517</span>]] ([[User talk:Yoshi24517|<span style=""color:black;font-family:'Rockwell'"">Chat</span>]]) (<span style=""color:red;font-family:'Rockwell'"">Very Busy</span>)</b> 23:55, 25 January 2025 (UTC)","{""is_modifier"": true, ""softens_harshness"": 5, ""formality"": 5, ""degree"": 5}",5.0,5.0,5.0,5.0
very,"-- Template:uw-test1 --><b>[[User:Yoshi24517|<span style=""color:#00c700;font-family:'Rockwell'"">Yoshi24517</span>]] ([[User talk:Yoshi24517|<span style=""color:black;font-family:'Rockwell'"">Chat</span>]]) (<span style=""color:red;font-family:'Rockwell'"">Very Busy</span>)</b> 23:56, 25 January 2025 (UTC)","{""is_modifier"": true, ""softens_harshness"": 5, ""formality"": 5, ""degree"": 5}",5.0,5.0,5.0,5.0
very,"-- Template:uw-delete1 --><b>[[User:Yoshi24517|<span style=""color:#00c700;font-family:'Rockwell'"">Yoshi24517</span>]] ([[User talk:Yoshi24517|<span style=""color:black;font-family:'Rockwell'"">Chat</span>]]) (<span style=""color:red;font-family:'Rockwell'"">Very Busy</span>)</b> 23:57, 25 January 2025 (UTC)","{""is_modifier"": true, ""softens_harshness"": 5, ""formality"": 5, ""degree"": 5}",5.0,5.0,5.0,5.0
very,"-- Template:uw-test2 --><b>[[User:Yoshi24517|<span style=""color:#00c700;font-family:'Rockwell'"">Yoshi24517</span>]] ([[User talk:Yoshi24517|<span style=""color:black;font-family:'Rockwell'"">Chat</span>]]) (<span style=""color:red;font-family:'Rockwell'"">Very Busy</span>)</b> 23:59, 25 January 2025 (UTC)","{""is_modifier"": true, ""softens_harshness"": 5, ""formality"": 4, ""degree"": 5}",5.0,4.0,5.0,5.0
very,"-- Template:uw-unsourced2 --> <b>[[User:Yoshi24517|<span style=""color:#00c700;font-family:'Rockwell'"">Yoshi24517</span>]] ([[User talk:Yoshi24517|<span style=""color:black;font-family:'Rockwell'"">Chat</span>]]) (<span style=""color:red;font-family:'Rockwell'"">Very Busy</span>)</b> 00:03, 26 January 2025 (UTC)","{""is_modifier"": true, ""softens_harshness"": 5, ""formality"": 5, ""degree"": 5}",5.0,5.0,5.0,5.0
very,"-- Template:uw-vandalism1 --><b>[[User:Yoshi24517|<span style=""color:#00c700;font-family:'Rockwell'"">Yoshi24517</span>]] ([[User talk:Yoshi24517|<span style=""color:black;font-family:'Rockwell'"">Chat</span>]]) (<span style=""color:red;font-family:'Rockwell'"">Very Busy</span>)</b> 00:03, 26 January 2025 (UTC)","{""is_modifier"": true, ""softens_harshness"": 5, ""formality"": 5, ""degree"": 5}",5.0,5.0,5.0,5.0
very," I interviewed Ed more than 20 times since 1994 and have done EXTENSIVE research into Ed's entire career and life, which has included very thorough fact checking.","{""is_modifier"": true, ""softens_harshness"": 5, ""formality"": 5, ""degree"": 5}",5.0,5.0,5.0,5.0
very,"-- Template:uw-vandalism1 --><b>[[User:Yoshi24517|<span style=""color:#00c700;font-family:'Rockwell'"">Yoshi24517</span>]] ([[User talk:Yoshi24517|<span style=""color:black;font-family:'Rockwell'"">Chat</span>]]) (<span style=""color:red;font-family:'Rockwell'"">Very Busy</span>)</b> 00:16, 26 January 2025 (UTC)","{""is_modifier"": true, ""softens_harshness"": 5, ""formality"": 5, ""degree"": 5}",5.0,5.0,5.0,5.0
very,"-- Template:uw-vandalism2 --><b>[[User:Yoshi24517|<span style=""color:#00c700;font-family:'Rockwell'"">Yoshi24517</span>]] ([[User talk:Yoshi24517|<span style=""color:black;font-family:'Rockwell'"">Chat</span>]]) (<span style=""color:red;font-family:'Rockwell'"">Very Busy</span>)</b> 00:19, 26 January 2025 (UTC)","{""is_modifier"": true, ""softens_harshness"": 5, ""formality"": 5, ""degree"": 5}",5.0,5.0,5.0,5.0
very,"-- Template:uw-vandalism3 --><b>[[User:Yoshi24517|<span style=""color:#00c700;font-family:'Rockwell'"">Yoshi24517</span>]] ([[User talk:Yoshi24517|<span style=""color:black;font-family:'Rockwell'"">Chat</span>]]) (<span style=""color:red;font-family:'Rockwell'"">Very Busy</span>)</b> 00:19, 26 January 2025 (UTC)","{""is_modifier"": true, ""softens_harshness"": 5, ""formality"": 5, ""degree"": 5}",5.0,5.0,5.0,5.0
very,"-- Template:uw-vandalism1 --><b>[[User:Yoshi24517|<span style=""color:#00c700;font-family:'Rockwell'"">Yoshi24517</span>]] ([[User talk:Yoshi24517|<span style=""color:black;font-family:'Rockwell'"">Chat</span>]]) (<span style=""color:red;font-family:'Rockwell'"">Very Busy</span>)</b> 00:18, 26 January 2025 (UTC)","{""is_modifier"": true, ""softens_harshness"": 5, ""formality"": 5, ""degree"": 5}",5.0,5.0,5.0,5.0
very,"-- Template:uw-vandalism1 --><b>[[User:Yoshi24517|<span style=""color:#00c700;font-family:'Rockwell'"">Yoshi24517</span>]] ([[User talk:Yoshi24517|<span style=""color:black;font-family:'Rockwell'"">Chat</span>]]) (<span style=""color:red;font-family:'Rockwell'"">Very Busy</span>)</b> 00:19, 26 January 2025 (UTC)","{""is_modifier"": true, ""softens_harshness"": 5, ""formality"": 5, ""degree"": 5}",5.0,5.0,5.0,5.0
very,"-- Template:uw-vandalism2 --><b>[[User:Yoshi24517|<span style=""color:#00c700;font-family:'Rockwell'"">Yoshi24517</span>]] ([[User talk:Yoshi24517|<span style=""color:black;font-family:'Rockwell'"">Chat</span>]]) (<span style=""color:red;font-family:'Rockwell'"">Very Busy</span>)</b> 00:34, 26 January 2025 (UTC)","{""is_modifier"": true, ""softens_harshness"": 5, ""formality"": 5, ""degree"": 5}",5.0,5.0,5.0,5.0
very,"-- Template:uw-vandalism1 --><b>[[User:Yoshi24517|<span style=""color:#00c700;font-family:'Rockwell'"">Yoshi24517</span>]] ([[User talk:Yoshi24517|<span style=""color:black;font-family:'Rockwell'"">Chat</span>]]) (<span style=""color:red;font-family:'Rockwell'"">Very Busy</span>)</b> 00:20, 26 January 2025 (UTC)","{""is_modifier"": true, ""softens_harshness"": 5, ""formality"": 5, ""degree"": 5}",5.0,5.0,5.0,5.0
very,":secondly the ''<nowiki>{{</nowiki>''[[Template:Promotional|Promotional]]''<nowiki>}} and {{</nowiki>''[[Template:COI|COI]]''<nowiki>}} tags</nowiki>'' are removed by mistake due to i am not very professional in wikipedia editing and i am creating this page for my own company [[User:Beverlyhaley|Beverlyhaley]] ([[User talk:Beverlyhaley#top|talk]]) 14:21, 26 January 2025 (UTC)","{""is_modifier"": true, ""softens_harshness"": 7, ""formality"": 5, ""degree"": 5}",7.0,5.0,5.0,7.0
very,"-- Template:uw-vandalism3 --><b>[[User:Yoshi24517|<span style=""color:#00c700;font-family:'Rockwell'"">Yoshi24517</span>]] ([[User talk:Yoshi24517|<span style=""color:black;font-family:'Rockwell'"">Chat</span>]]) (<span style=""color:red;font-family:'Rockwell'"">Very Busy</span>)</b> 00:33, 26 January 2025 (UTC)","{""is_modifier"": true, ""softens_harshness"": 5, ""formality"": 5, ""degree"": 5}",5.0,5.0,5.0,5.0
very,"-- Template:uw-unsourced1 --> <b>[[User:Yoshi24517|<span style=""color:#00c700;font-family:'Rockwell'"">Yoshi24517</span>]] ([[User talk:Yoshi24517|<span style=""color:black;font-family:'Rockwell'"">Chat</span>]]) (<span style=""color:red;font-family:'Rockwell'"">Very Busy</span>)</b> 00:33, 26 January 2025 (UTC)","{""is_modifier"": true, ""softens_harshness"": 5, ""formality"": 5, ""degree"": 5}",5.0,5.0,5.0,5.0
very,"-- Template:uw-vandalism1 --><b>[[User:Yoshi24517|<span style=""color:#00c700;font-family:'Rockwell'"">Yoshi24517</span>]] ([[User talk:Yoshi24517|<span style=""color:black;font-family:'Rockwell'"">Chat</span>]]) (<span style=""color:red;font-family:'Rockwell'"">Very Busy</span>)</b> 00:34, 26 January 2025 (UTC)","{""is_modifier"": true, ""softens_harshness"": 5, ""formality"": 5, ""degree"": 5}",5.0,5.0,5.0,5.0
very,"-- Template:uw-vandalism1 --><b>[[User:Yoshi24517|<span style=""color:#00c700;font-family:'Rockwell'"">Yoshi24517</span>]] ([[User talk:Yoshi24517|<span style=""color:black;font-family:'Rockwell'"">Chat</span>]]) (<span style=""color:red;font-family:'Rockwell'"">Very Busy</span>)</b> 00:40, 26 January 2025 (UTC)","{""is_modifier"": true, ""softens_harshness"": 5, ""formality"": 5, ""degree"": 5}",5.0,5.0,5.0,5.0
very,"-- Template:uw-vandalism2 --><b>[[User:Yoshi24517|<span style=""color:#00c700;font-family:'Rockwell'"">Yoshi24517</span>]] ([[User talk:Yoshi24517|<span style=""color:black;font-family:'Rockwell'"">Chat</span>]]) (<span style=""color:red;font-family:'Rockwell'"">Very Busy</span>)</b> 00:40, 26 January 2025 (UTC)","{""is_modifier"": true, ""softens_harshness"": 5, ""formality"": 5, ""degree"": 5}",5.0,5.0,5.0,5.0
very,"-- Template:uw-npov1 --><b>[[User:Yoshi24517|<span style=""color:#00c700;font-family:'Rockwell'"">Yoshi24517</span>]] ([[User talk:Yoshi24517|<span style=""color:black;font-family:'Rockwell'"">Chat</span>]]) (<span style=""color:red;font-family:'Rockwell'"">Very Busy</span>)</b> 00:51, 26 January 2025 (UTC)","{""is_modifier"": true, ""softens_harshness"": 5, ""formality"": 5, ""degree"": 5}",5.0,5.0,5.0,5.0
very,"-- Template:uw-test1 --><b>[[User:Yoshi24517|<span style=""color:#00c700;font-family:'Rockwell'"">Yoshi24517</span>]] ([[User talk:Yoshi24517|<span style=""color:black;font-family:'Rockwell'"">Chat</span>]]) (<span style=""color:red;font-family:'Rockwell'"">Very Busy</span>)</b> 00:52, 26 January 2025 (UTC)","{""is_modifier"": true, ""softens_harshness"": 5, ""formality"": 5, ""degree"": 5}",5.0,5.0,5.0,5.0
very,"-- Template:uw-vandalism3 --><b>[[User:Yoshi24517|<span style=""color:#00c700;font-family:'Rockwell'"">Yoshi24517</span>]] ([[User talk:Yoshi24517|<span style=""color:black;font-family:'Rockwell'"">Chat</span>]]) (<span style=""color:red;font-family:'Rockwell'"">Very Busy</span>)</b> 00:56, 26 January 2025 (UTC)","{""is_modifier"": true, ""softens_harshness"": 5, ""formality"": 5, ""degree"": 5}",5.0,5.0,5.0,5.0
very,"-- Template:uw-vandalism2 --><b>[[User:Yoshi24517|<span style=""color:#00c700;font-family:'Rockwell'"">Yoshi24517</span>]] ([[User talk:Yoshi24517|<span style=""color:black;font-family:'Rockwell'"">Chat</span>]]) (<span style=""color:red;font-family:'Rockwell'"">Very Busy</span>)</b> 00:57, 26 January 2025 (UTC)","{""is_modifier"": true, ""softens_harshness"": 5, ""formality"": 5, ""degree"": 5}",5.0,5.0,5.0,5.0
very,"-- Template:uw-test1 --><b>[[User:Yoshi24517|<span style=""color:#00c700;font-family:'Rockwell'"">Yoshi24517</span>]] ([[User talk:Yoshi24517|<span style=""color:black;font-family:'Rockwell'"">Chat</span>]]) (<span style=""color:red;font-family:'Rockwell'"">Very Busy</span>)</b> 00:54, 26 January 2025 (UTC)","{""is_modifier"": true, ""softens_harshness"": 5, ""formality"": 5, ""degree"": 5}",5.0,5.0,5.0,5.0
very,"-- Template:uw-vandalism2 --><b>[[User:Yoshi24517|<span style=""color:#00c700;font-family:'Rockwell'"">Yoshi24517</span>]] ([[User talk:Yoshi24517|<span style=""color:black;font-family:'Rockwell'"">Chat</span>]]) (<span style=""color:red;font-family:'Rockwell'"">Very Busy</span>)</b> 00:56, 26 January 2025 (UTC)","{""is_modifier"": true, ""softens_harshness"": 5, ""formality"": 5, ""degree"": 5}",5.0,5.0,5.0,5.0
very,"-- Template:uw-vandalism1 --><b>[[User:Yoshi24517|<span style=""color:#00c700;font-family:'Rockwell'"">Yoshi24517</span>]] ([[User talk:Yoshi24517|<span style=""color:black;font-family:'Rockwell'"">Chat</span>]]) (<span style=""color:red;font-family:'Rockwell'"">Very Busy</span>)</b> 00:55, 26 January 2025 (UTC)","{""is_modifier"": true, ""softens_harshness"": 5, ""formality"": 5, ""degree"": 5}",5.0,5.0,5.0,5.0
very,"-- Template:uw-ai1 --> <b>[[User:Yoshi24517|<span style=""color:#00c700;font-family:'Rockwell'"">Yoshi24517</span>]] ([[User talk:Yoshi24517|<span style=""color:black;font-family:'Rockwell'"">Chat</span>]]) (<span style=""color:red;font-family:'Rockwell'"">Very Busy</span>)</b> 00:56, 26 January 2025 (UTC)","{""is_modifier"": true, ""softens_harshness"": 5, ""formality"": 5, ""degree"": 5}",5.0,5.0,5.0,5.0
very,"-- Template:uw-cluebotwarning1 -->  <b>[[User:Yoshi24517|<span style=""color:#00c700;font-family:'Rockwell'"">Yoshi24517</span>]] ([[User talk:Yoshi24517|<span style=""color:black;font-family:'Rockwell'"">Chat</span>]]) (<span style=""color:red;font-family:'Rockwell'"">Very Busy</span>)</b> 00:56, 26 January 2025 (UTC)","{""is_modifier"": true, ""softens_harshness"": 5, ""formality"": 5, ""degree"": 5}",5.0,5.0,5.0,5.0
very,"-- Template:uw-vandalism1 --><b>[[User:Yoshi24517|<span style=""color:#00c700;font-family:'Rockwell'"">Yoshi24517</span>]] ([[User talk:Yoshi24517|<span style=""color:black;font-family:'Rockwell'"">Chat</span>]]) (<span style=""color:red;font-family:'Rockwell'"">Very Busy</span>)</b> 00:57, 26 January 2025 (UTC)","{""is_modifier"": true, ""softens_harshness"": 5, ""formality"": 5, ""degree"": 5}",5.0,5.0,5.0,5.0
very,"-- Template:uw-delete1 --><b>[[User:Yoshi24517|<span style=""color:#00c700;font-family:'Rockwell'"">Yoshi24517</span>]] ([[User talk:Yoshi24517|<span style=""color:black;font-family:'Rockwell'"">Chat</span>]]) (<span style=""color:red;font-family:'Rockwell'"">Very Busy</span>)</b> 01:02, 26 January 2025 (UTC)","{""is_modifier"": true, ""softens_harshness"": 5, ""formality"": 5, ""degree"": 5}",5.0,5.0,5.0,5.0
very,"-- Template:uw-vandalism1 --><b>[[User:Yoshi24517|<span style=""color:#00c700;font-family:'Rockwell'"">Yoshi24517</span>]] ([[User talk:Yoshi24517|<span style=""color:black;font-family:'Rockwell'"">Chat</span>]]) (<span style=""color:red;font-family:'Rockwell'"">Very Busy</span>)</b> 01:03, 26 January 2025 (UTC)","{""is_modifier"": true, ""softens_harshness"": 5, ""formality"": 5, ""degree"": 5}",5.0,5.0,5.0,5.0
very,"-- Template:uw-test1 --><b>[[User:Yoshi24517|<span style=""color:#00c700;font-family:'Rockwell'"">Yoshi24517</span>]] ([[User talk:Yoshi24517|<span style=""color:black;font-family:'Rockwell'"">Chat</span>]]) (<span style=""color:red;font-family:'Rockwell'"">Very Busy</span>)</b> 01:10, 26 January 2025 (UTC)","{""is_modifier"": true, ""softens_harshness"": 5, ""formality"": 5, ""degree"": 5}",5.0,5.0,5.0,5.0
quite," It must be very discouraging, setting up an account and putting quite a lot of effort into creating new articles, only to see all your work rejected or deleted.","{""is_modifier"": true, ""softens_harshness"": 6, ""formality"": 6, ""degree"": 4}",6.0,6.0,4.0,6.0
very," It must be very discouraging, setting up an account and putting quite a lot of effort into creating new articles, only to see all your work rejected or deleted.","{""is_modifier"": true, ""softens_harshness"": 4, ""formality"": 5, ""degree"": 5}",4.0,5.0,5.0,4.0
a little," I will offer you a little advice, in the hope that it may be helpful to you.","{""is_modifier"": true, ""softens_harshness"": 8, ""formality"": 5, ""degree"": 4}",8.0,5.0,4.0,8.0
mostly,"Our current leader is newcomer {{Wikipedia:WikiCup/Participant15|Generalissima}}, who has one FA on [[John Littlejohn (preacher)]] and 10 GAs and 12 DYKs mostly on New Zealand coinage and Inuit figures.","{""is_modifier"": true, ""softens_harshness"": 5, ""formality"": 5, ""degree"": 5}",5.0,5.0,5.0,5.0
mostly,"* {{Wikipedia:WikiCup/Participant15|Generalissima}}, who has 916 points mostly from one FA on [[John Littlejohn (preacher)]], 15 GAs, and 16 DYKs on a variety of topics including New Zealand coinage and Inuit figures, in addition to seven reviews","{""is_modifier"": true, ""softens_harshness"": 5, ""formality"": 5, ""degree"": 5}",5.0,5.0,5.0,5.0
mostly,"* {{Wikipedia:WikiCup/Participant15|Sammi Brie}}, who has 420 points mostly from nine GAs and seven DYKs on television and radio stations","{""is_modifier"": true, ""softens_harshness"": 5, ""formality"": 5, ""degree"": 5}",5.0,5.0,5.0,5.0
really," I would really appreciate it if you could help with shortening it, even if it means losing the 5x expansion criterion it may have once had as a result of the copy edit.","{""is_modifier"": true, ""softens_harshness"": 6, ""formality"": 4, ""degree"": 5}",6.0,4.0,5.0,6.0
pretty,"::Otherwise I pretty much condensed it, put similar thoughts together, and trimmed some details that didn't seem important.","{""is_modifier"": true, ""softens_harshness"": 6, ""formality"": 3, ""degree"": 4}",6.0,3.0,4.0,6.0
a little,"We are approaching the end of the 2024 WikiCup's second round, with a little over two weeks remaining.","{""is_modifier"": true, ""softens_harshness"": 5, ""formality"": 4, ""degree"": 5}",5.0,4.0,5.0,5.0
mostly,"* {{Wikipedia:WikiCup/Participant15|Sammi Brie}} with 642 points, mostly from 11 [[WP:GA|GA]]s about radio and television;","{""is_modifier"": true, ""softens_harshness"": 5, ""formality"": 5, ""degree"": 5}",5.0,5.0,5.0,5.0
mostly,"* {{Wikipedia:WikiCup/Participant15|voorts}} with 530 points, mostly from two FAs ([[Well he would, wouldn't he?]] and [[Cora Agnes Benneson]]) and three GAs;","{""is_modifier"": true, ""softens_harshness"": 5, ""formality"": 5, ""degree"": 5}",5.0,5.0,5.0,5.0
mostly,"* {{Wikipedia:WikiCup/Participant15|Generalissima}} with 523 points, mostly from 11 GAs about coinage and history;","{""is_modifier"": true, ""softens_harshness"": 5, ""formality"": 5, ""degree"": 5}",5.0,5.0,5.0,5.0
mostly,"* {{Wikipedia:WikiCup/Participant15|SounderBruce}} with 497 points, mostly from a [[WP:FA|FA]] about the [[2020 Seattle Sounders FC season|2020 season of the soccer club Seattle Sounders FC]] and two GAs;","{""is_modifier"": true, ""softens_harshness"": 5, ""formality"": 5, ""degree"": 5}",5.0,5.0,5.0,5.0
mostly,"* {{Wikipedia:WikiCup/Participant15|Tamzin}} with 410 points, mostly from a FA about the drink [[Capri-Sun]] and three GAs;","{""is_modifier"": true, ""softens_harshness"": 5, ""formality"": 5, ""degree"": 4}",5.0,5.0,4.0,5.0
mostly,"* {{Wikipedia:WikiCup/Participant15|Kusma}} with 330 points, mostly from a FA about the English botanist [[Anna Blackburne]] and a GA.","{""is_modifier"": true, ""softens_harshness"": 5, ""formality"": 5, ""degree"": 5}",5.0,5.0,5.0,5.0
mostly,"* {{Wikipedia:WikiCup/Participant15|Sammi Brie}} with 707 points, mostly from 45 [[WP:GAN|good article nomination]] reviews and 12 [[WP:GA|good articles]]s about radio and television;","{""is_modifier"": true, ""softens_harshness"": 5, ""formality"": 5, ""degree"": 5}",5.0,5.0,5.0,5.0
mostly,"* {{Wikipedia:WikiCup/Participant15|Generalissima}} with 600 points, mostly from 12 good articles and 12 [[WP:DYK|did you know]] nominations about coinage and history;","{""is_modifier"": true, ""softens_harshness"": 5, ""formality"": 5, ""degree"": 5}",5.0,5.0,5.0,5.0
mostly,"* {{Wikipedia:WikiCup/Participant15|SounderBruce}} with 552 points, mostly from a [[WP:FA|featured article]] about the [[2020 Seattle Sounders FC season]], three [[WP:FL|featured lists]], and two good articles;","{""is_modifier"": true, ""softens_harshness"": 5, ""formality"": 5, ""degree"": 5}",5.0,5.0,5.0,5.0
mostly,"* {{Wikipedia:WikiCup/Participant15|BennyOnTheLoose}} with 548 points, mostly from a featured article about the snooker player [[John Pulman]], two featured lists, and one good article;","{""is_modifier"": true, ""softens_harshness"": 5, ""formality"": 5, ""degree"": 5}",5.0,5.0,5.0,5.0
mostly,"* {{Wikipedia:WikiCup/Participant15|voorts}} with 530 points, mostly from two featured articles ([[Well he would, wouldn't he?]] and [[Cora Agnes Benneson]]) and three good articles.","{""is_modifier"": true, ""softens_harshness"": 5, ""formality"": 5, ""degree"": 5}",5.0,5.0,5.0,5.0
a bit,  It seemed a bit [[WP:CABAL]]ish to me at the time.,"{""is_modifier"": true, ""softens_harshness"": 8, ""formality"": 4, ""degree"": 4}",8.0,4.0,4.0,8.0
very, Wishing you a Very Merry Christmas and here's to a happy and productive 2025!,"{""is_modifier"": true, ""softens_harshness"": 5, ""formality"": 5, ""degree"": 4}",5.0,5.0,4.0,5.0
fairly, It's fairly rare for an article to be kept at [[WP:AfD|Articles for Deletion]] ''solely'' on the basis of C8.,"{""is_modifier"": true, ""softens_harshness"": 6, ""formality"": 5, ""degree"": 4}",6.0,5.0,4.0,6.0
very," You're very welcome to resubmit the draft for another reviewer to look at, but I'm not convinced at this point that this article would have a greater than 50% chance of being kept following a deletion discussion.","{""is_modifier"": true, ""softens_harshness"": 8, ""formality"": 6, ""degree"": 2}",8.0,6.0,2.0,8.0
really,"::::::It's a good question, but unfortunately there isn't really a defined, objective definition.","{""is_modifier"": true, ""softens_harshness"": 8, ""formality"": 4, ""degree"": 2}",8.0,4.0,2.0,8.0
relatively," But what about a relatively young research field, such as the one of the Scholar?","{""is_modifier"": true, ""softens_harshness"": 6, ""formality"": 7, ""degree"": 4}",6.0,7.0,4.0,6.0
very, There are very few journals then (e.,"{""is_modifier"": true, ""softens_harshness"": 5, ""formality"": 5, ""degree"": 5}",5.0,5.0,5.0,5.0
sort of," While an encyclopedia of course is some sort of piece of information for posterity, literally capturing and distilling the (recent) past, it might miss contemporary events and information, which I do not think Wikipedia generally does.","{""is_modifier"": true, ""softens_harshness"": 6, ""formality"": 3, ""degree"": 1}",6.0,3.0,1.0,6.0
very,"-- Template:uw-vandalism1 --><b>[[User:Yoshi24517|<span style=""color:#00c700;font-family:'Rockwell'"">Yoshi24517</span>]] ([[User talk:Yoshi24517|<span style=""color:black;font-family:'Rockwell'"">Chat</span>]]) (<span style=""color:red;font-family:'Rockwell'"">Very Busy</span>)</b> 01:21, 26 January 2025 (UTC)","{""is_modifier"": true, ""softens_harshness"": 5, ""formality"": 5, ""degree"": 5}",5.0,5.0,5.0,5.0
very,"-- Template:uw-vandalism2 --><b>[[User:Yoshi24517|<span style=""color:#00c700;font-family:'Rockwell'"">Yoshi24517</span>]] ([[User talk:Yoshi24517|<span style=""color:black;font-family:'Rockwell'"">Chat</span>]]) (<span style=""color:red;font-family:'Rockwell'"">Very Busy</span>)</b> 01:25, 26 January 2025 (UTC)","{""is_modifier"": true, ""softens_harshness"": 5, ""formality"": 5, ""degree"": 5}",5.0,5.0,5.0,5.0
very," <s>I noticed that you made a comment on the page [[:Talk:COVID-19 lab leak theory]] that didn't seem very [[Wikipedia:Civility|civil]], so it may have been removed.","{""is_modifier"": true, ""softens_harshness"": 8, ""formality"": 6, ""degree"": 2}",8.0,6.0,2.0,8.0
very,"::Very sorry, wrong editor.","{""is_modifier"": true, ""softens_harshness"": 7, ""formality"": 6, ""degree"": 5}",7.0,6.0,5.0,7.0
very," I was looking at my recent comments and scratching my head, as I've been trying very hard to stay positive and sincere.","{""is_modifier"": true, ""softens_harshness"": 6, ""formality"": 5, ""degree"": 5}",6.0,5.0,5.0,6.0
pretty, In retrospect they are pretty bad.,"{""is_modifier"": true, ""softens_harshness"": 7, ""formality"": 3, ""degree"": 5}",7.0,3.0,5.0,7.0
reasonably," As you have been reasonably involved in this issue, this is letting you know that it is requested that you submit a ''summary of dispute'' on the DRN entry for this issue.","{""is_modifier"": true, ""softens_harshness"": 7, ""formality"": 7, ""degree"": 4}",7.0,7.0,4.0,7.0
a little, I'm a little nervous for the closing of the RFC if I am being honest but I won't get into my concerns here.,"{""is_modifier"": true, ""softens_harshness"": 8, ""formality"": 4, ""degree"": 5}",8.0,4.0,5.0,8.0
very,"-- Template:uw-vandalism1 --><b>[[User:Yoshi24517|<span style=""color:#00c700;font-family:'Rockwell'"">Yoshi24517</span>]] ([[User talk:Yoshi24517|<span style=""color:black;font-family:'Rockwell'"">Chat</span>]]) (<span style=""color:red;font-family:'Rockwell'"">Very Busy</span>)</b> 01:24, 26 January 2025 (UTC)","{""is_modifier"": true, ""softens_harshness"": 5, ""formality"": 5, ""degree"": 5}",5.0,5.0,5.0,5.0
very,"-- Template:uw-npov1 --><b>[[User:Yoshi24517|<span style=""color:#00c700;font-family:'Rockwell'"">Yoshi24517</span>]] ([[User talk:Yoshi24517|<span style=""color:black;font-family:'Rockwell'"">Chat</span>]]) (<span style=""color:red;font-family:'Rockwell'"">Very Busy</span>)</b> 01:24, 26 January 2025 (UTC)","{""is_modifier"": true, ""softens_harshness"": 5, ""formality"": 5, ""degree"": 5}",5.0,5.0,5.0,5.0
very,"-- Template:uw-vandalism1 --><b>[[User:Yoshi24517|<span style=""color:#00c700;font-family:'Rockwell'"">Yoshi24517</span>]] ([[User talk:Yoshi24517|<span style=""color:black;font-family:'Rockwell'"">Chat</span>]]) (<span style=""color:red;font-family:'Rockwell'"">Very Busy</span>)</b> 01:25, 26 January 2025 (UTC)","{""is_modifier"": true, ""softens_harshness"": 5, ""formality"": 5, ""degree"": 5}",5.0,5.0,5.0,5.0
very,"-- Template:uw-delete1 --><b>[[User:Yoshi24517|<span style=""color:#00c700;font-family:'Rockwell'"">Yoshi24517</span>]] ([[User talk:Yoshi24517|<span style=""color:black;font-family:'Rockwell'"">Chat</span>]]) (<span style=""color:red;font-family:'Rockwell'"">Very Busy</span>)</b> 01:26, 26 January 2025 (UTC)","{""is_modifier"": true, ""softens_harshness"": 5, ""formality"": 5, ""degree"": 5}",5.0,5.0,5.0,5.0
very,"-- Template:uw-test1 --><b>[[User:Yoshi24517|<span style=""color:#00c700;font-family:'Rockwell'"">Yoshi24517</span>]] ([[User talk:Yoshi24517|<span style=""color:black;font-family:'Rockwell'"">Chat</span>]]) (<span style=""color:red;font-family:'Rockwell'"">Very Busy</span>)</b> 01:27, 26 January 2025 (UTC)","{""is_modifier"": true, ""softens_harshness"": 5, ""formality"": 5, ""degree"": 5}",5.0,5.0,5.0,5.0
very,"-- Template:uw-vandalism1 --><b>[[User:Yoshi24517|<span style=""color:#00c700;font-family:'Rockwell'"">Yoshi24517</span>]] ([[User talk:Yoshi24517|<span style=""color:black;font-family:'Rockwell'"">Chat</span>]]) (<span style=""color:red;font-family:'Rockwell'"">Very Busy</span>)</b> 01:27, 26 January 2025 (UTC)","{""is_modifier"": true, ""softens_harshness"": 5, ""formality"": 5, ""degree"": 5}",5.0,5.0,5.0,5.0
very,"-- Template:uw-unsourced1 --> <b>[[User:Yoshi24517|<span style=""color:#00c700;font-family:'Rockwell'"">Yoshi24517</span>]] ([[User talk:Yoshi24517|<span style=""color:black;font-family:'Rockwell'"">Chat</span>]]) (<span style=""color:red;font-family:'Rockwell'"">Very Busy</span>)</b> 01:29, 26 January 2025 (UTC)","{""is_modifier"": true, ""softens_harshness"": 5, ""formality"": 5, ""degree"": 5}",5.0,5.0,5.0,5.0
very,"-- Template:uw-vandalism1 --><b>[[User:Yoshi24517|<span style=""color:#00c700;font-family:'Rockwell'"">Yoshi24517</span>]] ([[User talk:Yoshi24517|<span style=""color:black;font-family:'Rockwell'"">Chat</span>]]) (<span style=""color:red;font-family:'Rockwell'"">Very Busy</span>)</b> 01:31, 26 January 2025 (UTC)","{""is_modifier"": true, ""softens_harshness"": 5, ""formality"": 5, ""degree"": 5}",5.0,5.0,5.0,5.0
very,"* {{u|Cactusisme}} was definitely doing you a favour when they moved the pages back to draftspace, because if they had been left as articles it is very likely that they would soon have been deleted, whereas moving them to draftspace gives you an opportunity to improve them, and possibly save them from deletion.","{""is_modifier"": true, ""softens_harshness"": 4, ""formality"": 5, ""degree"": 5}",4.0,5.0,5.0,4.0
very,"* If, despite what I have just said, you stoll wish to continue with creating articles, I very strongly advise youvto submit drafts for review as [[WP:AfC|articles for creation]], because that will significantly reduce the likelihood of speedy deletion.","{""is_modifier"": true, ""softens_harshness"": 4, ""formality"": 5, ""degree"": 4}",4.0,5.0,4.0,4.0
very," It seems that all, or very nearly all, of the edits you have made relate to one organisation, which is related to your username, and those edits look very much like attempts to publicise people.","{""is_modifier"": true, ""softens_harshness"": 4, ""formality"": 5, ""degree"": 5}",4.0,5.0,5.0,4.0
fairly," I put some time and effort into giving you fairly detailed information to try to help you, but since you dismissed it with the remark ""tl;dr"", this time I will be briefer.","{""is_modifier"": true, ""softens_harshness"": 6, ""formality"": 6, ""degree"": 4}",6.0,6.0,4.0,6.0
very," However, ""Articles for deletion"" is not very suitable for articles which provide no evidence of significance; [[WP:COI|speedy deletion]] is more appropriate.","{""is_modifier"": true, ""softens_harshness"": 7, ""formality"": 5, ""degree"": 4}",7.0,5.0,4.0,7.0
extremely, This editor looks to be involved in [[Wikipedia:Meetup/Utah/Wikipedia Day 2025]] but is creating extremely subpar sub-stub articles and refbombing single statements to give the appearance of meeting notability requirements.,"{""is_modifier"": true, ""softens_harshness"": 0, ""formality"": 4, ""degree"": 5}",0.0,4.0,5.0,0.0
really,"[[File:Information.svg|25px|alt=Information icon]] Before adding a category to an article, as you did to [[:Supernoobs]], please make sure that the subject of the article really belongs in the category that you specified according to Wikipedia's [[Wikipedia:Categorization|categorization guidelines]].","{""is_modifier"": true, ""softens_harshness"": 4, ""formality"": 4, ""degree"": 1}",4.0,4.0,1.0,4.0
very,"{{Quote|1=There are very few sources that reflect the biographical information in the article, most sources are relating to his works.","{""is_modifier"": true, ""softens_harshness"": 4, ""formality"": 5, ""degree"": 5}",4.0,5.0,5.0,4.0
very," While a Democrat win (possibly by candidate, Josh Weil (D)) is a very long shot indeed, nevertheless, deliberately deleting that section has a probable impact on citizens' efforts & discussion around the upcoming race.","{""is_modifier"": true, ""softens_harshness"": 4, ""formality"": 5, ""degree"": 5}",4.0,5.0,5.0,4.0
relatively,"::Hi, I appreciate your efforts to improve Wikipedia (and apologies for the relatively late response)!","{""is_modifier"": true, ""softens_harshness"": 7, ""formality"": 6, ""degree"": 4}",7.0,6.0,4.0,7.0
a bit,"I've read quite a bit about what kind of images can and can't be uploaded and i get the impression that anime posters, digital magazine 'cutouts', and even my own photos of DVD materials (including the case cover) aren't allowed.","{""is_modifier"": true, ""softens_harshness"": 5, ""formality"": 4, ""degree"": 5}",5.0,4.0,5.0,5.0
quite a bit,"I've read quite a bit about what kind of images can and can't be uploaded and i get the impression that anime posters, digital magazine 'cutouts', and even my own photos of DVD materials (including the case cover) aren't allowed.","{""is_modifier"": true, ""softens_harshness"": 6, ""formality"": 4, ""degree"": 5}",6.0,4.0,5.0,6.0
quite,"I've read quite a bit about what kind of images can and can't be uploaded and i get the impression that anime posters, digital magazine 'cutouts', and even my own photos of DVD materials (including the case cover) aren't allowed.","{""is_modifier"": true, ""softens_harshness"": 5, ""formality"": 6, ""degree"": 4}",5.0,6.0,4.0,5.0
extremely, So~ why not just do an extremely simple sketch of the image and use a thorough image description to finish the painting?,"{""is_modifier"": true, ""softens_harshness"": 5, ""formality"": 5, ""degree"": 5}",5.0,5.0,5.0,5.0
very," I assume a link to the image while providing a very brief summary of what it is within the article would suffice, but how would I indicate to blind people especially that the link leads to a thorough image description?","{""is_modifier"": true, ""softens_harshness"": 5, ""formality"": 5, ""degree"": 5}",5.0,5.0,5.0,5.0
very," With the exception of the very first citation to Bloomberg, the references seem to entirely consist of trivial coverage and press releases.","{""is_modifier"": true, ""softens_harshness"": 5, ""formality"": 5, ""degree"": 1}",5.0,5.0,1.0,5.0
somewhat,"Just wanted to thank you, I know we have a disagreement on one article where I'm an inclusionist and you're a deletionist, but I sincerely appreciate your help getting names (somewhat) standardized and that with the islands, coordinates,etc- it's been such a burden digging through old maps because it doesn'tmatter if you're on GeoNB, GC, Google Maps or whatever.","{""is_modifier"": true, ""softens_harshness"": 7, ""formality"": 6, ""degree"": 5}",7.0,6.0,5.0,7.0
a bit," I've been merging a bunch of them but some are a bit ambiguous, especially ones like [[Long Island (Grand Manan)]] with no CGNDB key or coordinates.","{""is_modifier"": true, ""softens_harshness"": 8, ""formality"": 4, ""degree"": 4}",8.0,4.0,4.0,8.0
very, The article currently reflects my career only up to 2014 and I would be very grateful if you or another editor could review it when time allows.,"{""is_modifier"": true, ""softens_harshness"": 7, ""formality"": 6, ""degree"": 5}",7.0,6.0,5.0,7.0
really," To me it's really just common sense -- it takes up such a huge portion of the article, for something very few readers are actually looking for, so it's practical to collapse it.","{""is_modifier"": true, ""softens_harshness"": 4, ""formality"": 4, ""degree"": 1}",4.0,4.0,1.0,4.0
very," To me it's really just common sense -- it takes up such a huge portion of the article, for something very few readers are actually looking for, so it's practical to collapse it.","{""is_modifier"": true, ""softens_harshness"": 4, ""formality"": 5, ""degree"": 5}",4.0,5.0,5.0,4.0
very,Wikipedia takes [[Wikipedia:Copyrights|copyright]] very seriously.,"{""is_modifier"": true, ""softens_harshness"": 4, ""formality"": 5, ""degree"": 5}",4.0,5.0,5.0,4.0
really,":Thank you very much for your warm welcome and advice, I really appreciate it.","{""is_modifier"": true, ""softens_harshness"": 5, ""formality"": 4, ""degree"": 5}",5.0,4.0,5.0,5.0
very,":Thank you very much for your warm welcome and advice, I really appreciate it.","{""is_modifier"": true, ""softens_harshness"": 6, ""formality"": 6, ""degree"": 5}",6.0,6.0,5.0,6.0
rather,":No I’d rather not [[User:Iloveyou 223368|Iloveyou 223368]] ([[User talk:Iloveyou 223368#top|talk]]) 04:41, 26 January 2025 (UTC)","{""is_modifier"": true, ""softens_harshness"": 9, ""formality"": 7, ""degree"": 0}",9.0,7.0,0.0,9.0
very, You are not being very kind to people who are working I’m a single mother and my aunt just like up and well not my aunt but my sister had a kid and then she up and left and so I need help.,"{""is_modifier"": true, ""softens_harshness"": 7, ""formality"": 5, ""degree"": 5}",7.0,5.0,5.0,7.0
very," OK like everybody is like coming at me and like I this wasn’t me like if it was me I would take responsibility for it, but it was my little cousin messing around and it was just like I’m sorry for him like I’m sorry that he did that to your page or whatever but like it wasn’t me so like if you could like unblock me like that would be like very nice.","{""is_modifier"": true, ""softens_harshness"": 7, ""formality"": 5, ""degree"": 5}",7.0,5.0,5.0,7.0
very,"* the text ""English Church"", in both the blurb and article lead, currently links to a table of religious demographics in modern-day england, which doesn't seem very useful for someone looking for more information on the english church during the time of henry&nbsp;ii.","{""is_modifier"": true, ""softens_harshness"": 7, ""formality"": 5, ""degree"": 5}",7.0,5.0,5.0,7.0
very," I had the great pleasure of reviewing your excellent article nom on [[Pope Sisinnius]] for GA, which very deservedly has been promoted on to FA (congrats!","{""is_modifier"": true, ""softens_harshness"": 5, ""formality"": 5, ""degree"": 5}",5.0,5.0,5.0,5.0
quite, Several of the sources seem quite outdated; I would scour for more recent academic research.,"{""is_modifier"": true, ""softens_harshness"": 4, ""formality"": 7, ""degree"": 5}",4.0,7.0,5.0,4.0
very,"Congratulations to everyone who participated in this year's WikiCup, whether they made it to the final round or not, and particular congratulations to the newcomers to the competition, some of whom did very well.","{""is_modifier"": true, ""softens_harshness"": 5, ""formality"": 5, ""degree"": 5}",5.0,5.0,5.0,5.0
quite,"Thank you today for [[Pope Sisinnius]], introduced: ""I have just wrapped up Henry II of England, and it was quite the doozy, so I thought it would be a good idea to nominate a smaller, simpler article.","{""is_modifier"": true, ""softens_harshness"": 5, ""formality"": 6, ""degree"": 4}",5.0,6.0,4.0,5.0
really," I'm not looking for anything drastic btw, it is just that the wealth of research done by Jewish and cultural history scholars about the importance of his actions isn't really reflected in the article.","{""is_modifier"": true, ""softens_harshness"": 8, ""formality"": 4, ""degree"": 2}",8.0,4.0,2.0,8.0
mostly,"* {{Wikipedia:WikiCup/Participant15|Generalissima}} with 1,059 points, mostly from 1 [[WP:FA|featured article]] on [[DeLancey W. Gill]], 11 [[WP:GA|good articles]], 18 [[WP:DYK|did you know]] nominations, and dozens of reviews;","{""is_modifier"": true, ""softens_harshness"": 5, ""formality"": 5, ""degree"": 5}",5.0,5.0,5.0,5.0
mostly,"* {{Wikipedia:WikiCup/Participant15|Skyshifter}} with 673 points, mostly from 2 featured articles on [[Worlds (Porter Robinson album)]] and [[I'm God]], 5 good articles, and 2 did you know nominations;","{""is_modifier"": true, ""softens_harshness"": 5, ""formality"": 5, ""degree"": 5}",5.0,5.0,5.0,5.0
mostly,"* {{Wikipedia:WikiCup/Participant15|Sammi Brie}} with 557 points, mostly from 1 featured article on [[KNXV-TV]], 5 good articles, and 8 did you know nominations; and","{""is_modifier"": true, ""softens_harshness"": 5, ""formality"": 5, ""degree"": 4}",5.0,5.0,4.0,5.0
mostly,"* {{Wikipedia:WikiCup/Participant15|AryKun}} with 415 points, mostly from 1 featured article on [[Great cuckoo-dove]], with a high number of bonus points from that article.","{""is_modifier"": true, ""softens_harshness"": 5, ""formality"": 5, ""degree"": 5}",5.0,5.0,5.0,5.0
mostly,"* {{Wikipedia:WikiCup/Participant15|Generalissima}} with 1,150 points, mostly from 3 [[WP:FA|featured article]]s, 2 [[WP:FL|featured lists]], 7 [[WP:GA|good articles]], and 13 [[WP:DYK|did you know]] nominations;","{""is_modifier"": true, ""softens_harshness"": 5, ""formality"": 5, ""degree"": 5}",5.0,5.0,5.0,5.0
mostly,"* {{Wikipedia:WikiCup/Participant15|Arconning}} with 791 points, mostly from 2 featured lists, 8 good articles, 4 did you know nominations, and plenty of reviews;","{""is_modifier"": true, ""softens_harshness"": 5, ""formality"": 5, ""degree"": 5}",5.0,5.0,5.0,5.0
mostly,"* {{Wikipedia:WikiCup/Participant15|AirshipJungleman29}} with 718 points, mostly from a high-multiplier featured article on [[Genghis Khan]] and 2 good articles; and","{""is_modifier"": true, ""softens_harshness"": 5, ""formality"": 5, ""degree"": 5}",5.0,5.0,5.0,5.0
mostly,"* {{Wikipedia:WikiCup/Participant15|BennyOnTheLoose}} with 714 points, mostly from 1 featured article on [[Susanna Hoffs]], 2 featured lists, and 3 good articles.","{""is_modifier"": true, ""softens_harshness"": 5, ""formality"": 5, ""degree"": 5}",5.0,5.0,5.0,5.0
very,"The 2024 WikiCup has come to an end, with the final round being a very tight race.","{""is_modifier"": true, ""softens_harshness"": 5, ""formality"": 5, ""degree"": 5}",5.0,5.0,5.0,5.0
very,"The final round was very productive, and contestants had 7 FAs, 9 FLs, 94 GAs, 73 FAC reviews, and 79 GAN reviews and peer reviews.","{""is_modifier"": true, ""softens_harshness"": 5, ""formality"": 5, ""degree"": 5}",5.0,5.0,5.0,5.0
sort of,") But I do believe some sort of outside intervention is becoming necessary, because at some point he will persevere with the constant damaging and I don't want to be tied up by this one editor on this one article.","{""is_modifier"": true, ""softens_harshness"": 7, ""formality"": 4, ""degree"": 0}",7.0,4.0,0.0,7.0
very,S}} Thank you very much!,"{""is_modifier"": true, ""softens_harshness"": 5, ""formality"": 6, ""degree"": 5}",5.0,6.0,5.0,5.0
very,Thank you very much for adding illustrations to the above.,"{""is_modifier"": true, ""softens_harshness"": 5, ""formality"": 5, ""degree"": 5}",5.0,5.0,5.0,5.0
really, I just came across the and was wondering if it really belongs here.,"{""is_modifier"": true, ""softens_harshness"": 6, ""formality"": 4, ""degree"": 1}",6.0,4.0,1.0,6.0
sort of," My concern is that it is still boarder line promotional, covering the topic in some detail, but in a sort of obscure way by also talking about why it shouldn't exist.","{""is_modifier"": true, ""softens_harshness"": 7, ""formality"": 3, ""degree"": 2}",7.0,3.0,2.0,7.0
really, Half of the info is basically lifted content from other project pages without really introducing anything new to the topic.,"{""is_modifier"": true, ""softens_harshness"": 7, ""formality"": 4, ""degree"": 3}",7.0,4.0,3.0,7.0
somewhat,":@[[User:Tiggerjay|Tiggerjay]] well, I think it's suitable because it explains notability and some related topics with a real (and somewhat humorous) example, but I wouldn't object to removing it for some other reason.","{""is_modifier"": true, ""softens_harshness"": 6, ""formality"": 6, ""degree"": 5}",6.0,6.0,5.0,6.0
quite, Not quite suitable enough yet for Wikipedia but should be welcome elsewhere.,"{""is_modifier"": true, ""softens_harshness"": 7, ""formality"": 6, ""degree"": 4}",7.0,6.0,4.0,7.0
really,:@[[User:Kharavela Deva|Kharavela Deva]] articles are really only protected if there is severe disruption.,"{""is_modifier"": true, ""softens_harshness"": 6, ""formality"": 4, ""degree"": 1}",6.0,4.0,1.0,6.0
pretty, I'm pretty new so i haven't learned how to add sources.,"{""is_modifier"": true, ""softens_harshness"": 7, ""formality"": 3, ""degree"": 4}",7.0,3.0,4.0,7.0
very,":menstruation, and I must say it was very helpful.","{""is_modifier"": true, ""softens_harshness"": 5, ""formality"": 5, ""degree"": 5}",5.0,5.0,5.0,5.0
rather,":instance, if they have some cramps, it will make focusing in class rather difficult.","{""is_modifier"": true, ""softens_harshness"": 7, ""formality"": 7, ""degree"": 4}",7.0,7.0,4.0,7.0
very," It is utterly laughable, yet, very rude.","{""is_modifier"": true, ""softens_harshness"": 3, ""formality"": 5, ""degree"": 5}",3.0,5.0,5.0,3.0
really, “I have heard jokes that portray girls in their periods as disgusting or shy which really ought,"{""is_modifier"": true, ""softens_harshness"": 4, ""formality"": 4, ""degree"": 3}",4.0,4.0,3.0,4.0
quite," To me, this is quite unreasonable.","{""is_modifier"": true, ""softens_harshness"": 6, ""formality"": 7, ""degree"": 5}",6.0,7.0,5.0,6.0
rather," ""One of my buddies once asked a girl some rather cringeworthy questions pertaining to a","{""is_modifier"": true, ""softens_harshness"": 7, ""formality"": 7, ""degree"": 5}",7.0,7.0,5.0,7.0
really, It really depends on the environment and,"{""is_modifier"": true, ""softens_harshness"": 6, ""formality"": 3, ""degree"": 3}",6.0,3.0,3.0,6.0
pretty, “I think I am pretty comfortable about talking to my friends about menstruation as I have,"{""is_modifier"": true, ""softens_harshness"": 6, ""formality"": 3, ""degree"": 5}",6.0,3.0,5.0,6.0
a bit," ""I can talk about it with my sisters, although sometimes I feel a bit embarrassed because I do","{""is_modifier"": true, ""softens_harshness"": 8, ""formality"": 3, ""degree"": 5}",8.0,3.0,5.0,8.0
very," ""So, I did a class project with a girl and it was very educational for me because I understood","{""is_modifier"": true, ""softens_harshness"": 5, ""formality"": 5, ""degree"": 5}",5.0,5.0,5.0,5.0
really," ""To be honest, I have not really discussed it with a girl.","{""is_modifier"": true, ""softens_harshness"": 7, ""formality"": 4, ""degree"": 3}",7.0,4.0,3.0,7.0
a bit," I tend to be a bit reluctant to it, but I","{""is_modifier"": true, ""softens_harshness"": 8, ""formality"": 4, ""degree"": 5}",8.0,4.0,5.0,8.0
very, “It is very important to incorporate boys because it aids in eliminating stigma and fostering,"{""is_modifier"": true, ""softens_harshness"": 5, ""formality"": 4, ""degree"": 5}",5.0,4.0,5.0,5.0
a little," It sounds a little embarrassing, but in the long run, it may help","{""is_modifier"": true, ""softens_harshness"": 8, ""formality"": 4, ""degree"": 5}",8.0,4.0,5.0,8.0
very, On [https://en.m.wikipedia.org/w/index.php?title=Ruhollah_Khomeini&action=history Ruhollah Khomeini] and elsewhere this editor is being very disruptive.,"{""is_modifier"": true, ""softens_harshness"": 0, ""formality"": 5, ""degree"": 5}",0.0,5.0,5.0,0.0
really, Only an hour after you gave them the CTOP alert they continued to edit war at [https://en.m.wikipedia.org/w/index.php?title=Ruhollah_Khomeini&diff=prev&oldid=1268041892 Ruhollah Khomeini] with another odd edit summary that didn't really reflect their edit.,"{""is_modifier"": true, ""softens_harshness"": 7, ""formality"": 4, ""degree"": 3}",7.0,4.0,3.0,7.0
a little,"::{{ec}} (I was going to do the range searching before I made the AIV report, but the disruption was rapid enough that I went a little 'hasty' and reported the latest address instead.","{""is_modifier"": true, ""softens_harshness"": 8, ""formality"": 5, ""degree"": 4}",8.0,5.0,4.0,8.0
really,"hey im new to wikipedia, well not really but i have an account now and i was wondering how can I get an edit done on a page if the page is like totally dead has been for years and tons of the information is outdated?","{""is_modifier"": true, ""softens_harshness"": 6, ""formality"": 4, ""degree"": 4}",6.0,4.0,4.0,6.0
mostly," Its not particularly controversial, and talk page is mostly edit requests, no gigantic debates?","{""is_modifier"": true, ""softens_harshness"": 6, ""formality"": 5, ""degree"": 5}",6.0,5.0,5.0,6.0
pretty,":I shouldn't be so cross, I'm pretty sure I've hopped onto a case request like that before.","{""is_modifier"": true, ""softens_harshness"": 6, ""formality"": 3, ""degree"": 4}",6.0,3.0,4.0,6.0
really, There really needs to be a better way to nip these edit wars at the bud.,"{""is_modifier"": true, ""softens_harshness"": 4, ""formality"": 4, ""degree"": 3}",4.0,4.0,3.0,4.0
a bit," I figured that a straight-up indefinite block (as well as proposing the deletion of [[User:Formerlychucks|his user page]], which was done by @[[User:Bugghost|Bugghost]]) are both a bit overboard.","{""is_modifier"": true, ""softens_harshness"": 8, ""formality"": 4, ""degree"": 5}",8.0,4.0,5.0,8.0
very," However, given his past productive edits and his apologizing for his misdeeds, I do think his block should be reviewed at the very least.","{""is_modifier"": true, ""softens_harshness"": 5, ""formality"": 6, ""degree"": 1}",5.0,6.0,1.0,5.0
a bit," I find this a bit strange, I think that it's possible that such a username is a sockpuppet of another account which is normally used unless when the user needs to make that specific kind of edits that he does't want to be related to his main account.","{""is_modifier"": true, ""softens_harshness"": 8, ""formality"": 4, ""degree"": 4}",8.0,4.0,4.0,8.0
a bit," His acting could be considered a bit suspicious in my opinion but if I made the wrong turn at Albuquerque an eventual check would prove he's doing nothing wrong, I think.","{""is_modifier"": true, ""softens_harshness"": 8, ""formality"": 4, ""degree"": 5}",8.0,4.0,5.0,8.0
quite,"0/16}} is currently blocked until August 2026, which seems quite long given how many IP addresses it effects.","{""is_modifier"": true, ""softens_harshness"": 6, ""formality"": 7, ""degree"": 4}",6.0,7.0,4.0,6.0
pretty," Going pretty well, although it's snow season which I outgrew a decade or two ago, so there's only so good I can be.","{""is_modifier"": true, ""softens_harshness"": 6, ""formality"": 3, ""degree"": 4}",6.0,3.0,4.0,6.0
kind of,":::Since I got elected I've stepped back from most of my admin patrolling, and it's actually kind of pleasant.","{""is_modifier"": true, ""softens_harshness"": 7, ""formality"": 3, ""degree"": 4}",7.0,3.0,4.0,7.0
pretty,":It is pretty obviously related to the conflict, but in the future if you'd like broader input [[WT:AE]] or [[WP:AC/CN]] would be the places to get the best feedback.","{""is_modifier"": true, ""softens_harshness"": 7, ""formality"": 3, ""degree"": 4}",7.0,3.0,4.0,7.0
quite, They are quite common.,"{""is_modifier"": true, ""softens_harshness"": 6, ""formality"": 7, ""degree"": 4}",6.0,7.0,4.0,6.0
pretty, The use of pre-EC accounts for advocacy/non-neutral editing in the topic area is pretty common and there probably needs to be a more effective and efficient way to manage it.,"{""is_modifier"": true, ""softens_harshness"": 7, ""formality"": 2, ""degree"": 4}",7.0,2.0,4.0,7.0
fairly,"::True, but [[WP:AE]] is a fairly high friction process based on consensus by multiple admins (with the added fun bonus that the more reports someone files the more likely they are to be topic banned).","{""is_modifier"": true, ""softens_harshness"": 7, ""formality"": 5, ""degree"": 4}",7.0,5.0,4.0,7.0
very,"For example, Ping909 had specific interest in Gérald Darmanin and his official title (See [https://en.wikipedia.org/w/index.php?title=G%C3%A9rald_Darmanin&diff=prev&oldid=1267073315]) Few days after Ping909 was blocked, Tahomaru's very first edit was on Gérald Darmanin and also regarding his title as minister of state (See [https://en.wikipedia.org/w/index.php?title=G%C3%A9rald_Darmanin&diff=prev&oldid=1268860180])","{""is_modifier"": true, ""softens_harshness"": 5, ""formality"": 5, ""degree"": 1}",5.0,5.0,1.0,5.0
very,"All of these are not very common topics/articles, so I'm sure its same person doing this with more than one account.","{""is_modifier"": true, ""softens_harshness"": 7, ""formality"": 5, ""degree"": 5}",7.0,5.0,5.0,7.0
really," Along with some technical stuff, [https://en.wikipedia.org/w/index.php?title=G%C3%A9rald_Darmanin&diff=prev&oldid=1267073797 this] and [https://en.wikipedia.org/w/index.php?title=G%C3%A9rald_Darmanin&diff=prev&oldid=1268860180 this] don't really match up.","{""is_modifier"": true, ""softens_harshness"": 8, ""formality"": 4, ""degree"": 2}",8.0,4.0,2.0,8.0
very," Business titles of Darmanin and status of Zourabichvili both seem like very specific topic, that's why I first become suspicions.","{""is_modifier"": true, ""softens_harshness"": 5, ""formality"": 5, ""degree"": 5}",5.0,5.0,5.0,5.0
very,"::Another big red flag to me is that account has only a handful, minor edits and somehow is already very knowledgeable about Wikipedia and has [https://en.wikipedia.org/w/index.php?title=Talk:Salome_Zourabichvili&diff=prev&oldid=1275174570 just opened] ""Request for Comments"".","{""is_modifier"": true, ""softens_harshness"": 4, ""formality"": 5, ""degree"": 5}",4.0,5.0,5.0,4.0
really, I really do wish to get it right.,"{""is_modifier"": true, ""softens_harshness"": 6, ""formality"": 4, ""degree"": 5}",6.0,4.0,5.0,6.0
a bit,:A properly formatted RFC after a bit more [[WP:RFCBEFORE]] to nail down the options should be fine.,"{""is_modifier"": true, ""softens_harshness"": 7, ""formality"": 4, ""degree"": 4}",7.0,4.0,4.0,7.0
very," The Test in which [[Brian Lara]] scored 400 will be remembered by many for the rest of their lives and is very notable [[User:Servite et contribuere|Servite et contribuere]] ([[User talk:Servite et contribuere|talk]]) 07:38, 15 February 2025 (UTC)","{""is_modifier"": true, ""softens_harshness"": 5, ""formality"": 4, ""degree"": 5}",5.0,4.0,5.0,5.0
pretty, it is pretty tough.,"{""is_modifier"": true, ""softens_harshness"": 7, ""formality"": 3, ""degree"": 5}",7.0,3.0,5.0,7.0
very," Servite et contribuere was my very intentional user name, I did not mean Service, I meant Servite [[User:Servite et contribuere|Servite et contribuere]] ([[User talk:Servite et contribuere|talk]]) 11:29, 5 March 2025 (UTC)","{""is_modifier"": true, ""softens_harshness"": 5, ""formality"": 5, ""degree"": 4}",5.0,5.0,4.0,5.0
very,:I have a very good edit to make to John Cena.,"{""is_modifier"": true, ""softens_harshness"": 5, ""formality"": 5, ""degree"": 5}",5.0,5.0,5.0,5.0
very,::[[User:Gamerboykarl|Gamerboykarl]] Statements like: {{TQ| I have a very good edit}} aren't going to get you unblocked.,"{""is_modifier"": true, ""softens_harshness"": 5, ""formality"": 5, ""degree"": 5}",5.0,5.0,5.0,5.0
a little,"{{unblock reviewed|reason= I will discuss the edits on the articles talk page get approved and then do the edit [[User:Gamerboykarl|Gamerboykarl]] ([[User talk:Gamerboykarl#top|talk]]) 05:45, 18 July 2025 (UTC)|decline=This is a beginning, but we need to see a little more from you- like you telling us what you did that was disruptive, so we know you won't do it again.","{""is_modifier"": true, ""softens_harshness"": 8, ""formality"": 4, ""degree"": 3}",8.0,4.0,3.0,8.0
a little,":Another option is to go edit on another Wikipedia, such as the [[Simple Wikipedia]], for a little while to prove that you can be a valuable contributor.","{""is_modifier"": true, ""softens_harshness"": 6, ""formality"": 4, ""degree"": 4}",6.0,4.0,4.0,6.0
really, BTW this is getting really boring.,"{""is_modifier"": true, ""softens_harshness"": 4, ""formality"": 4, ""degree"": 5}",4.0,4.0,5.0,4.0
very," At North Vietnam, they deleted lots of sourced content on land reform very similar to their previous socks.","{""is_modifier"": true, ""softens_harshness"": 4, ""formality"": 5, ""degree"": 5}",4.0,5.0,5.0,4.0
very, You have always been very helpful.,"{""is_modifier"": true, ""softens_harshness"": 5, ""formality"": 5, ""degree"": 5}",5.0,5.0,5.0,5.0
a bit,:Data supports Potana Mazda a bit better.,"{""is_modifier"": true, ""softens_harshness"": 7, ""formality"": 4, ""degree"": 5}",7.0,4.0,5.0,7.0
really," it's really helpful) [[User:DareWhat?|DareWhat?]] ([[User talk:DareWhat?#top|talk]]) 08:41, 31 January 2025 (UTC)","{""is_modifier"": true, ""softens_harshness"": 6, ""formality"": 4, ""degree"": 4}",6.0,4.0,4.0,6.0
a bit,"  As a long-time IP editor, I know my edits are treated with a bit more suspicion, so the recommendation for an edit summary is even more helpful.","{""is_modifier"": true, ""softens_harshness"": 7, ""formality"": 4, ""degree"": 4}",7.0,4.0,4.0,7.0
mostly,":Yes, i used gpt for [[Draft:Communism in Germany]] and [[Draft:Communism in Greece]] but its mostly for me to model it after my other draft, translated and expanded from portuguese, [[Draft:Communism in Brazil]].","{""is_modifier"": true, ""softens_harshness"": 6, ""formality"": 5, ""degree"": 5}",6.0,5.0,5.0,6.0
mostly,":::::on second thought however, i ended up mostly with secondary sources after TRYING to find primary ones.","{""is_modifier"": true, ""softens_harshness"": 6, ""formality"": 5, ""degree"": 5}",6.0,5.0,5.0,6.0
very,":Thank you sir, But I would also like you to review [[Draft:Communism in Brazil]] I worked a lot on this draft and i would be very happy if you could review it Sir, thank you [[User:Scratchinghead|<span style=""color:teal;"">'''☢️SCR@TCH!NGH3@D'''</span>]] ([[User talk:Scratchinghead|talk]]) 06:21, 12 January 2025 (UTC)","{""is_modifier"": true, ""softens_harshness"": 7, ""formality"": 6, ""degree"": 5}",7.0,6.0,5.0,7.0
very,Thank you very much for promoting ''[[Reichsgesetzblatt]]'' to GA!,"{""is_modifier"": true, ""softens_harshness"": 5, ""formality"": 6, ""degree"": 5}",5.0,6.0,5.0,5.0
fairly, I have noticed that you are fairly new!,"{""is_modifier"": true, ""softens_harshness"": 7, ""formality"": 6, ""degree"": 4}",7.0,6.0,4.0,7.0
very,Wikipedia has a very stringent [[Wikipedia:Image use policy|image use policy]]?,"{""is_modifier"": true, ""softens_harshness"": 4, ""formality"": 5, ""degree"": 5}",4.0,5.0,5.0,4.0
very,Wikipedia takes [[Wikipedia:Copyright violations|copyright violations very seriously]]?,"{""is_modifier"": true, ""softens_harshness"": 4, ""formality"": 5, ""degree"": 5}",4.0,5.0,5.0,4.0
very, It's very important that articles here are based on [[WP:Reliable sources]] that support the existence of the topic of the article.,"{""is_modifier"": true, ""softens_harshness"": 4, ""formality"": 5, ""degree"": 5}",4.0,5.0,5.0,4.0
sort of," I sort of see what you're looking for in this article, but unfortunately it's quite vague, and hard to define.","{""is_modifier"": true, ""softens_harshness"": 8, ""formality"": 3, ""degree"": 4}",8.0,3.0,4.0,8.0
quite," I sort of see what you're looking for in this article, but unfortunately it's quite vague, and hard to define.","{""is_modifier"": true, ""softens_harshness"": 6, ""formality"": 6, ""degree"": 4}",6.0,6.0,4.0,6.0
quite," We have quite a few pages that cover various aspects of political geography, such as those in [[Lists of islands]].","{""is_modifier"": true, ""softens_harshness"": 5, ""formality"": 6, ""degree"": 5}",5.0,6.0,5.0,5.0
very," This has been done under [[WP:CSD#A1|section A1 of the criteria for speedy deletion]], because it is a very short article providing little or no context to the reader.","{""is_modifier"": true, ""softens_harshness"": 4, ""formality"": 5, ""degree"": 5}",4.0,5.0,5.0,4.0
very,::It's because you very clearly do not have a [[WP:NPOV]] and are here to [[WP:POVPUSH]] by attacking other editors who don't share your bias.,"{""is_modifier"": true, ""softens_harshness"": 3, ""formality"": 5, ""degree"": 4}",3.0,5.0,4.0,3.0
very, Your contribution history also makes it very clear that you are not a new account.,"{""is_modifier"": true, ""softens_harshness"": 4, ""formality"": 5, ""degree"": 5}",4.0,5.0,5.0,4.0
mostly," I am not an editor I'm mostly a reader, and this account isn't new but I haven't logged in ages, make no mistake I will not let you silence me and i'm in the process of building a strong case that will show you and your fellow biased editors for what they truly are.","{""is_modifier"": true, ""softens_harshness"": 6, ""formality"": 5, ""degree"": 5}",6.0,5.0,5.0,6.0
very,"}} You wrote that at [[WP:ANI]] with a tone of surprise, as though the reasons justifying the quick closure weren't spelled out very clearly in the discussion.","{""is_modifier"": true, ""softens_harshness"": 7, ""formality"": 5, ""degree"": 5}",7.0,5.0,5.0,7.0
quite, But it's not necessarily quite what you allege.,"{""is_modifier"": true, ""softens_harshness"": 7, ""formality"": 6, ""degree"": 4}",7.0,6.0,4.0,7.0
very," Those of us who have been around for a long time have heard the {{tqq|request for fair representation grounded in sources}} argument many, many times before - almost exclusively from those who are, in fact, very much ''not'' here to help ensure a truly neutral, non-nationalistic POV, and in fact all but universally pushing the ''opposite'', with extremely nationalistic, biased postitions.","{""is_modifier"": true, ""softens_harshness"": 3, ""formality"": 5, ""degree"": 4}",3.0,5.0,4.0,3.0
extremely," Those of us who have been around for a long time have heard the {{tqq|request for fair representation grounded in sources}} argument many, many times before - almost exclusively from those who are, in fact, very much ''not'' here to help ensure a truly neutral, non-nationalistic POV, and in fact all but universally pushing the ''opposite'', with extremely nationalistic, biased postitions.","{""is_modifier"": true, ""softens_harshness"": 2, ""formality"": 5, ""degree"": 5}",2.0,5.0,5.0,2.0
very," Bitton edited [[Kaftan]] was 23 October 2024, in an edit [https://en.wikipedia.org/w/index.php?title=Kaftan&diff=prev&oldid=1252919689 reverting blatant Moroccan POV pushing], which makes your sudden appearance with such a vehemently held position [[WP:DUCK|sound very suspicous]] to those of us who are actually here to help build a neutral, non-biased encyclopedia.","{""is_modifier"": true, ""softens_harshness"": 3, ""formality"": 5, ""degree"": 5}",3.0,5.0,5.0,3.0
very,"bitton felt the need to selectively use the limited and contested sources that claim the caftan has been in Algeria since the 10th century, while it ""entered Morocco in the saadian era"" while ignoring the abundant sources that claim the caftan as we know it(meaning its Moroccan variation, which is almost the only variation refered to as caftan today, and which is very rarely worn or even made in Algeria) has its origins in Morocco centuries before that.","{""is_modifier"": true, ""softens_harshness"": 4, ""formality"": 5, ""degree"": 5}",4.0,5.0,5.0,4.0
somewhat,":::::::::::Anyway, I'll save my arguments and citations and diffs for the grievance I plan to file, but I don't see how the date my account was created is relevant to this, although I somewhat understand the suspicion.","{""is_modifier"": true, ""softens_harshness"": 7, ""formality"": 6, ""degree"": 4}",7.0,6.0,4.0,7.0
very, It is very easy to generate a list of sources like yours for basically any claim whatsoever: you put your favorite keywords into a search engine and then selectively pick out every single link that supports your point of view.,"{""is_modifier"": true, ""softens_harshness"": 3, ""formality"": 5, ""degree"": 5}",3.0,5.0,5.0,3.0
sort of,"bitton seemingly downplays Moroccan contribution and historical independence, framing it as a sort of ottoman vassal based solely on a rather short period in history, should be (imho) a red flag, he always emphasizes ottoman influence in Morocco while ignoring the historical rivalry and equal standing of the two states evidenced by documented history and diplomatic correspondance, so it's hard to blame me for having concerns that he might be biased if he has (at least in the past) consistently tried to subtly frame complex history in an Algerian-Ottoman-centric manner, I'm a long time reader, not an editor, and I've noticed this pattern on every article that even remotely has to do with Moroccan history and culture.","{""is_modifier"": true, ""softens_harshness"": 7, ""formality"": 3, ""degree"": 2}",7.0,3.0,2.0,7.0
rather,"bitton seemingly downplays Moroccan contribution and historical independence, framing it as a sort of ottoman vassal based solely on a rather short period in history, should be (imho) a red flag, he always emphasizes ottoman influence in Morocco while ignoring the historical rivalry and equal standing of the two states evidenced by documented history and diplomatic correspondance, so it's hard to blame me for having concerns that he might be biased if he has (at least in the past) consistently tried to subtly frame complex history in an Algerian-Ottoman-centric manner, I'm a long time reader, not an editor, and I've noticed this pattern on every article that even remotely has to do with Moroccan history and culture.","{""is_modifier"": true, ""softens_harshness"": 6, ""formality"": 7, ""degree"": 4}",6.0,7.0,4.0,6.0
really,::::::::::::You really need to stop making accusations ''until'' you have convincing documented evidence to present to support those accusations.,"{""is_modifier"": true, ""softens_harshness"": 3, ""formality"": 4, ""degree"": 3}",3.0,4.0,3.0,3.0
a little,":::::::::::::I might've gotten a little carried away and treated this like a conversation, I'll definitely refrain from discussing this further until I file a detailed grievance, thanks for the heads up.","{""is_modifier"": true, ""softens_harshness"": 8, ""formality"": 4, ""degree"": 4}",8.0,4.0,4.0,8.0
very,"-- Template:uw-unsourced1 --> <b>[[User:Yoshi24517|<span style=""color:#00c700;font-family:'Rockwell'"">Yoshi24517</span>]] ([[User talk:Yoshi24517|<span style=""color:black;font-family:'Rockwell'"">Chat</span>]]) (<span style=""color:red;font-family:'Rockwell'"">Very Busy</span>)</b> 18:54, 10 April 2025 (UTC)","{""is_modifier"": true, ""softens_harshness"": 5, ""formality"": 5, ""degree"": 5}",5.0,5.0,5.0,5.0
a bit,"Get ready to join Wikipedia’s 25th birthday party at 16:00 UTC, or come a bit early and get warmed up at the pre-party countdown starting at 15:45 UTC!","{""is_modifier"": true, ""softens_harshness"": 7, ""formality"": 4, ""degree"": 5}",7.0,4.0,5.0,7.0
very," While using LLMs can be very useful, machine-generated text—much like human-created text—can contain errors or flaws, or be outright useless (see [[WP:LLM]]).","{""is_modifier"": true, ""softens_harshness"": 6, ""formality"": 4, ""degree"": 4}",6.0,4.0,4.0,6.0
a bit," Wikipedia processes are often somewhat inscrutable, so it's giving a bit of time to familiarise yourself with them.","{""is_modifier"": true, ""softens_harshness"": 7, ""formality"": 3, ""degree"": 4}",7.0,3.0,4.0,7.0
somewhat," Wikipedia processes are often somewhat inscrutable, so it's giving a bit of time to familiarise yourself with them.","{""is_modifier"": true, ""softens_harshness"": 7, ""formality"": 6, ""degree"": 4}",7.0,6.0,4.0,7.0
reasonably,"For example, in regard to the first criterion, you could explain in what sense it is ""reasonably well written"" by describing how your reading experience of the different sections was in terms of style, grammar, and understandability.","{""is_modifier"": true, ""softens_harshness"": 7, ""formality"": 6, ""degree"": 4}",7.0,6.0,4.0,7.0
very,"Hey; I noticed that in your recent review of my GAN, [[Texas centennial half dollar]], you left very little in-depth description and no evidence of a source spot check.","{""is_modifier"": true, ""softens_harshness"": 3, ""formality"": 5, ""degree"": 5}",3.0,5.0,5.0,3.0
really, I am not really sure how to do a GA review well.,"{""is_modifier"": true, ""softens_harshness"": 7, ""formality"": 4, ""degree"": 2}",7.0,4.0,2.0,7.0
very," As it so happens I did a source check on this very article for [[Template:Did you know nominations/Texas Centennial half dollar]], perhaps that might be a helpful example?","{""is_modifier"": true, ""softens_harshness"": 5, ""formality"": 7, ""degree"": 0}",5.0,7.0,0.0,5.0
really,::Currently the articles are only really sourced to Theoi.,"{""is_modifier"": true, ""softens_harshness"": 7, ""formality"": 3, ""degree"": 2}",7.0,3.0,2.0,7.0
a bit, It says who the Anemoi's parents are if you scroll down a bit.,"{""is_modifier"": true, ""softens_harshness"": 6, ""formality"": 4, ""degree"": 4}",6.0,4.0,4.0,6.0
pretty,"com is a pretty unreliable source, and tends to contain bogus claims, of which this looks to be one.","{""is_modifier"": true, ""softens_harshness"": 7, ""formality"": 3, ""degree"": 3}",7.0,3.0,3.0,7.0
really,":::::::While I appreciate your resolve here, I'm not sure there really ''is'' anything to say about these figures.","{""is_modifier"": true, ""softens_harshness"": 6, ""formality"": 4, ""degree"": 1}",6.0,4.0,1.0,6.0
pretty," I'd recommend just turning [[Euronotus]] into a redirect to [[Anemoi]], as I'm pretty certain that it's subject doesn't have any existence in reliable sources (notice that the cited source which mentions εὐρόνοτος only give a definition for the word, and doesn't say that it represents a deity).","{""is_modifier"": true, ""softens_harshness"": 7, ""formality"": 3, ""degree"": 4}",7.0,3.0,4.0,7.0
very,That was a very bad close.,"{""is_modifier"": true, ""softens_harshness"": 1, ""formality"": 5, ""degree"": 5}",1.0,5.0,5.0,1.0
a bit," While there is nothing wrong with them, it seemed to me that you were a bit confused with the proccess of source reviews.","{""is_modifier"": true, ""softens_harshness"": 8, ""formality"": 4, ""degree"": 4}",8.0,4.0,4.0,8.0
really,":::Perfect, thank you for running this, it does seem like a really interesting topic, I'll see if I can get any of them to GA!","{""is_modifier"": true, ""softens_harshness"": 5, ""formality"": 4, ""degree"": 4}",5.0,4.0,4.0,5.0
a bit," I'm a bit worried by some of your submissions, especially as they don't seem particularly in the spirit of the cup.","{""is_modifier"": true, ""softens_harshness"": 8, ""formality"": 4, ""degree"": 4}",8.0,4.0,4.0,8.0
a bit,"I am a bit worried that you have done so many reviews, but that they might not be sufficiently in-depth, and have nominated three items for ITN which you haven't written.","{""is_modifier"": true, ""softens_harshness"": 8, ""formality"": 4, ""degree"": 4}",8.0,4.0,4.0,8.0
really," The edit count doesn't really matter as much as the contribution size does, but [https://xtools.wmcloud.org/articleinfo/en.wikipedia.org/Ayla_Erduran XTools] indicates that you only added 467 bytes or 4.","{""is_modifier"": true, ""softens_harshness"": 8, ""formality"": 4, ""degree"": 1}",8.0,4.0,1.0,8.0
quite,Round 2 was quite competitive.,"{""is_modifier"": true, ""softens_harshness"": 5, ""formality"": 6, ""degree"": 4}",5.0,6.0,4.0,5.0
mostly,"* {{Wikipedia:WikiCup/Participant16|History6042}} with 1,088 round points from four [[WP:featured lists|featured lists]] about Michelin-starred restaurants, nine good articles and a [[WP:Good topic|good topic]] mostly on Olympic-related subjects, seven ITN articles, and dozens of reviews","{""is_modifier"": true, ""softens_harshness"": 5, ""formality"": 5, ""degree"": 5}",5.0,5.0,5.0,5.0
mostly,"* {{Wikipedia:WikiCup/Participant16|Arconning}} with 887 round points, mostly from four FLs, six GAs, and seven DYKs on Olympic topics, along with more than two dozen reviews","{""is_modifier"": true, ""softens_harshness"": 5, ""formality"": 5, ""degree"": 5}",5.0,5.0,5.0,5.0
mostly,"* {{Wikipedia:WikiCup/Participant16|BeanieFan11}} with 1,314 round points, mostly from articles about athletes and politicians, including 20 [[Wikipedia:good articles|good articles]] and 48 [[Wikipedia:did you know|did you know]] articles","{""is_modifier"": true, ""softens_harshness"": 5, ""formality"": 5, ""degree"": 5}",5.0,5.0,5.0,5.0
mostly,"* {{Wikipedia:WikiCup/Participant16|Gog the Mild}} with 1,197 round points, mostly from military history articles, including 9 [[WP:FT|featured topic]] articles, two [[Wikipedia:featured articles|featured articles]], and four good articles","{""is_modifier"": true, ""softens_harshness"": 5, ""formality"": 5, ""degree"": 5}",5.0,5.0,5.0,5.0
mostly,"* {{Wikipedia:WikiCup/Participant16|Sammi Brie}} with 1,055 round points, mostly from television station articles, including 27 good articles and 9 [[WP:GT|good topic]] articles","{""is_modifier"": true, ""softens_harshness"": 5, ""formality"": 5, ""degree"": 5}",5.0,5.0,5.0,5.0
very, I have two articles at FLC right now that have sadly generated very few reviews.,"{""is_modifier"": true, ""softens_harshness"": 4, ""formality"": 5, ""degree"": 5}",4.0,5.0,5.0,4.0
a bit, It's been a bit since it's been attended to.,"{""is_modifier"": true, ""softens_harshness"": 8, ""formality"": 3, ""degree"": 4}",8.0,3.0,4.0,8.0
rather, It was rather a long review but I think the article has improved significantly from it.,"{""is_modifier"": true, ""softens_harshness"": 7, ""formality"": 7, ""degree"": 4}",7.0,7.0,4.0,7.0
really,":I don’t really have any concerns, go ahead, and thanks for doing this, :) [[User:History6042|<span style=""color:darkorange"">History6042😊</span>]] '''([[User talk:History6042|<span style=""color:blue"">Contact me</span>]])''' 16:54, 12 August 2025 (UTC)","{""is_modifier"": true, ""softens_harshness"": 7, ""formality"": 3, ""degree"": 2}",7.0,3.0,2.0,7.0
mostly,"* {{Wikipedia:WikiCup/Participant16|AirshipJungleman29}} with 854 round points, mostly from a high-scoring featured article on the Indian leader [[Rani of Jhansi]] and two good articles, in addition to 13 featured and good article reviews","{""is_modifier"": true, ""softens_harshness"": 5, ""formality"": 5, ""degree"": 5}",5.0,5.0,5.0,5.0
very,":Oh I am very sorry, I did not think that copyright applied to translation, is there anything I need to do about this.","{""is_modifier"": true, ""softens_harshness"": 7, ""formality"": 6, ""degree"": 5}",7.0,6.0,5.0,7.0
pretty,"::Yeah, that's a pretty common misconception.","{""is_modifier"": true, ""softens_harshness"": 7, ""formality"": 3, ""degree"": 4}",7.0,3.0,4.0,7.0
very," The way the sentences are constructed is very similar, down to conjunctions.","{""is_modifier"": true, ""softens_harshness"": 5, ""formality"": 5, ""degree"": 5}",5.0,5.0,5.0,5.0
a bit," This is, again, very easy to do accidentally - it's the sort of close paraphrasing which occurs when one writes when looking a bit too much at the source material, or when you're pushing yourself too write too much, too quickly.","{""is_modifier"": true, ""softens_harshness"": 8, ""formality"": 4, ""degree"": 4}",8.0,4.0,4.0,8.0
very," This is, again, very easy to do accidentally - it's the sort of close paraphrasing which occurs when one writes when looking a bit too much at the source material, or when you're pushing yourself too write too much, too quickly.","{""is_modifier"": true, ""softens_harshness"": 6, ""formality"": 5, ""degree"": 5}",6.0,5.0,5.0,6.0
a bit,"::This is a bit beyond where I want to get involved, but for your own sake, I note that some of the copyright issues (ie, [https://en.wikipedia.org/w/index.php?title=Capsizing_of_the_Wonder_Sea&diff=prev&oldid=1301611808 this edit], since removed by another editor) have been on articles you've submitted and got points for in the WikiCup.","{""is_modifier"": true, ""softens_harshness"": 8, ""formality"": 4, ""degree"": 4}",8.0,4.0,4.0,8.0
really," You might want to talk to the judges about that,(Wikipedians really appreciate it when people own up to mistakes and take steps to make it right with the community) but I'll leave it up to you.","{""is_modifier"": true, ""softens_harshness"": 6, ""formality"": 4, ""degree"": 5}",6.0,4.0,5.0,6.0
mostly," When you created the Battle of Monte Battaglia page, you cited it mostly to the same, Italian-language page that the itWiki article had cited itself to.","{""is_modifier"": true, ""softens_harshness"": 7, ""formality"": 5, ""degree"": 5}",7.0,5.0,5.0,7.0
kind of," For the bit {{tq|written by 11 year old '''[[Nina Milkina]]'''}}, this implies that she is 11 years old right now (she is definitely not), so I'm worried this is kind of misleading.","{""is_modifier"": true, ""softens_harshness"": 8, ""formality"": 2, ""degree"": 3}",8.0,2.0,3.0,8.0
really," I was working with some other editors on bringing it to GA status, so I could really use a review on it soon.","{""is_modifier"": true, ""softens_harshness"": 6, ""formality"": 4, ""degree"": 4}",6.0,4.0,4.0,6.0
mostly,"* {{Wikipedia:WikiCup/Participant16|BeanieFan11}} with 1,035 round points, mostly from 19 good articles and 21 did you know articles about athletes","{""is_modifier"": true, ""softens_harshness"": 5, ""formality"": 5, ""degree"": 5}",5.0,5.0,5.0,5.0
mostly,"* {{Wikipedia:WikiCup/Participant16|vigilantcosmicpenguin}} with 819 round points, mostly from 13 good articles and 11 did you know articles about a wide range of topics from abortion topics to African cities","{""is_modifier"": true, ""softens_harshness"": 5, ""formality"": 5, ""degree"": 5}",5.0,5.0,5.0,5.0
very,"The final round was very productive, and contestants had 2 [[Wikipedia:featured articles|featured articles]], 4 [[Wikipedia:featured lists|featured lists]], 106 [[Wikipedia:good articles|good articles]], 5 [[Wikipedia:Good topics|good topic]] articles, 178 article reviews, 76 [[Wikipedia:Did you know|did you know]] articles, and 9 [[Wikipedia:In the news|in the news]] articles.","{""is_modifier"": true, ""softens_harshness"": 5, ""formality"": 5, ""degree"": 5}",5.0,5.0,5.0,5.0
really, You should probably change it to say what you really meant.,"{""is_modifier"": true, ""softens_harshness"": 5, ""formality"": 4, ""degree"": 3}",5.0,4.0,3.0,5.0
somewhat,"You seem somewhat inactive recently, but I would encourage you to nominate this to FLC as the list is complete and i increased the size of the lead (by copying from an article you wrote).","{""is_modifier"": true, ""softens_harshness"": 8, ""formality"": 6, ""degree"": 4}",8.0,6.0,4.0,8.0
mostly,":Also looking back at your userpage it says that you could review mostly anything, and i recognize that you are inactive but if you become active then consider reviewing [[List of World Heritage Sites in Arab States]].","{""is_modifier"": true, ""softens_harshness"": 6, ""formality"": 5, ""degree"": 5}",6.0,5.0,5.0,6.0
really," I think it is atleast worthwhile to ask the coordinators as they have given an exception (not really, technically it is 11) in the past ([[Wikipedia talk:Featured list candidates/Archive 24#List too short?]]) Thanks, 🇪🇭🇵🇸🇸🇩 '''[[User:Easternsahara|<span style=""color:red;"">East</span>]][[User talk:Easternsahara|<span style=""color:black;"">ernsa</span>]][[Special:Contributions/Easternsahara|<span style=""color:green;"">hara</span>]]''' 🇪🇭🇵🇸🇸🇩 20:30, 16 October 2025 (UTC)","{""is_modifier"": true, ""softens_harshness"": 7, ""formality"": 3, ""degree"": 2}",7.0,3.0,2.0,7.0
really,I would really appreciate your help on any of these!,"{""is_modifier"": true, ""softens_harshness"": 6, ""formality"": 4, ""degree"": 5}",6.0,4.0,5.0,6.0
really,":@[[User:Bgsu98|Bgsu98]], I am not really sure how to do a good FAC review but I can get to the two FLC reviews soon, and thanks for the review again, :).","{""is_modifier"": true, ""softens_harshness"": 7, ""formality"": 4, ""degree"": 3}",7.0,4.0,3.0,7.0
largely,"* {{Wikipedia:WikiCup/Participant17|Bgsu98}} with 1,467 round points, largely gained from 1 [[WP:FA|featured article]], 5 [[WP:FL|featured lists]], 15 [[WP:GA|good articles]], and 42 FAC and GAN reviews;","{""is_modifier"": true, ""softens_harshness"": 5, ""formality"": 6, ""degree"": 5}",5.0,6.0,5.0,5.0
largely,"* {{Wikipedia:WikiCup/Participant17|Olliefant}} with 1,246 round points, largely from 4 featured lists, 9 good articles, 2 [[WP:FT|featured topic]] articles, 4 [[WP:DYK|did you know]] articles, and 75 FAC and GAN reviews;","{""is_modifier"": true, ""softens_harshness"": 5, ""formality"": 6, ""degree"": 5}",5.0,6.0,5.0,5.0
largely,"* {{Wikipedia:WikiCup/Participant17|Generalissima}} with 1,095 round points, largely from 3 featured articles, 6 good articles, and 5 did you know articles;","{""is_modifier"": true, ""softens_harshness"": 5, ""formality"": 6, ""degree"": 5}",5.0,6.0,5.0,5.0
largely,"* {{Wikipedia:WikiCup/Participant17|MCE89}} with 848 round points, largely from 1 featured article, 8 good articles, 1 did you know article, and 32 FAC and GAN reviews; and","{""is_modifier"": true, ""softens_harshness"": 5, ""formality"": 6, ""degree"": 4}",5.0,6.0,4.0,5.0
largely,"* {{Wikipedia:WikiCup/Participant17|Rollinginhisgrave}} with 838 round points, largely from 1 featured article, 8 good articles, 1 did you know article, and 14 FAC, GAN, and peer reviews.","{""is_modifier"": true, ""softens_harshness"": 5, ""formality"": 6, ""degree"": 5}",5.0,6.0,5.0,5.0
extremely,:2: I Gave credit to Nayapala because defeating a powerful king such as Karna of the Kalachuri is an extremely impressive feat.,"{""is_modifier"": true, ""softens_harshness"": 5, ""formality"": 5, ""degree"": 5}",5.0,5.0,5.0,5.0
very, Even if you can only manage a few articles they would be very much appreciated and help make the content produced as diverse and broad as possible!,"{""is_modifier"": true, ""softens_harshness"": 6, ""formality"": 6, ""degree"": 5}",6.0,6.0,5.0,6.0
slightly,I have edited some sentences slightly; I made the Views on L Ron Hubbard section about purely views on hime by scientologists (there was not much else that wasn't already covered elsewhere there) and I edited some titles.,"{""is_modifier"": true, ""softens_harshness"": 7, ""formality"": 5, ""degree"": 5}",7.0,5.0,5.0,7.0
quite,::All details on his fabrication of certain elements of his life are made quite clear in other parts of the article.,"{""is_modifier"": true, ""softens_harshness"": 6, ""formality"": 7, ""degree"": 4}",6.0,7.0,4.0,6.0
relatively," I absolutely am not trying to push any pro scientology biases, I would not remove this one relatively unimportant section so conspicuously if I was [[User:800437516a|800437516a]] ([[User talk:800437516a#top|talk]]) 20:23, 2 May 2026 (UTC)","{""is_modifier"": true, ""softens_harshness"": 7, ""formality"": 6, ""degree"": 4}",7.0,6.0,4.0,7.0
very,:::I don't think your sources are very accurate because I was there in Melbourne in 1989 and I raced and had to retire due to a gearbox issue.,"{""is_modifier"": true, ""softens_harshness"": 8, ""formality"": 5, ""degree"": 4}",8.0,5.0,4.0,8.0
really," But if it's your PC that crashed, then I don't really need the log.","{""is_modifier"": true, ""softens_harshness"": 8, ""formality"": 4, ""degree"": 2}",8.0,4.0,2.0,8.0
very," If this was caused by the bot (which is very unlikely with C#), I'd need your system crash logs that would have a stack trace to the AAB process.","{""is_modifier"": true, ""softens_harshness"": 5, ""formality"": 5, ""degree"": 5}",5.0,5.0,5.0,5.0
very," Please take a look; I think, your participation will be very helpful.","{""is_modifier"": true, ""softens_harshness"": 5, ""formality"": 5, ""degree"": 5}",5.0,5.0,5.0,5.0
very," I'm not very adept in editing templates, so perhaps you can have a quick look before I break something?","{""is_modifier"": true, ""softens_harshness"": 7, ""formality"": 5, ""degree"": 4}",7.0,5.0,4.0,7.0
really, I don't really see a problem with that.,"{""is_modifier"": true, ""softens_harshness"": 8, ""formality"": 4, ""degree"": 2}",8.0,4.0,2.0,8.0
very, I noticed that you made [[Special:Diff/1281594331|a comment in an edit summary]] at [[:Kati roll]] that didn't seem very [[Wikipedia:Civility|civil]].,"{""is_modifier"": true, ""softens_harshness"": 7, ""formality"": 6, ""degree"": 4}",7.0,6.0,4.0,7.0
very," ''Please do not accuse other good-faith editors of [[WP:Vandalism]], which has a very specific meaning here on en.","{""is_modifier"": true, ""softens_harshness"": 5, ""formality"": 5, ""degree"": 4}",5.0,5.0,4.0,5.0
very," However, the [https://en.wikipedia.org/w/index.php?title=Bandaragama_Divisional_Secretariat&diff=prev&oldid=1271982974 copy you added] reads very much like an advertisement/tourist guide.","{""is_modifier"": true, ""softens_harshness"": 3, ""formality"": 5, ""degree"": 5}",3.0,5.0,5.0,3.0
a bit," Although a bit more leeway is given for user pages, they are not for personal profiles.","{""is_modifier"": true, ""softens_harshness"": 6, ""formality"": 4, ""degree"": 5}",6.0,4.0,5.0,6.0
really,"[[File:Information.svg|25px|alt=Information icon]] Before adding a category to an article, as you did to [[:Call of Duty: Black Ops 6]], please make sure that the subject of the article really belongs in the category that you specified according to Wikipedia's [[Wikipedia:Categorization|categorization guidelines]].","{""is_modifier"": true, ""softens_harshness"": 4, ""formality"": 4, ""degree"": 2}",4.0,4.0,2.0,4.0
very,totally unacceptable and very rude behavior.,"{""is_modifier"": true, ""softens_harshness"": 0, ""formality"": 5, ""degree"": 5}",0.0,5.0,5.0,0.0
mostly," Places were indeed renamed (and we have mostly taken care of this), but railway stations and hromadas were not.","{""is_modifier"": true, ""softens_harshness"": 6, ""formality"": 5, ""degree"": 5}",6.0,5.0,5.0,6.0
pretty," Hence, you introduced disinformation to the articles, which is up to now pretty much your only contribution.","{""is_modifier"": true, ""softens_harshness"": 6, ""formality"": 3, ""degree"": 4}",6.0,3.0,4.0,6.0
kind of," And and someone that use this/ And people who choose to abuse something like this and two of them have to do something like this, they are so wrong, it's just with people when they try to abuse things like this and try to use some kind of power, it just sends always going beyond themselves in the end, I might be able to find a simple one so you can see it with your own eyes I just have to find it for the same user who has used this method to scare other people and think they must do this but it is only an administrator can do this, you can't and I can't either.","{""is_modifier"": true, ""softens_harshness"": 6, ""formality"": 4, ""degree"": 0}",6.0,4.0,0.0,6.0
very, Similarly duplicating information across multiple articles is a bad idea as it makes it very difficult for information to be kept up to date and it is very hard for readers to navigate.,"{""is_modifier"": true, ""softens_harshness"": 4, ""formality"": 5, ""degree"": 5}",4.0,5.0,5.0,4.0
a bit,"Now you can see all of those flags that is a reason why they are here, I hope you have a bit understanding for it now, and also there are peoples and person’s as well.","{""is_modifier"": true, ""softens_harshness"": 7, ""formality"": 3, ""degree"": 4}",7.0,3.0,4.0,7.0
partially," If you continue to add them to articles, you will likely be blocked completely (as you already partially are, apparently for ignoring warnings).","{""is_modifier"": true, ""softens_harshness"": 7, ""formality"": 6, ""degree"": 5}",7.0,6.0,5.0,7.0
a bit," Because one single brick is not enough but all of them together that is a history of all of those pieces together one only a bit of history but still very important for history and events from time periods in history, just like World War II everywhere, but also in Denmark.","{""is_modifier"": true, ""softens_harshness"": 5, ""formality"": 3, ""degree"": 5}",5.0,3.0,5.0,5.0
very," Because one single brick is not enough but all of them together that is a history of all of those pieces together one only a bit of history but still very important for history and events from time periods in history, just like World War II everywhere, but also in Denmark.","{""is_modifier"": true, ""softens_harshness"": 5, ""formality"": 5, ""degree"": 5}",5.0,5.0,5.0,5.0
very,"Just to let you know, the ""all-caps"" material was from the [[National Weather Service]] (see source linked at bottom), I was rewriting it, since an ''exact'' copy of the NWS isn't very encyclopedic.","{""is_modifier"": true, ""softens_harshness"": 7, ""formality"": 5, ""degree"": 3}",7.0,5.0,3.0,7.0
very,":I am aware that the material comes from NOAA which is public domain, but it still needs to be attributed, and unless there is a very good reason , all-caps isn't acceptable.","{""is_modifier"": true, ""softens_harshness"": 4, ""formality"": 5, ""degree"": 4}",4.0,5.0,4.0,4.0
fairly,":I urge you to post there, explain your position relative to Daniel McCoy, and I am fairly certain you will get advice that discourages you from writing such an article.","{""is_modifier"": true, ""softens_harshness"": 7, ""formality"": 5, ""degree"": 5}",7.0,5.0,5.0,7.0
very,Background: I am developing what will be a very comprehensive article on Tom O'Malley (the founder of the modern independent refining industry).,"{""is_modifier"": true, ""softens_harshness"": 5, ""formality"": 4, ""degree"": 5}",5.0,4.0,5.0,5.0
relatively, I grabbed parts of a relatively weak (and 25-year-old stale article from Encyclopedia.,"{""is_modifier"": true, ""softens_harshness"": 7, ""formality"": 6, ""degree"": 4}",7.0,6.0,4.0,7.0
a bit,com (which surprised me given that it was a draft as patrolling drafts seems a bit odd).,"{""is_modifier"": true, ""softens_harshness"": 8, ""formality"": 3, ""degree"": 5}",8.0,3.0,5.0,8.0
a bit, This seems a bit counterintuitive to me.,"{""is_modifier"": true, ""softens_harshness"": 8, ""formality"": 4, ""degree"": 4}",8.0,4.0,4.0,8.0
quite, If that's your assumption it is quite incorrect.,"{""is_modifier"": true, ""softens_harshness"": 4, ""formality"": 7, ""degree"": 5}",4.0,7.0,5.0,4.0
largely," When done, take a look at the original source on the chance your memory is so good you managed to largely reproduce it.","{""is_modifier"": true, ""softens_harshness"": 5, ""formality"": 5, ""degree"": 5}",5.0,5.0,5.0,5.0
very,::::Thank you very much for the assistance and support!,"{""is_modifier"": true, ""softens_harshness"": 5, ""formality"": 6, ""degree"": 5}",5.0,6.0,5.0,5.0
a little,":Contributing to Wikipedia is a little bit harder than some realize, because it means you have to write the information in your own words (with some rare exceptions such as identified short quotes, and material from some public domain sources.","{""is_modifier"": true, ""softens_harshness"": 7, ""formality"": 4, ""degree"": 5}",7.0,4.0,5.0,7.0
very,"While the very lightly edited machine translation was adequate for my purposes on StackExchange, it needs a complete rewrite in my own words for easier comprehension on Wikipedia, which was what I was in the midst of.","{""is_modifier"": true, ""softens_harshness"": 5, ""formality"": 5, ""degree"": 5}",5.0,5.0,5.0,5.0
quite, I just wanted to let you know that one or more of [[Special:Contributions/125.164.23.28|your recent contributions]] were not quite right.,"{""is_modifier"": true, ""softens_harshness"": 9, ""formality"": 7, ""degree"": 4}",9.0,7.0,4.0,9.0
really,": {{ping|DACartman}} An immediate ""only warning"" of a likely block to an editor who has only just started editing is not appropriate except in the case of really seriously objectionable content.","{""is_modifier"": true, ""softens_harshness"": 4, ""formality"": 4, ""degree"": 4}",4.0,4.0,4.0,4.0
very,": You are, of course, very welcome to start making contributions to the encyclopaedia, on subjects unrelated to yourself, in line with [[Wikipedia:policies and guidelines|Wikipedia policies and guidelines]], if you are interested in doing so, but if you wish to publish your personal ideas, then there are many web sites which provide that sort of service, but Wikipedia is not one of them.","{""is_modifier"": true, ""softens_harshness"": 8, ""formality"": 6, ""degree"": 3}",8.0,6.0,3.0,8.0
very,Thank you very much for responding to my query.,"{""is_modifier"": true, ""softens_harshness"": 5, ""formality"": 6, ""degree"": 5}",5.0,6.0,5.0,5.0
a bit," If this is not what you mean, could you be a bit more specific about the topic?","{""is_modifier"": true, ""softens_harshness"": 8, ""formality"": 4, ""degree"": 4}",8.0,4.0,4.0,8.0
somewhat,":* I am somewhat concerned about [[:File:Facebook video 353179055517759 — копия.mp3]], which you cite in the article.","{""is_modifier"": true, ""softens_harshness"": 8, ""formality"": 7, ""degree"": 4}",8.0,7.0,4.0,8.0
somewhat,":* The writing looks somewhat approachable, but has some informal writing.","{""is_modifier"": true, ""softens_harshness"": 7, ""formality"": 6, ""degree"": 5}",7.0,6.0,5.0,7.0
very,I’m very new at this.,"{""is_modifier"": true, ""softens_harshness"": 6, ""formality"": 5, ""degree"": 5}",6.0,5.0,5.0,6.0
really," If you really want to write things and save them without publishing them to Wikipedia, you can write in a word processor and copy/paste it later.","{""is_modifier"": true, ""softens_harshness"": 5, ""formality"": 4, ""degree"": 4}",5.0,4.0,4.0,5.0
very,I would be very happy to hear you advice and suggestions!,"{""is_modifier"": true, ""softens_harshness"": 5, ""formality"": 5, ""degree"": 5}",5.0,5.0,5.0,5.0
pretty," As it is pretty standard, you may also insert a box with the main image and basic information.","{""is_modifier"": true, ""softens_harshness"": 6, ""formality"": 2, ""degree"": 4}",6.0,2.0,4.0,6.0
very,::Thank you very much @[[User:ObserveOwl|ObserveOwl]]!,"{""is_modifier"": true, ""softens_harshness"": 5, ""formality"": 6, ""degree"": 5}",5.0,6.0,5.0,5.0
very,::@ObserveOwl: Thank you very much for your detailed and clear response.,"{""is_modifier"": true, ""softens_harshness"": 5, ""formality"": 6, ""degree"": 5}",5.0,6.0,5.0,5.0
extremely, It was extremely helpful.,"{""is_modifier"": true, ""softens_harshness"": 5, ""formality"": 5, ""degree"": 5}",5.0,5.0,5.0,5.0
very,::I would be very grateful if you could review it at your convenience and provide any feedback on its structure or content.,"{""is_modifier"": true, ""softens_harshness"": 6, ""formality"": 6, ""degree"": 5}",6.0,6.0,5.0,6.0
extremely, I would be extremely grateful if you could take another brief look at it with the new sources added.,"{""is_modifier"": true, ""softens_harshness"": 7, ""formality"": 7, ""degree"": 5}",7.0,7.0,5.0,7.0
very," These include editing articles in the same narrow topic, similar typing style or mistakes, having knowledge of Wikipedia process as a very new account (note that a new user could have gotten outside guidance or edited under an unregistered account previously), the times of the day or days of the week they both edit, etc.","{""is_modifier"": true, ""softens_harshness"": 5, ""formality"": 5, ""degree"": 5}",5.0,5.0,5.0,5.0
very," Taking two sources as examples: ''[https://timesofindia.indiatimes.com/city/patna/bihar-govt-steps-up-vigil-to-monitor-midday-meals-in-schools/articleshow/97812095.cms Times of India]'' mentions Jha, but describes him very briefly; similarly, ''[https://www.telegraphindia.com/bihar/freshers-weave-fashion-dreams/cid/365910 The Telegraph India]'' only mentions him once.","{""is_modifier"": true, ""softens_harshness"": 5, ""formality"": 5, ""degree"": 5}",5.0,5.0,5.0,5.0
very," Interviews in a very simple and plain ""question and answer"" format are hard to use for notability, while more investigative and analytical reporting like ''[[60 Minutes]]'' can be strong indicators of notability.","{""is_modifier"": true, ""softens_harshness"": 4, ""formality"": 4, ""degree"": 5}",4.0,4.0,5.0,4.0
mostly,") However, articles should mostly rely on reliable [[WP:secondary|secondary]]/independent sources like books or newspapers whenever possible.","{""is_modifier"": true, ""softens_harshness"": 8, ""formality"": 5, ""degree"": 5}",8.0,5.0,5.0,8.0
really," ''You can't resubmit something without changing anything, and you really can't resubmit this.","{""is_modifier"": true, ""softens_harshness"": 4, ""formality"": 4, ""degree"": 3}",4.0,4.0,3.0,4.0
quite," This doesn't imply there's anything wrong with anything you did, it's just that because of constant disruption in this topic area, the arbitration committee has placed special protections on this topic, and the community is quite strict about enforcing contentious topic restrictions.","{""is_modifier"": true, ""softens_harshness"": 6, ""formality"": 7, ""degree"": 4}",6.0,7.0,4.0,6.0
very,:::Thank you very much.,"{""is_modifier"": true, ""softens_harshness"": 5, ""formality"": 6, ""degree"": 5}",5.0,6.0,5.0,5.0
fairly," Since the topic was covered in Nature Magazine, which is fairly prestigious journal, the mentioned rule could apply to Systems Education as well.","{""is_modifier"": true, ""softens_harshness"": 6, ""formality"": 5, ""degree"": 4}",6.0,5.0,4.0,6.0
quite," If you were to be so kind, would you mind my inquiring about some potential sources on a certain page which has proven to be quite controversial and contentious?","{""is_modifier"": true, ""softens_harshness"": 6, ""formality"": 7, ""degree"": 4}",6.0,7.0,4.0,6.0
very," We do, and can tell you very plainly, this entire article diminishes the culpability of blacks at every turn placing the blame on historical grievances and providing false statements from first paragraph to the last.","{""is_modifier"": true, ""softens_harshness"": 3, ""formality"": 5, ""degree"": 5}",3.0,5.0,5.0,3.0
very," However, I very highly disagree with your assertion that the purpose of this article is in any way meant to absolve blacks.","{""is_modifier"": true, ""softens_harshness"": 3, ""formality"": 5, ""degree"": 4}",3.0,5.0,4.0,3.0
very,":::Hey Doug, just so you are aware there is a very solid and rational case to be made regarding certain races and the likelihood for them to commit crimes.","{""is_modifier"": true, ""softens_harshness"": 4, ""formality"": 5, ""degree"": 5}",4.0,5.0,5.0,4.0
largely, It is an intensely unpleasant point of view and therefore largely disregarded as pseduoscience by many.,"{""is_modifier"": true, ""softens_harshness"": 6, ""formality"": 6, ""degree"": 5}",6.0,6.0,5.0,6.0
very,":::Regarding the removal of your comment, I was still editing the RfC when you (very quickly, I might add.","{""is_modifier"": true, ""softens_harshness"": 4, ""formality"": 5, ""degree"": 5}",4.0,5.0,5.0,4.0
very,"'''You do not need to do anything about this''' - if you are happy to not receive Feedback Request Service messages, thank you very much for your contributions in the past, and this will be the last you hear from the service.","{""is_modifier"": true, ""softens_harshness"": 7, ""formality"": 6, ""degree"": 4}",7.0,6.0,4.0,7.0
very,I am very Honored to have you as my mentor.,"{""is_modifier"": true, ""softens_harshness"": 5, ""formality"": 5, ""degree"": 5}",5.0,5.0,5.0,5.0
very,"I came across the listing and responded, but decided to page you because I'm not very knowledgeable on editing film stuff in WP, and thought someone more experienced might be of help.","{""is_modifier"": true, ""softens_harshness"": 7, ""formality"": 5, ""degree"": 4}",7.0,5.0,4.0,7.0
very," You ""GUYS"" to now make some very ""poor mistakes.","{""is_modifier"": true, ""softens_harshness"": 3, ""formality"": 5, ""degree"": 5}",3.0,5.0,5.0,3.0
very, I am very inundated for what is going on in Boxing modern hour.,"{""is_modifier"": true, ""softens_harshness"": 5, ""formality"": 4, ""degree"": 5}",5.0,4.0,5.0,5.0
very, This occurred with my very first attempt at editing so I am at a loss.,"{""is_modifier"": true, ""softens_harshness"": 5, ""formality"": 5, ""degree"": 0}",5.0,5.0,0.0,5.0
relatively,I just made a relatively small edit to the page Unsuccessful nominations to the Cabinet of the United States.,"{""is_modifier"": true, ""softens_harshness"": 6, ""formality"": 7, ""degree"": 4}",6.0,7.0,4.0,6.0
very, I find it very difficult to accept your username as a big coincidence and that you have no relation to the company of the same name.,"{""is_modifier"": true, ""softens_harshness"": 3, ""formality"": 5, ""degree"": 5}",3.0,5.0,5.0,3.0
really,":::::If you do not own copyright for the photo and took it from somewhere else, you really need to take it down ASAP as it's a copyright violation.","{""is_modifier"": true, ""softens_harshness"": 4, ""formality"": 4, ""degree"": 3}",4.0,4.0,3.0,4.0
a bit," Right now we're a bit stuck because we don't have any answers, only red flags.","{""is_modifier"": true, ""softens_harshness"": 8, ""formality"": 4, ""degree"": 4}",8.0,4.0,4.0,8.0
quite, I just wanted to let you know that one or more of [[Special:Contributions/Kasztan20|your recent contributions]] were not quite right.,"{""is_modifier"": true, ""softens_harshness"": 8, ""formality"": 6, ""degree"": 4}",8.0,6.0,4.0,8.0
quite, I just wanted to let you know that one or more of [[Special:Contributions/Elmin Mvv|your recent contributions]] were not quite right.,"{""is_modifier"": true, ""softens_harshness"": 8, ""formality"": 6, ""degree"": 4}",8.0,6.0,4.0,8.0
mostly, I have tried to mostly use web links of resources that are easier for anyone to review its authenticity.,"{""is_modifier"": true, ""softens_harshness"": 6, ""formality"": 5, ""degree"": 5}",6.0,5.0,5.0,6.0
really, I would really appreciate it if you could kindly give me some feedback to make it better.,"{""is_modifier"": true, ""softens_harshness"": 6, ""formality"": 4, ""degree"": 5}",6.0,4.0,5.0,6.0
very,":@[[User:CSMention269|CSMention269]] Hey, thank you very much for taking the time to review my article.","{""is_modifier"": true, ""softens_harshness"": 6, ""formality"": 6, ""degree"": 5}",6.0,6.0,5.0,6.0
mostly, Since followers of this Hindu Bengali religious figure is based mostly in Bangladesh and West Bengal in India most of the news articles and books are written in Bengali.,"{""is_modifier"": true, ""softens_harshness"": 5, ""formality"": 5, ""degree"": 5}",5.0,5.0,5.0,5.0
really, I would really appreciate your advice since there unfortunately are not that many really big sources like NY Times or Huffington Post that cover individuals like this.,"{""is_modifier"": true, ""softens_harshness"": 6, ""formality"": 4, ""degree"": 5}",6.0,4.0,5.0,6.0
really, It really helps the readers to know about the biography.,"{""is_modifier"": true, ""softens_harshness"": 5, ""formality"": 4, ""degree"": 4}",5.0,4.0,4.0,5.0
really,"::::Thank you very much @[[User:CSMention269|CSMention269]] for your detailed response, I really appreciate it!","{""is_modifier"": true, ""softens_harshness"": 6, ""formality"": 4, ""degree"": 5}",6.0,4.0,5.0,6.0
very,"::::Thank you very much @[[User:CSMention269|CSMention269]] for your detailed response, I really appreciate it!","{""is_modifier"": true, ""softens_harshness"": 5, ""formality"": 6, ""degree"": 5}",5.0,6.0,5.0,5.0
a bit,":::::Hi again @[[User:CSMention269|CSMention269]], I have just reformatted it a bit and added a few more notable resources including Times of India and Telegraph India.","{""is_modifier"": true, ""softens_harshness"": 7, ""formality"": 3, ""degree"": 4}",7.0,3.0,4.0,7.0
quite, I just wanted to let you know that one or more of [[Special:Contributions/159.192.42.220|your recent contributions]] were not quite right.,"{""is_modifier"": true, ""softens_harshness"": 8, ""formality"": 7, ""degree"": 4}",8.0,7.0,4.0,8.0
mostly,"::It's fine, I mostly get snotty about that with people who are wasting my time with wanting to undelete non-notable spam.","{""is_modifier"": true, ""softens_harshness"": 7, ""formality"": 5, ""degree"": 4}",7.0,5.0,4.0,7.0
slightly,"in/en/node/328, #64 with a slightly variant spelling.","{""is_modifier"": true, ""softens_harshness"": 5, ""formality"": 5, ""degree"": 5}",5.0,5.0,5.0,5.0
rather,":Unfortunately I'm a rather flaky collaborator so I have to politely decline, I don't like making commitments I'm unlikely to keep.","{""is_modifier"": true, ""softens_harshness"": 7, ""formality"": 7, ""degree"": 4}",7.0,7.0,4.0,7.0
really," And I know this sounds terribly territorial, but the McQueen FT has been my pet project for a few years now and I've got a solid process going so I don't really need assistance with it.","{""is_modifier"": true, ""softens_harshness"": 8, ""formality"": 4, ""degree"": 2}",8.0,4.0,2.0,8.0
very,"::::Very, very gently, and with every appreciation for your enthusiasm, I think that is unlikely to happen.","{""is_modifier"": true, ""softens_harshness"": 8, ""formality"": 5, ""degree"": 5}",8.0,5.0,5.0,8.0
really," I really mean it when I say I'm a terrible flake, and also I really want to focus on the McQueen project for the foreseeable future.","{""is_modifier"": true, ""softens_harshness"": 4, ""formality"": 4, ""degree"": 4}",4.0,4.0,4.0,4.0
very,"Seriously, I thank you sincerely for your commitment to helping me achieve this goal I've had for a very long time.","{""is_modifier"": true, ""softens_harshness"": 5, ""formality"": 5, ""degree"": 5}",5.0,5.0,5.0,5.0
very,"::Hey man, I'm very sorry to be this blunt, but I am not going to do that.","{""is_modifier"": true, ""softens_harshness"": 7, ""formality"": 6, ""degree"": 5}",7.0,6.0,5.0,7.0
really," Much of what I said about the depth of your reviews [[User talk:MSincccc/Archive 2#FAC/PR comments|here]] still stands, and the level of critique you're able to provide isn't really of much help to me in terms of article development, which winds up being frustrating I think for both of us.","{""is_modifier"": true, ""softens_harshness"": 7, ""formality"": 4, ""degree"": 1}",7.0,4.0,1.0,7.0
really," For whatever reason, I am really into [[:File:McQueen, Musée des beaux-arts - 12 (cropped).jpg|the lead image]], but I also find the collection as a whole to be really fascinating.","{""is_modifier"": true, ""softens_harshness"": 5, ""formality"": 3, ""degree"": 4}",5.0,3.0,4.0,5.0
really," It's a really lovely outfit, isn't it?","{""is_modifier"": true, ""softens_harshness"": 5, ""formality"": 4, ""degree"": 5}",5.0,4.0,5.0,5.0
really," For whatever reason, I've always really liked the character, and I wish she got more development.","{""is_modifier"": true, ""softens_harshness"": 5, ""formality"": 4, ""degree"": 5}",5.0,4.0,5.0,5.0
very, I've always loved working on fictional character articles so I am very much enjoying doing this.,"{""is_modifier"": true, ""softens_harshness"": 5, ""formality"": 5, ""degree"": 5}",5.0,5.0,5.0,5.0
mostly," I mostly enjoyed the comics, and I have collected some from different eras of their publication.","{""is_modifier"": true, ""softens_harshness"": 6, ""formality"": 5, ""degree"": 5}",6.0,5.0,5.0,6.0
a bit," After blasting through 10 FACs last year I decided to cool it a bit and worry about getting all the McQueen articles to GA first, and only do FAC when I feel like it.","{""is_modifier"": true, ""softens_harshness"": 7, ""formality"": 4, ""degree"": 4}",7.0,4.0,4.0,7.0
really,":Thank you Bearian, I really appreciate that.","{""is_modifier"": true, ""softens_harshness"": 6, ""formality"": 4, ""degree"": 5}",6.0,4.0,5.0,6.0
mostly, that the runway show for '''''[[Scanners (Alexander McQueen collection)|Scanners]]''''' by [[Alexander McQueen]] concluded with a mostly nude model struggling through an artificial snowstorm in a wind tunnel?,"{""is_modifier"": true, ""softens_harshness"": 7, ""formality"": 5, ""degree"": 5}",7.0,5.0,5.0,7.0
very," And I was ""hung up"" on a dismissive attitude when some piece of information was removed from wikipedia, see the very beginning of this page.","{""is_modifier"": true, ""softens_harshness"": 5, ""formality"": 5, ""degree"": 3}",5.0,5.0,3.0,5.0
really,"Regarding the creek itself, I dont really care, what is more, some time ago I was going to start merging all these rivulets into articles of kind [[Russian River drainage basin]], but later cooled down.","{""is_modifier"": true, ""softens_harshness"": 8, ""formality"": 4, ""degree"": 2}",8.0,4.0,2.0,8.0
quite," If you'd bothered to look, you'd notice that at the time, I'd been upmerging these dinky little GEOFEAT-failing creeks for quite awhile with zero objections.","{""is_modifier"": true, ""softens_harshness"": 4, ""formality"": 6, ""degree"": 4}",4.0,6.0,4.0,4.0
pretty,:I think it's pretty low risk.,"{""is_modifier"": true, ""softens_harshness"": 6, ""formality"": 3, ""degree"": 4}",6.0,3.0,4.0,6.0
very," It's blanked and in userspace, which is noindexed by default (and which has been doubly noindexed with the {{tl|intentionally blank}} template), so IMO it's very unlikely that any random person searching for ""Paul Drago"" will find it and will know to look in the history for what used to be on the page.","{""is_modifier"": true, ""softens_harshness"": 5, ""formality"": 5, ""degree"": 4}",5.0,5.0,4.0,5.0
really," Vati isn't really active these days, so I don't think he'd be too fussed if it did get deleted (and I'm certainly not gonna stop you), but I don't really know that it's worth taking action on.","{""is_modifier"": true, ""softens_harshness"": 8, ""formality"": 4, ""degree"": 3}",8.0,4.0,3.0,8.0
really, I really and truly don't have any intention of doing anything about anything you choose to do about it.,"{""is_modifier"": true, ""softens_harshness"": 4, ""formality"": 4, ""degree"": 3}",4.0,4.0,3.0,4.0
really," I really don't think this requires ""stunned amazement"", but for the third time, if you think it should be deleted, feel free to use your trusted servant tools.","{""is_modifier"": true, ""softens_harshness"": 4, ""formality"": 4, ""degree"": 3}",4.0,4.0,3.0,4.0
a bit,"* This is admittedly a bit late, but congratulations on the FA promotion and for the recent TFA.","{""is_modifier"": true, ""softens_harshness"": 8, ""formality"": 4, ""degree"": 5}",8.0,4.0,5.0,8.0
really,":Thanks man, I really appreciate it.","{""is_modifier"": true, ""softens_harshness"": 7, ""formality"": 5, ""degree"": 5}",7.0,5.0,5.0,7.0
really,:::That's really exciting!,"{""is_modifier"": true, ""softens_harshness"": 5, ""formality"": 4, ""degree"": 5}",5.0,4.0,5.0,5.0
really,::::::::MaranoFan really is the 🐐 for those.,"{""is_modifier"": true, ""softens_harshness"": 5, ""formality"": 4, ""degree"": 2}",5.0,4.0,2.0,5.0
a little," Truth be told I'm getting a little tired of working on McQueen, but I really want to finish getting the articles up before I take a break.","{""is_modifier"": true, ""softens_harshness"": 8, ""formality"": 4, ""degree"": 5}",8.0,4.0,5.0,8.0
really," Truth be told I'm getting a little tired of working on McQueen, but I really want to finish getting the articles up before I take a break.","{""is_modifier"": true, ""softens_harshness"": 4, ""formality"": 4, ""degree"": 4}",4.0,4.0,4.0,4.0
very," I have already received a very helpful review, which I am very grateful for, but I am trying to get as much feedback as possible before a FAC.","{""is_modifier"": true, ""softens_harshness"": 5, ""formality"": 5, ""degree"": 5}",5.0,5.0,5.0,5.0
slightly,":Nope, not even slightly, cheers.","{""is_modifier"": true, ""softens_harshness"": 4, ""formality"": 5, ""degree"": 5}",4.0,5.0,5.0,4.0
mostly, It's mostly more annoying than it's worth.,"{""is_modifier"": true, ""softens_harshness"": 7, ""formality"": 5, ""degree"": 4}",7.0,5.0,4.0,7.0
really,I'd be really grateful for suggestions - or links to other career-span articles that you think do it well.,"{""is_modifier"": true, ""softens_harshness"": 6, ""formality"": 4, ""degree"": 5}",6.0,4.0,5.0,6.0
a bit, I just thought it's a bit much to make a reader jump through hoops to get to the article.,"{""is_modifier"": true, ""softens_harshness"": 8, ""formality"": 4, ""degree"": 4}",8.0,4.0,4.0,8.0
reasonably," I don't know if this is something that happens with other people or just with me, but having to explain and re-explain what feel like reasonably clear statements really distracts from any possibility of productive discussion.","{""is_modifier"": true, ""softens_harshness"": 7, ""formality"": 6, ""degree"": 4}",7.0,6.0,4.0,7.0
really," I don't know if this is something that happens with other people or just with me, but having to explain and re-explain what feel like reasonably clear statements really distracts from any possibility of productive discussion.","{""is_modifier"": true, ""softens_harshness"": 4, ""formality"": 4, ""degree"": 3}",4.0,4.0,3.0,4.0
somewhat, The collection has attracted somewhat less retrospective attention than his other shows; what little academic consideration there is of this collection mainly concerns the question of whether McQueen was committing cultural appropriation.,"{""is_modifier"": true, ""softens_harshness"": 7, ""formality"": 6, ""degree"": 4}",7.0,6.0,4.0,7.0
very, The subject is very topical in the Australian advertising industry right now.,"{""is_modifier"": true, ""softens_harshness"": 5, ""formality"": 5, ""degree"": 5}",5.0,5.0,5.0,5.0
a bit," Fresh off of the watery theatrics of Untitled, Alexander McQueen decides he's going to rein it in a bit with Joan.","{""is_modifier"": true, ""softens_harshness"": 7, ""formality"": 4, ""degree"": 5}",7.0,4.0,5.0,7.0
very,":Cheers, that's very sweet :) &spades;[[User:Premeditated Chaos|PMC]]&spades; [[User_talk:Premeditated Chaos|(talk)]] 18:59, 23 November 2025 (UTC)","{""is_modifier"": true, ""softens_harshness"": 6, ""formality"": 5, ""degree"": 5}",6.0,5.0,5.0,6.0
mostly,"::::::You know, every single day, a few admins (mostly Explicit and I) delete dozens of broken redirects that are leftovers from page deletions.","{""is_modifier"": true, ""softens_harshness"": 5, ""formality"": 5, ""degree"": 4}",5.0,5.0,4.0,5.0
really,:::::::I don't really get why you have time to argue about this at such length but not the time to click a few buttons.,"{""is_modifier"": true, ""softens_harshness"": 7, ""formality"": 4, ""degree"": 2}",7.0,4.0,2.0,7.0
very,"1em;"" | '''A very happy Christmas and New Year to you!","{""is_modifier"": true, ""softens_harshness"": 5, ""formality"": 6, ""degree"": 5}",5.0,6.0,5.0,5.0
very, }}</nowiki></code> Thank you very much for your kind response.,"{""is_modifier"": true, ""softens_harshness"": 6, ""formality"": 7, ""degree"": 5}",6.0,7.0,5.0,6.0
very, Please be VERY careful when doing so as you introduced errors into a number of pages.,"{""is_modifier"": true, ""softens_harshness"": 3, ""formality"": 5, ""degree"": 5}",3.0,5.0,5.0,3.0
very,":::I will be very careful next time, sorry.","{""is_modifier"": true, ""softens_harshness"": 6, ""formality"": 5, ""degree"": 5}",6.0,5.0,5.0,6.0
very,"-- Template:uw-vandalism1 --><b>[[User:Yoshi24517|<span style=""color:#00c700;font-family:'Rockwell'"">Yoshi24517</span>]] ([[User talk:Yoshi24517|<span style=""color:black;font-family:'Rockwell'"">Chat</span>]]) (<span style=""color:red;font-family:'Rockwell'"">Very Busy</span>)</b> 20:17, 13 March 2025 (UTC)","{""is_modifier"": true, ""softens_harshness"": 5, ""formality"": 5, ""degree"": 5}",5.0,5.0,5.0,5.0
very, There seems to be very little on Wikipedia.,"{""is_modifier"": true, ""softens_harshness"": 4, ""formality"": 5, ""degree"": 5}",4.0,5.0,5.0,4.0
very, I am a very new volunteer.,"{""is_modifier"": true, ""softens_harshness"": 5, ""formality"": 5, ""degree"": 5}",5.0,5.0,5.0,5.0
very," I noticed that you made a comment on the page [[:Talk:Grover Cleveland]] that didn't seem very [[Wikipedia:Civility|civil]], so it may have been removed.","{""is_modifier"": true, ""softens_harshness"": 8, ""formality"": 6, ""degree"": 4}",8.0,6.0,4.0,8.0
quite, I just wanted to let you know that one or more of [[Special:Contributions/103.212.162.89|your recent contributions]] were not quite right.,"{""is_modifier"": true, ""softens_harshness"": 8, ""formality"": 6, ""degree"": 4}",8.0,6.0,4.0,8.0
very," You have citations, banning me was very bad decision and You know that.","{""is_modifier"": true, ""softens_harshness"": 2, ""formality"": 5, ""degree"": 5}",2.0,5.0,5.0,2.0
a bit,"  There may be a bit of significant secondary coverage among all the references, but every source I checked was either primary (e.","{""is_modifier"": true, ""softens_harshness"": 7, ""formality"": 4, ""degree"": 4}",7.0,4.0,4.0,7.0
very," On behalf of the [[WP:Birthday Committee|Birthday Committee]], I'd like to wish you a very happy  birthday!","{""is_modifier"": true, ""softens_harshness"": 5, ""formality"": 6, ""degree"": 5}",5.0,6.0,5.0,5.0
kind of," not as bad as something like ""Actual Jeff Bezos,"" but still kind of iffy.","{""is_modifier"": true, ""softens_harshness"": 8, ""formality"": 3, ""degree"": 4}",8.0,3.0,4.0,8.0
really,  There's plenty to work on and I could really use a hand.,"{""is_modifier"": true, ""softens_harshness"": 6, ""formality"": 4, ""degree"": 4}",6.0,4.0,4.0,6.0
really,"[[File:Information.svg|25px|alt=Information icon]] Before adding a category to an article, as you did to [[:Campus Special Investigator Hikaruon]], please make sure that the subject of the article really belongs in the category that you specified according to Wikipedia's [[Wikipedia:Categorization|categorization guidelines]].","{""is_modifier"": true, ""softens_harshness"": 4, ""formality"": 4, ""degree"": 2}",4.0,4.0,2.0,4.0
a bit,"E,” is a bit more in-depth than the production itself.","{""is_modifier"": true, ""softens_harshness"": 7, ""formality"": 4, ""degree"": 5}",7.0,4.0,5.0,7.0
really," It really is beautiful, grand, yet subtle; as complex as a symphony, yet as easy as acoustic soul.","{""is_modifier"": true, ""softens_harshness"": 5, ""formality"": 4, ""degree"": 4}",5.0,4.0,4.0,5.0
somewhat," And although the music is somewhat exotic, “THE S.","{""is_modifier"": true, ""softens_harshness"": 6, ""formality"": 6, ""degree"": 4}",6.0,6.0,4.0,6.0
very," Run of the mill, very small organization that might be defunct.","{""is_modifier"": true, ""softens_harshness"": 4, ""formality"": 5, ""degree"": 5}",4.0,5.0,5.0,4.0
really," I still want to get it to GA status, and any help would be really appreciated <span style=""text-shadow:#000 0em 0em 1em"">[[Special:Contributions/Abo_Yemen|<span style=""color:#000"">𐩣𐩫𐩧𐩨</span>]]&nbsp;[[User:Abo Yemen|<span style=""color:#CD0000"">Abo Yemen</span>]] ([[User talk:Abo Yemen|<span style=""color:#000"">𓃵</span>]])</span> 10:16, 9 July 2025 (UTC)","{""is_modifier"": true, ""softens_harshness"": 6, ""formality"": 4, ""degree"": 5}",6.0,4.0,5.0,6.0
fairly," I haven't gone through them yet, but I'm fairly sure some that aren't currently cited in the article will have relevant material.","{""is_modifier"": true, ""softens_harshness"": 6, ""formality"": 5, ""degree"": 4}",6.0,5.0,4.0,6.0
very, Past consensus has been that we have very high standards for slogans at AfD.,"{""is_modifier"": true, ""softens_harshness"": 5, ""formality"": 5, ""degree"": 5}",5.0,5.0,5.0,5.0
a bit," I think that it is a bit disingenuous for you to come here and write this whole rant about our high standards or something when that article listed for deletion is clearly made using the help of ai <span style=""text-shadow:#000 0em 0em 1em"">[[Special:Contributions/Abo_Yemen|<span style=""color:#000"">𐩣𐩫𐩧𐩨</span>]]&nbsp;[[User:Abo Yemen|<span style=""color:#CD0000"">Abo Yemen</span>]] ([[User talk:Abo Yemen|<span style=""color:#000"">𓃵</span>]])</span> 06:51, 3 August 2025 (UTC)","{""is_modifier"": true, ""softens_harshness"": 8, ""formality"": 4, ""degree"": 4}",8.0,4.0,4.0,8.0
partially," He is the one who inserted the content on [[Special:Diff/1334621509|24 January]], which I later partially reverted.","{""is_modifier"": true, ""softens_harshness"": 7, ""formality"": 6, ""degree"": 5}",7.0,6.0,5.0,7.0
a bit,"if you are interested sending any other pages created by sock BasselHarfouch to AfD or as G5 speedy deletions, below is a list of new pages they created along with the current authorship percentages (using both tokens and characters as they can vary a bit).","{""is_modifier"": true, ""softens_harshness"": 6, ""formality"": 3, ""degree"": 5}",6.0,3.0,5.0,6.0
very,":Thank you, this is very helpful.","{""is_modifier"": true, ""softens_harshness"": 5, ""formality"": 5, ""degree"": 5}",5.0,5.0,5.0,5.0
a bit," I'm a bit confused, because dozens of other articles by BasselHarfouch have already been deleted under G5 by other administrators.","{""is_modifier"": true, ""softens_harshness"": 8, ""formality"": 4, ""degree"": 4}",8.0,4.0,4.0,8.0
really,":I don't think G5 really makes sense in general, but it is what it is.","{""is_modifier"": true, ""softens_harshness"": 7, ""formality"": 4, ""degree"": 2}",7.0,4.0,2.0,7.0
very,""" in response to '''serious''' messages very mature.","{""is_modifier"": true, ""softens_harshness"": 5, ""formality"": 5, ""degree"": 5}",5.0,5.0,5.0,5.0
quite, In my opinion this is quite silly.,"{""is_modifier"": true, ""softens_harshness"": 6, ""formality"": 7, ""degree"": 5}",6.0,7.0,5.0,6.0
a little," Funny thing is I'm not even white, it was just so such a reprehensible comment imo) and I just wanted to have a little fun in a conversation with Vallee, I didn't think they'd get so offended by it that they'd research my entire history in under half an hour just to get me blocked.","{""is_modifier"": true, ""softens_harshness"": 7, ""formality"": 4, ""degree"": 4}",7.0,4.0,4.0,7.0
slightly, I've kept to mostly editing non or slightly controversial articles where I have extensive knowledge in in order to avoid literally this exact scenario.,"{""is_modifier"": true, ""softens_harshness"": 7, ""formality"": 5, ""degree"": 5}",7.0,5.0,5.0,7.0
mostly, I've kept to mostly editing non or slightly controversial articles where I have extensive knowledge in in order to avoid literally this exact scenario.,"{""is_modifier"": true, ""softens_harshness"": 7, ""formality"": 5, ""degree"": 4}",7.0,5.0,4.0,7.0
very, The feedback about the lead section and the sources were very helpful.,"{""is_modifier"": true, ""softens_harshness"": 5, ""formality"": 5, ""degree"": 5}",5.0,5.0,5.0,5.0
really, i was just really passionate about the game.,"{""is_modifier"": true, ""softens_harshness"": 5, ""formality"": 4, ""degree"": 5}",5.0,4.0,5.0,5.0
pretty,:You're pretty quick there Taggy.,"{""is_modifier"": true, ""softens_harshness"": 6, ""formality"": 3, ""degree"": 5}",6.0,3.0,5.0,6.0
a bit, I'm sorry if I was a bit rude.,"{""is_modifier"": true, ""softens_harshness"": 8, ""formality"": 4, ""degree"": 4}",8.0,4.0,4.0,8.0
really,I checked Commons and I really like these images.,"{""is_modifier"": true, ""softens_harshness"": 6, ""formality"": 4, ""degree"": 5}",6.0,4.0,5.0,6.0
very,"-- Template:uw-vandalism2 --><b>[[User:Yoshi24517|<span style=""color:#00c700;font-family:'Rockwell'"">Yoshi24517</span>]] ([[User talk:Yoshi24517|<span style=""color:black;font-family:'Rockwell'"">Chat</span>]]) (<span style=""color:red;font-family:'Rockwell'"">Very Busy</span>)</b> 03:55, 28 January 2025 (UTC)","{""is_modifier"": true, ""softens_harshness"": 5, ""formality"": 5, ""degree"": 5}",5.0,5.0,5.0,5.0
very,== Thank you very much  ==,"{""is_modifier"": true, ""softens_harshness"": 5, ""formality"": 6, ""degree"": 5}",5.0,6.0,5.0,5.0
really,"[[File:Information.svg|25px|alt=Information icon]] Before adding a category to an article, as you did to [[:Zootopia]], please make sure that the subject of the article really belongs in the category that you specified according to Wikipedia's [[Wikipedia:Categorization|categorization guidelines]].","{""is_modifier"": true, ""softens_harshness"": 4, ""formality"": 3, ""degree"": 2}",4.0,3.0,2.0,4.0
a bit," anyway it's ok, chatgpt is here to take back everything but c'mon, try to hide a bit, all the reviewers didn't even read my article, some suggested me to check requirements for actors or film makers .","{""is_modifier"": true, ""softens_harshness"": 7, ""formality"": 4, ""degree"": 4}",7.0,4.0,4.0,7.0
very," Something is very wrong here, the reviewers don't even read the article and just says he doesn't have enough.","{""is_modifier"": true, ""softens_harshness"": 3, ""formality"": 5, ""degree"": 5}",3.0,5.0,5.0,3.0
mostly," If they made 1000 pots maybe but the guys mostly did like 100 or less, did nothing to culture, only the sad apple saw them .","{""is_modifier"": true, ""softens_harshness"": 6, ""formality"": 5, ""degree"": 4}",6.0,5.0,4.0,6.0
a bit, Please at least read my article a bit before banning me.,"{""is_modifier"": true, ""softens_harshness"": 8, ""formality"": 4, ""degree"": 4}",8.0,4.0,4.0,8.0
very," I'm sorry that you got caught doing [[WP:GHBH]], but if you want to appeal, I'd say the very initial step is to admit that what you did was wrong.","{""is_modifier"": true, ""softens_harshness"": 5, ""formality"": 5, ""degree"": 1}",5.0,5.0,1.0,5.0
slightly, I am a firm believer in punishment for misuse but an indefinite suspension seems slightly harsh.,"{""is_modifier"": true, ""softens_harshness"": 10, ""formality"": 6, ""degree"": 5}",10.0,6.0,5.0,10.0
very,:I am very sorry that this appeal isn’t brief or even neatly formatted and I will submit it again if it an eyesore to anyone reading.,"{""is_modifier"": true, ""softens_harshness"": 7, ""formality"": 6, ""degree"": 5}",7.0,6.0,5.0,7.0
quite," Other CUs can feel free to check that (since I'm the new kid when it comes to CU), but I'm quite confident.","{""is_modifier"": true, ""softens_harshness"": 6, ""formality"": 6, ""degree"": 5}",6.0,6.0,5.0,6.0
pretty, I already know that you as a CU know every IP address that I used for Wikipedia which is my phone and the shared iPad (Haven’t used the computer yet for Wikipedia) and I pretty sure I let who you only should know as JohnPork (unless you want his real name) use my phone when his died (I dunno if he used it for vandalising Wikipedia),"{""is_modifier"": true, ""softens_harshness"": 7, ""formality"": 2, ""degree"": 4}",7.0,2.0,4.0,7.0
very," In your case, given that there was sock/meat-puppeting using multiple accounts and then lying about it, it's very likely that an unblock won't be considered quickly and following the [[WP:STANDARD]] would represent a more realistic possibility of an unblock.","{""is_modifier"": true, ""softens_harshness"": 4, ""formality"": 5, ""degree"": 4}",4.0,5.0,4.0,4.0
extremely, An indefinite block rather than a timed one is typical here as it's an extremely serious breach of trust with the community.,"{""is_modifier"": true, ""softens_harshness"": 0, ""formality"": 5, ""degree"": 5}",0.0,5.0,5.0,0.0
really, I will still be contributing to Wikimedia Commons but not as active as my Wikipedia account (Or maybe not at all I’ve never really had a nack for photography .,"{""is_modifier"": true, ""softens_harshness"": 7, ""formality"": 4, ""degree"": 2}",7.0,4.0,2.0,7.0
quite,Also if someone could look after the Ógie Ó Ceilleachair draft that would be amazing since I worked quite hard on it.,"{""is_modifier"": true, ""softens_harshness"": 5, ""formality"": 6, ""degree"": 4}",5.0,6.0,4.0,5.0
a little, I know that he said Free Palestine which is a little strange since I have edited on Wikipedia pages concerning Palestine or Israel.,"{""is_modifier"": true, ""softens_harshness"": 8, ""formality"": 4, ""degree"": 5}",8.0,4.0,5.0,8.0
a bit, Just wondering since I found it all a bit odd.,"{""is_modifier"": true, ""softens_harshness"": 8, ""formality"": 4, ""degree"": 5}",8.0,4.0,5.0,8.0
really,:Honestly anyone can go ahead and get rid of that article as I only really created it to support my Ógie Ó Ceilleachair article.,"{""is_modifier"": true, ""softens_harshness"": 6, ""formality"": 4, ""degree"": 1}",6.0,4.0,1.0,6.0
pretty,": I suppose there is possibly some ambiguity there, but ""no edits"" seems pretty clear.","{""is_modifier"": true, ""softens_harshness"": 7, ""formality"": 3, ""degree"": 5}",7.0,3.0,5.0,7.0
very," You appear to have made a couple of edits on other projects in the last six months, but it may not be very convincing.","{""is_modifier"": true, ""softens_harshness"": 7, ""formality"": 5, ""degree"": 5}",7.0,5.0,5.0,7.0
really, I really wasn’t considering appealing the block or contacting admins until late September as I think that is exactly six months after the block.,"{""is_modifier"": true, ""softens_harshness"": 6, ""formality"": 4, ""degree"": 3}",6.0,4.0,3.0,6.0
quite,"::: If you read the writeup on the Standard Offer, it's quite explicit about contributing to other projects being a plus, even necessary.","{""is_modifier"": true, ""softens_harshness"": 5, ""formality"": 6, ""degree"": 4}",5.0,6.0,4.0,5.0
very,{{divbox|blue|3=The sources here are either primary sources or very weak.,"{""is_modifier"": true, ""softens_harshness"": 2, ""formality"": 5, ""degree"": 5}",2.0,5.0,5.0,2.0
pretty," I was actually pretty active years ago, but I'm stepping back into it.","{""is_modifier"": true, ""softens_harshness"": 6, ""formality"": 4, ""degree"": 4}",6.0,4.0,4.0,6.0
extremely," Primary sourcing can ''easily'' be used to support minor or fake awards that aren't real notability claims at all, so we have to be extremely careful about the sourcing in awards tables.","{""is_modifier"": true, ""softens_harshness"": 4, ""formality"": 6, ""degree"": 5}",4.0,6.0,5.0,4.0
relatively,"The only dispensation that exists for using ''primary'' sourcing to support an award nomination is in the case of something like the [[Canadian Screen Awards]], where the media certainly report the overall release of nominations but only highlight a relatively small handful of the topline categories in their own coverage, so that the primary source becomes the only way to properly verify the ''rest'' of the nominations ''below'' the few high-profile categories that got singled out in the secondary source reportage — but even that dispensation exists ''only'' because the Canadian Screen Awards have GNG-worthy secondary source coverage, and the problem is restricted to verifying individual categories rather than the overall notability of the CSAs as a whole.","{""is_modifier"": true, ""softens_harshness"": 6, ""formality"": 7, ""degree"": 4}",6.0,7.0,4.0,6.0
very,"-- Template:uw-vandalism2 --><b>[[User:Yoshi24517|<span style=""color:#00c700;font-family:'Rockwell'"">Yoshi24517</span>]] ([[User talk:Yoshi24517|<span style=""color:black;font-family:'Rockwell'"">Chat</span>]]) (<span style=""color:red;font-family:'Rockwell'"">Very Busy</span>)</b> 20:28, 27 January 2025 (UTC)","{""is_modifier"": true, ""softens_harshness"": 5, ""formality"": 5, ""degree"": 5}",5.0,5.0,5.0,5.0
very,"-- Template:uw-vandalism1 --><b>[[User:Yoshi24517|<span style=""color:#00c700;font-family:'Rockwell'"">Yoshi24517</span>]] ([[User talk:Yoshi24517|<span style=""color:black;font-family:'Rockwell'"">Chat</span>]]) (<span style=""color:red;font-family:'Rockwell'"">Very Busy</span>)</b> 02:59, 27 January 2025 (UTC)","{""is_modifier"": true, ""softens_harshness"": 5, ""formality"": 5, ""degree"": 5}",5.0,5.0,5.0,5.0
very,"-- Template:uw-vandalism1 --><b>[[User:Yoshi24517|<span style=""color:#00c700;font-family:'Rockwell'"">Yoshi24517</span>]] ([[User talk:Yoshi24517|<span style=""color:black;font-family:'Rockwell'"">Chat</span>]]) (<span style=""color:red;font-family:'Rockwell'"">Very Busy</span>)</b> 03:00, 27 January 2025 (UTC)","{""is_modifier"": true, ""softens_harshness"": 5, ""formality"": 5, ""degree"": 5}",5.0,5.0,5.0,5.0
very,"-- Template:uw-vandalism2 --><b>[[User:Yoshi24517|<span style=""color:#00c700;font-family:'Rockwell'"">Yoshi24517</span>]] ([[User talk:Yoshi24517|<span style=""color:black;font-family:'Rockwell'"">Chat</span>]]) (<span style=""color:red;font-family:'Rockwell'"">Very Busy</span>)</b> 03:08, 27 January 2025 (UTC)","{""is_modifier"": true, ""softens_harshness"": 5, ""formality"": 5, ""degree"": 5}",5.0,5.0,5.0,5.0
very,"-- Template:uw-vandalism1 --><b>[[User:Yoshi24517|<span style=""color:#00c700;font-family:'Rockwell'"">Yoshi24517</span>]] ([[User talk:Yoshi24517|<span style=""color:black;font-family:'Rockwell'"">Chat</span>]]) (<span style=""color:red;font-family:'Rockwell'"">Very Busy</span>)</b> 03:03, 27 January 2025 (UTC)","{""is_modifier"": true, ""softens_harshness"": 5, ""formality"": 5, ""degree"": 5}",5.0,5.0,5.0,5.0
very,"-- Template:uw-vandalism1 --><b>[[User:Yoshi24517|<span style=""color:#00c700;font-family:'Rockwell'"">Yoshi24517</span>]] ([[User talk:Yoshi24517|<span style=""color:black;font-family:'Rockwell'"">Chat</span>]]) (<span style=""color:red;font-family:'Rockwell'"">Very Busy</span>)</b> 03:09, 27 January 2025 (UTC)","{""is_modifier"": true, ""softens_harshness"": 5, ""formality"": 5, ""degree"": 5}",5.0,5.0,5.0,5.0
very,"-- Template:uw-vandalism1 --><b>[[User:Yoshi24517|<span style=""color:#00c700;font-family:'Rockwell'"">Yoshi24517</span>]] ([[User talk:Yoshi24517|<span style=""color:black;font-family:'Rockwell'"">Chat</span>]]) (<span style=""color:red;font-family:'Rockwell'"">Very Busy</span>)</b> 03:11, 27 January 2025 (UTC)","{""is_modifier"": true, ""softens_harshness"": 5, ""formality"": 5, ""degree"": 5}",5.0,5.0,5.0,5.0
very,"-- Template:uw-vandalism2 --><b>[[User:Yoshi24517|<span style=""color:#00c700;font-family:'Rockwell'"">Yoshi24517</span>]] ([[User talk:Yoshi24517|<span style=""color:black;font-family:'Rockwell'"">Chat</span>]]) (<span style=""color:red;font-family:'Rockwell'"">Very Busy</span>)</b> 03:20, 27 January 2025 (UTC)","{""is_modifier"": true, ""softens_harshness"": 5, ""formality"": 5, ""degree"": 5}",5.0,5.0,5.0,5.0
very,"-- Template:uw-delete1 --><b>[[User:Yoshi24517|<span style=""color:#00c700;font-family:'Rockwell'"">Yoshi24517</span>]] ([[User talk:Yoshi24517|<span style=""color:black;font-family:'Rockwell'"">Chat</span>]]) (<span style=""color:red;font-family:'Rockwell'"">Very Busy</span>)</b> 03:20, 27 January 2025 (UTC)","{""is_modifier"": true, ""softens_harshness"": 5, ""formality"": 5, ""degree"": 5}",5.0,5.0,5.0,5.0
really," I want to proceed in good faith, am not looking to alter search engine rankings (I really couldn't care less about that), but surely if an arts organization is listed it's appropriate to include a description?","{""is_modifier"": true, ""softens_harshness"": 4, ""formality"": 4, ""degree"": 2}",4.0,4.0,2.0,4.0
really,":::That's really helpful, thanks!","{""is_modifier"": true, ""softens_harshness"": 5, ""formality"": 4, ""degree"": 5}",5.0,4.0,5.0,5.0
quite, I quite understand about the promotional tone - that makes sense now I know that the old article had been taken from a tourism website.,"{""is_modifier"": true, ""softens_harshness"": 7, ""formality"": 7, ""degree"": 4}",7.0,7.0,4.0,7.0
really, I'm obviously new to editing but really am trying to work in good faith.,"{""is_modifier"": true, ""softens_harshness"": 7, ""formality"": 3, ""degree"": 2}",7.0,3.0,2.0,7.0
really," I really have no intention of getting into an edit war, just didn't understand why any new text is being deleted wholesale.","{""is_modifier"": true, ""softens_harshness"": 7, ""formality"": 4, ""degree"": 3}",7.0,4.0,3.0,7.0
very,"-- Template:uw-vandalism1 --><b>[[User:Yoshi24517|<span style=""color:#00c700;font-family:'Rockwell'"">Yoshi24517</span>]] ([[User talk:Yoshi24517|<span style=""color:black;font-family:'Rockwell'"">Chat</span>]]) (<span style=""color:red;font-family:'Rockwell'"">Very Busy</span>)</b> 03:23, 27 January 2025 (UTC)","{""is_modifier"": true, ""softens_harshness"": 5, ""formality"": 5, ""degree"": 5}",5.0,5.0,5.0,5.0
very,"-- Template:uw-unsourced1 --> <b>[[User:Yoshi24517|<span style=""color:#00c700;font-family:'Rockwell'"">Yoshi24517</span>]] ([[User talk:Yoshi24517|<span style=""color:black;font-family:'Rockwell'"">Chat</span>]]) (<span style=""color:red;font-family:'Rockwell'"">Very Busy</span>)</b> 03:24, 27 January 2025 (UTC)","{""is_modifier"": true, ""softens_harshness"": 5, ""formality"": 5, ""degree"": 5}",5.0,5.0,5.0,5.0
very,"-- Template:uw-vandalism1 --><b>[[User:Yoshi24517|<span style=""color:#00c700;font-family:'Rockwell'"">Yoshi24517</span>]] ([[User talk:Yoshi24517|<span style=""color:black;font-family:'Rockwell'"">Chat</span>]]) (<span style=""color:red;font-family:'Rockwell'"">Very Busy</span>)</b> 03:24, 27 January 2025 (UTC)","{""is_modifier"": true, ""softens_harshness"": 5, ""formality"": 5, ""degree"": 5}",5.0,5.0,5.0,5.0
very,"-- Template:uw-vandalism1 --><b>[[User:Yoshi24517|<span style=""color:#00c700;font-family:'Rockwell'"">Yoshi24517</span>]] ([[User talk:Yoshi24517|<span style=""color:black;font-family:'Rockwell'"">Chat</span>]]) (<span style=""color:red;font-family:'Rockwell'"">Very Busy</span>)</b> 03:25, 27 January 2025 (UTC)","{""is_modifier"": true, ""softens_harshness"": 5, ""formality"": 5, ""degree"": 5}",5.0,5.0,5.0,5.0
very,"-- Template:uw-test1 --><b>[[User:Yoshi24517|<span style=""color:#00c700;font-family:'Rockwell'"">Yoshi24517</span>]] ([[User talk:Yoshi24517|<span style=""color:black;font-family:'Rockwell'"">Chat</span>]]) (<span style=""color:red;font-family:'Rockwell'"">Very Busy</span>)</b> 03:25, 27 January 2025 (UTC)","{""is_modifier"": true, ""softens_harshness"": 5, ""formality"": 5, ""degree"": 5}",5.0,5.0,5.0,5.0
very,"-- Template:uw-vandalism1 --><b>[[User:Yoshi24517|<span style=""color:#00c700;font-family:'Rockwell'"">Yoshi24517</span>]] ([[User talk:Yoshi24517|<span style=""color:black;font-family:'Rockwell'"">Chat</span>]]) (<span style=""color:red;font-family:'Rockwell'"">Very Busy</span>)</b> 03:30, 27 January 2025 (UTC)","{""is_modifier"": true, ""softens_harshness"": 5, ""formality"": 5, ""degree"": 5}",5.0,5.0,5.0,5.0
very,"-- Template:uw-unsourced1 --> <b>[[User:Yoshi24517|<span style=""color:#00c700;font-family:'Rockwell'"">Yoshi24517</span>]] ([[User talk:Yoshi24517|<span style=""color:black;font-family:'Rockwell'"">Chat</span>]]) (<span style=""color:red;font-family:'Rockwell'"">Very Busy</span>)</b> 03:32, 27 January 2025 (UTC)","{""is_modifier"": true, ""softens_harshness"": 5, ""formality"": 5, ""degree"": 5}",5.0,5.0,5.0,5.0
very," However, for an academic we look for major peer awards and h-factors of 40 or more to pass [[WP:NPROF]], and this is very rare with assistant professors.","{""is_modifier"": true, ""softens_harshness"": 5, ""formality"": 5, ""degree"": 5}",5.0,5.0,5.0,5.0
pretty,"-- END HEADER - BEGIN BODY --><div style=""border:1px solid #aae1ff;padding:5px;text-align:left;background-color:#f3f3f3;margin:5px 0;"">Hello Pretty liner.","{""is_modifier"": true, ""softens_harshness"": 5, ""formality"": 4, ""degree"": 0}",5.0,4.0,0.0,5.0
pretty,"[https://www.cunard.com/en-us/cruise-ships/queen-mary-2/9 Queen Mary 2 Luxury Cruise Ship - Explore with Cunard] [[User:Pretty liner|Pretty liner]] ([[User talk:Pretty liner#top|talk]]) 09:08, 23 March 2025 (UTC)","{""is_modifier"": true, ""softens_harshness"": 6, ""formality"": 4, ""degree"": 0}",6.0,4.0,0.0,6.0
pretty,"[[File:Information.svg|25px|alt=Information icon]] Hello, Pretty liner.","{""is_modifier"": true, ""softens_harshness"": 7, ""formality"": 4, ""degree"": 0}",7.0,4.0,0.0,7.0
pretty,"Hello, Pretty liner.","{""is_modifier"": true, ""softens_harshness"": 7, ""formality"": 4, ""degree"": 0}",7.0,4.0,0.0,7.0
really, Is not ready to be an article and the quality of the article really becomes vandalism.,"{""is_modifier"": true, ""softens_harshness"": 3, ""formality"": 3, ""degree"": 2}",3.0,3.0,2.0,3.0
quite,::::Ill be honest the replacement of the copyrighted google maps image with the silly self made map you made was quite funny.,"{""is_modifier"": true, ""softens_harshness"": 6, ""formality"": 7, ""degree"": 4}",6.0,7.0,4.0,6.0
somewhat,{{unblock reviewed|decline=This would probably be somewhat easier for you if you hadn't created {{u|ThaddeusKosciuszko}} last week.,"{""is_modifier"": true, ""softens_harshness"": 7, ""formality"": 6, ""degree"": 4}",7.0,6.0,4.0,7.0
really, I have really thought over my actions and I would like to apologize for them.,"{""is_modifier"": true, ""softens_harshness"": 6, ""formality"": 4, ""degree"": 4}",6.0,4.0,4.0,6.0
really, I really want to create articles and edit articles that I am passionate about.,"{""is_modifier"": true, ""softens_harshness"": 5, ""formality"": 4, ""degree"": 4}",5.0,4.0,4.0,5.0
really,== Your submission at [[Wikipedia:Articles for creation|Articles for creation]]: [[Draft:So i had adream once that i dieded n i was eating cake its really not understandeble|So i had adream once that i dieded n i was eating cake its really not understandeble]] (January 27) ==,"{""is_modifier"": true, ""softens_harshness"": 4, ""formality"": 4, ""degree"": 5}",4.0,4.0,5.0,4.0
really,"* If you would like to continue working on the submission, go to [[Draft:So i had adream once that i dieded n i was eating cake its really not understandeble]] and click on the ""Edit"" tab at the top of the window.","{""is_modifier"": true, ""softens_harshness"": 4, ""formality"": 4, ""degree"": 5}",4.0,4.0,5.0,4.0
really,==Concern regarding [[Draft:So i had adream once that i dieded n i was eating cake its really not understandeble]]==,"{""is_modifier"": true, ""softens_harshness"": 4, ""formality"": 4, ""degree"": 4}",4.0,4.0,4.0,4.0
really," This is a bot-delivered message letting you know that [[Draft:So i had adream once that i dieded n i was eating cake its really not understandeble]], a page you created, has not been edited in at least 5 months.","{""is_modifier"": true, ""softens_harshness"": 3, ""formality"": 3, ""degree"": 4}",3.0,3.0,4.0,3.0
really," Drafts that have not been edited for six months [[WP:G13|may be deleted]], so if you wish to retain the page, please [[Special:EditPage/Draft:So i had adream once that i dieded n i was eating cake its really not understandeble|edit it]] again.","{""is_modifier"": true, ""softens_harshness"": 4, ""formality"": 3, ""degree"": 4}",4.0,3.0,4.0,4.0
really,==[[Wikipedia:Criteria for speedy deletion|Speedy deletion]] of [[:Draft:So i had adream once that i dieded n i was eating cake its really not understandeble]]==,"{""is_modifier"": true, ""softens_harshness"": 3, ""formality"": 3, ""degree"": 4}",3.0,3.0,4.0,3.0
really," This is a notice that the page you created, [[:Draft:So i had adream once that i dieded n i was eating cake its really not understandeble]], was deleted as a test page under [[WP:CSD#G2|section G2 of the criteria for speedy deletion]].","{""is_modifier"": true, ""softens_harshness"": 3, ""formality"": 2, ""degree"": 4}",3.0,2.0,4.0,3.0
really," If you think this page should not have been deleted for this reason, or you wish to retrieve the deleted material for future reference or improvement, then please contact the {{Querylink|Special:Log|qs=type=delete&page=Draft%3ASo+i+had+adream+once+that+i+dieded+n+i+was+eating+cake+its+really+not+understandeble|deleting administrator}}, or if you have already done so, you can place a request [[WP:RFUD|here]].","{""is_modifier"": true, ""softens_harshness"": 4, ""formality"": 3, ""degree"": 4}",4.0,3.0,4.0,4.0
sort of,{{divbox|blue|3=Only one source may be considered reliable and discusses the subject in any sort of detail everything else does not meet the criteria to demonstrate she is notable enough.,"{""is_modifier"": true, ""softens_harshness"": 6, ""formality"": 3, ""degree"": 1}",6.0,3.0,1.0,6.0
very," We can't accept information purely on the basis that someone who has decided to create a Wikipedia account says so, because very large numbers of people post invalid information, whether intentionally or not.","{""is_modifier"": true, ""softens_harshness"": 4, ""formality"": 5, ""degree"": 4}",4.0,5.0,4.0,4.0
very," And now you have a very convenient person to blame, right when you need it, who nobody could possibly verify.","{""is_modifier"": true, ""softens_harshness"": 4, ""formality"": 5, ""degree"": 5}",4.0,5.0,5.0,4.0
very,*:::::The problem is that it's very hard to believe this story.,"{""is_modifier"": true, ""softens_harshness"": 3, ""formality"": 5, ""degree"": 5}",3.0,5.0,5.0,3.0
pretty," Pretty much all the edits on both accounts are extremely similar in tone, English fluency, subject, and break the same Wikipedia rules, so it's hard to believe that two different people were using these accounts.","{""is_modifier"": true, ""softens_harshness"": 7, ""formality"": 2, ""degree"": 4}",7.0,2.0,4.0,7.0
extremely," Pretty much all the edits on both accounts are extremely similar in tone, English fluency, subject, and break the same Wikipedia rules, so it's hard to believe that two different people were using these accounts.","{""is_modifier"": true, ""softens_harshness"": 3, ""formality"": 5, ""degree"": 5}",3.0,5.0,5.0,3.0
very," And your messages here are ""very"" similar to your alleged brother's, with the same ""you guys"" being used, using & symbols instead of commas or the word and, very long runon sentences, and the random outbursts of temper such as [https://en.wikipedia.org/w/index.php?title=Talk:Game_Changer_(film)&diff=prev&oldid=1268941318] vs.","{""is_modifier"": true, ""softens_harshness"": 4, ""formality"": 5, ""degree"": 5}",4.0,5.0,5.0,4.0
pretty, Apologizing over and over again is not helpful; an apology by itself is pretty meaningless.,"{""is_modifier"": true, ""softens_harshness"": 7, ""formality"": 3, ""degree"": 4}",7.0,3.0,4.0,7.0
very," It is perfectly clear that the substantial majority of the editing from both accounts was done by the same person, and very probably all of it was.","{""is_modifier"": true, ""softens_harshness"": 4, ""formality"": 5, ""degree"": 4}",4.0,5.0,4.0,4.0
very," You are, of course, very welcome to start making contributions to the encyclopaedia, in line with Wikipedia [[Wikipedia:Policies and guidelines|policies and guidelines]], if you are interested in doing so, but if you wish to have a personal web page, then there are many web sites which provide that sort of service, but Wikipedia is not one of them.","{""is_modifier"": true, ""softens_harshness"": 8, ""formality"": 6, ""degree"": 5}",8.0,6.0,5.0,8.0
a bit, Making a [https://curveddrywalls.com/rounded-vs-square-drywall-corners-key-differences/ round shape drywall] is a bit of an art.,"{""is_modifier"": true, ""softens_harshness"": 7, ""formality"": 4, ""degree"": 4}",7.0,4.0,4.0,7.0
very,"-- Template:uw-vandalism2 --><b>[[User:Yoshi24517|<span style=""color:#00c700;font-family:'Rockwell'"">Yoshi24517</span>]] ([[User talk:Yoshi24517|<span style=""color:black;font-family:'Rockwell'"">Chat</span>]]) (<span style=""color:red;font-family:'Rockwell'"">Very Busy</span>)</b> 20:51, 27 January 2025 (UTC)","{""is_modifier"": true, ""softens_harshness"": 5, ""formality"": 5, ""degree"": 5}",5.0,5.0,5.0,5.0
very,"-- Template:uw-vandalism3 --><b>[[User:Yoshi24517|<span style=""color:#00c700;font-family:'Rockwell'"">Yoshi24517</span>]] ([[User talk:Yoshi24517|<span style=""color:black;font-family:'Rockwell'"">Chat</span>]]) (<span style=""color:red;font-family:'Rockwell'"">Very Busy</span>)</b> 21:00, 27 January 2025 (UTC)","{""is_modifier"": true, ""softens_harshness"": 5, ""formality"": 5, ""degree"": 5}",5.0,5.0,5.0,5.0
pretty,"Hey, are you pretty set on Toy Story 4 accolades being the TFL nom on June 9, or would you mind if I requested that date for Loki's accolades as it is the 4 year anniversary of the premiere of the series?","{""is_modifier"": true, ""softens_harshness"": 7, ""formality"": 4, ""degree"": 4}",7.0,4.0,4.0,7.0
very,"Thank you very much in advance and best regards,<br>[[User:ToBeFree|&#126; ToBeFree]] ([[User talk:ToBeFree|talk]]) 07:05, 8 November 2025 (UTC)","{""is_modifier"": true, ""softens_harshness"": 5, ""formality"": 5, ""degree"": 5}",5.0,5.0,5.0,5.0
very," The <em>only</em> exception for this is filing edit requests, which you don't seem to have been doing (or it was very unclear if you were).","{""is_modifier"": true, ""softens_harshness"": 4, ""formality"": 5, ""degree"": 4}",4.0,5.0,4.0,4.0
really,"::I knew Scott Adams was a right winger in real life, but really liked the strip focused on the universal ironies of bureaucracies.","{""is_modifier"": true, ""softens_harshness"": 5, ""formality"": 4, ""degree"": 5}",5.0,4.0,5.0,5.0
a bit," Talk of the critism of the character is valid and definitely noteworthy, but I do find putting it in the Lead Section using the wording you used was a bit inaccurate and unnecessary.","{""is_modifier"": true, ""softens_harshness"": 9, ""formality"": 3, ""degree"": 5}",9.0,3.0,5.0,9.0
very,**:You could be right about the lazy editing but the edit summaries are very similar.,"{""is_modifier"": true, ""softens_harshness"": 5, ""formality"": 5, ""degree"": 5}",5.0,5.0,5.0,5.0
a bit,"While I truly do appreciate your continued contributions to the article, and I have come around to agree with many of your edits (such as much of the language sounding promotional), I do think the pruning is a bit excessive and some edits are unnecessary.","{""is_modifier"": true, ""softens_harshness"": 8, ""formality"": 4, ""degree"": 5}",8.0,4.0,5.0,8.0
fairly,""" Respectfully, I think that this is largely not true and his edits were fairly minor and hardly excessive.","{""is_modifier"": true, ""softens_harshness"": 7, ""formality"": 5, ""degree"": 4}",7.0,5.0,4.0,7.0
largely,""" Respectfully, I think that this is largely not true and his edits were fairly minor and hardly excessive.","{""is_modifier"": true, ""softens_harshness"": 7, ""formality"": 6, ""degree"": 5}",7.0,6.0,5.0,7.0
slightly,"In an effort to avoid an edit war and receive more detailed constructive feedback, I've made a slightly revised draft in my [[User:Faketuxedo/sandbox|sandbox]].","{""is_modifier"": true, ""softens_harshness"": 6, ""formality"": 5, ""degree"": 5}",6.0,5.0,5.0,6.0
fairly," I've taken a ""middle of the road"" approach and I feel it is fairly conservative and avoids excessively promotional language while elaborating in line with the facts expressed by the cited secondary sources.","{""is_modifier"": true, ""softens_harshness"": 7, ""formality"": 6, ""degree"": 4}",7.0,6.0,4.0,7.0
a little,"I will publish this by Thursday if I don't receive feedback from you, so if you are unavailable until then please don't take my edits as a way to personally ""get back"" at your reversions on the article; I simply believe that it could use some improvement and feels a little ""half baked"" in its current state.","{""is_modifier"": true, ""softens_harshness"": 8, ""formality"": 4, ""degree"": 4}",8.0,4.0,4.0,8.0
pretty," If you see any issues and would like to continue this discussion on the talk page, please go ahead, but I am pretty happy with the article in its current state and will not be pursuing revising it significantly as I had planned.","{""is_modifier"": true, ""softens_harshness"": 7, ""formality"": 3, ""degree"": 4}",7.0,3.0,4.0,7.0
pretty," I’m pretty familiar with the topic from the media, so please stop accusing me of being a sock.","{""is_modifier"": true, ""softens_harshness"": 6, ""formality"": 4, ""degree"": 5}",6.0,4.0,5.0,6.0
very," I have a very strong password :) – [[User:Notwally|notwally]] ([[User talk:Notwally|talk]]) 16:00, 20 September 2024 (UTC)","{""is_modifier"": true, ""softens_harshness"": 5, ""formality"": 5, ""degree"": 5}",5.0,5.0,5.0,5.0
quite," So, I'm not quite sure which bios you're referring to when you're saying that ""at least one listing was outdated or wrong.","{""is_modifier"": true, ""softens_harshness"": 7, ""formality"": 6, ""degree"": 4}",7.0,6.0,4.0,7.0
quite," And with respect to the usefulness of committee assignment data, lists of committee assignments can be quite helpful in helping readers to better understand their biographical subjects.","{""is_modifier"": true, ""softens_harshness"": 5, ""formality"": 6, ""degree"": 4}",5.0,6.0,4.0,5.0
partially,"I've partially reverted your [https://en.wikipedia.org/w/index.php?title=Matt_Meyer&diff=prev&oldid=1246436786 previous edit], restoring the '''Party political offices''' template.","{""is_modifier"": true, ""softens_harshness"": 8, ""formality"": 6, ""degree"": 5}",8.0,6.0,5.0,8.0
pretty,  Too much time on Academics and Educators AfD leaves me pretty attuned to NAUTHOR and NPROF.,"{""is_modifier"": true, ""softens_harshness"": 6, ""formality"": 3, ""degree"": 4}",6.0,3.0,4.0,6.0
pretty,"  Both look pretty solid to me for a mention, at least at first and second glance.","{""is_modifier"": true, ""softens_harshness"": 6, ""formality"": 3, ""degree"": 4}",6.0,3.0,4.0,6.0
pretty,"::As far as actual AfDs go:  I think Watten would probably pass with or without the awards+honors; with Fleisher, I think that the (trimmed) reviews together with the others I found are pretty helpful to make the case.","{""is_modifier"": true, ""softens_harshness"": 6, ""formality"": 3, ""degree"": 4}",6.0,3.0,4.0,6.0
really," Like ok, unsourced content removal is not a tereible thing but, you've messed up really hard with that, since you DID NOT checked a source do it's alright and you know how you've remove beodcast topic?","{""is_modifier"": true, ""softens_harshness"": 0, ""formality"": 4, ""degree"": 5}",0.0,4.0,5.0,0.0
pretty, I'm pretty much disappointed with you.,"{""is_modifier"": true, ""softens_harshness"": 6, ""formality"": 3, ""degree"": 4}",6.0,3.0,4.0,6.0
mostly," There is a limited exception for people who are discussing themselves, but the details you are adding are mostly sourced to what appear to be random accounts, and the few details sourced to the creator's Tumblr site are not important enough to include, especially without any independent sourcing.","{""is_modifier"": true, ""softens_harshness"": 7, ""formality"": 5, ""degree"": 5}",7.0,5.0,5.0,7.0
really," I didn't realise Gaiman was referring to himself in third person so got really confused why Gaiman was referring to Julia Hobsbawm as ""he"".","{""is_modifier"": true, ""softens_harshness"": 5, ""formality"": 4, ""degree"": 5}",5.0,4.0,5.0,5.0
very," For that reason, I think we should be erring on the side of over-specification rather than under-determination on the page, as the under-determination route has historically yielded very poor results (there's like 15 definitions floating around when doing basic googling, few ever coming close to being particularly accurate).","{""is_modifier"": true, ""softens_harshness"": 3, ""formality"": 5, ""degree"": 5}",3.0,5.0,5.0,3.0
relatively," They are also not a ""relatively new editor"", even if remain relatively inexperienced.","{""is_modifier"": true, ""softens_harshness"": 7, ""formality"": 7, ""degree"": 4}",7.0,7.0,4.0,7.0
very, Your contributions are very important to Wikipedia.,"{""is_modifier"": true, ""softens_harshness"": 5, ""formality"": 5, ""degree"": 5}",5.0,5.0,5.0,5.0
very," JPL Horizons says 2024 YR4 would be apparent magnitude 25 on 27 Feb 2025, which is indeed very dim, but very large telescopes like [[Subaru Telescope|Subaru]] or [[Gemini Observatory|Gemini North]] would still be capable of detecting 2024 YR4 at that magnitude.","{""is_modifier"": true, ""softens_harshness"": 5, ""formality"": 4, ""degree"": 5}",5.0,4.0,5.0,5.0
really," I would really appreciate your guidance [[Special:Contributions/112.135.189.20|112.135.189.20]] ([[User talk:112.135.189.20|talk]]) 10:02, 27 January 2025 (UTC)","{""is_modifier"": true, ""softens_harshness"": 6, ""formality"": 4, ""degree"": 5}",6.0,4.0,5.0,6.0
very,"-- Template:uw-unsourced1 --> <b>[[User:Yoshi24517|<span style=""color:#00c700;font-family:'Rockwell'"">Yoshi24517</span>]] ([[User talk:Yoshi24517|<span style=""color:black;font-family:'Rockwell'"">Chat</span>]]) (<span style=""color:red;font-family:'Rockwell'"">Very Busy</span>)</b> 20:45, 27 January 2025 (UTC)","{""is_modifier"": true, ""softens_harshness"": 5, ""formality"": 5, ""degree"": 5}",5.0,5.0,5.0,5.0
rather," I'd rather not, but.","{""is_modifier"": true, ""softens_harshness"": 8, ""formality"": 7, ""degree"": 0}",8.0,7.0,0.0,8.0
a bit, That's a bit concerning and could give admins the impression that you're not really paying attention and are just repeating what you've been told immediately before.,"{""is_modifier"": true, ""softens_harshness"": 8, ""formality"": 4, ""degree"": 4}",8.0,4.0,4.0,8.0
really, That's a bit concerning and could give admins the impression that you're not really paying attention and are just repeating what you've been told immediately before.,"{""is_modifier"": true, ""softens_harshness"": 7, ""formality"": 4, ""degree"": 3}",7.0,4.0,3.0,7.0
a bit," This is another reason why I'm a bit worried over how much of this you're understanding, so if you can explain further that'd be really helpful.","{""is_modifier"": true, ""softens_harshness"": 8, ""formality"": 4, ""degree"": 5}",8.0,4.0,5.0,8.0
really," This is another reason why I'm a bit worried over how much of this you're understanding, so if you can explain further that'd be really helpful.","{""is_modifier"": true, ""softens_harshness"": 7, ""formality"": 4, ""degree"": 4}",7.0,4.0,4.0,7.0
a bit,":Hi again {{ping|Giri Trading Agency Private Limited}}, It's a bit confusing if you're replying with new unblock requests & templates, I've moved your last reply down here so it's easier to read.","{""is_modifier"": true, ""softens_harshness"": 8, ""formality"": 4, ""degree"": 4}",8.0,4.0,4.0,8.0
really, Part of the reason you're not getting answers is because it's ''really'' hard to follow what's happening!,"{""is_modifier"": true, ""softens_harshness"": 3, ""formality"": 4, ""degree"": 5}",3.0,4.0,5.0,3.0
somewhat,":I know this is a long, somewhat frank reply, but I want to impress on you just how important Wikipedia is to those who use and edit it every day.","{""is_modifier"": true, ""softens_harshness"": 7, ""formality"": 6, ""degree"": 5}",7.0,6.0,5.0,7.0
really," If you're one of those people then please let us know by agreeing to edit other areas for at least the foreseeable future, it'd be really helpful to also let us know which areas you'd like to focus on, so we can give you some pointers - the [[WP: Teahouse|Teahouse]] is always a great place to get help and advice.","{""is_modifier"": true, ""softens_harshness"": 6, ""formality"": 4, ""degree"": 4}",6.0,4.0,4.0,6.0
kind of, [[User:Giri Trading Agency Private Limited]] seems to be treating these unblocking requests solely as some kind of negotiation to adjust their username.,"{""is_modifier"": true, ""softens_harshness"": 6, ""formality"": 3, ""degree"": 1}",6.0,3.0,1.0,6.0
a bit, I had to lighten that picture up quite a bit.,"{""is_modifier"": true, ""softens_harshness"": 5, ""formality"": 4, ""degree"": 5}",5.0,4.0,5.0,5.0
quite a bit, I had to lighten that picture up quite a bit.,"{""is_modifier"": true, ""softens_harshness"": 5, ""formality"": 4, ""degree"": 5}",5.0,4.0,5.0,5.0
quite, I had to lighten that picture up quite a bit.,"{""is_modifier"": true, ""softens_harshness"": 5, ""formality"": 6, ""degree"": 5}",5.0,6.0,5.0,5.0
very,:::That procedure is very confusing.,"{""is_modifier"": true, ""softens_harshness"": 4, ""formality"": 5, ""degree"": 5}",4.0,5.0,5.0,4.0
sort of,::Fandom is a lousy source for non-free content because is it is a bunch of wikis where uploaders very rarely provide any sort of documentation for the images provenance.,"{""is_modifier"": true, ""softens_harshness"": 5, ""formality"": 4, ""degree"": 1}",5.0,4.0,1.0,5.0
very,::Fandom is a lousy source for non-free content because is it is a bunch of wikis where uploaders very rarely provide any sort of documentation for the images provenance.,"{""is_modifier"": true, ""softens_harshness"": 4, ""formality"": 5, ""degree"": 5}",4.0,5.0,5.0,4.0
pretty,":::::::::::The picture of Richard Derr is pretty good, Lisa Kirk not so much.","{""is_modifier"": true, ""softens_harshness"": 6, ""formality"": 3, ""degree"": 4}",6.0,3.0,4.0,6.0
pretty, The pic of Wendell is pretty good.,"{""is_modifier"": true, ""softens_harshness"": 6, ""formality"": 3, ""degree"": 4}",6.0,3.0,4.0,6.0
pretty,:::::::::::::Norman Alden pic is pretty good.,"{""is_modifier"": true, ""softens_harshness"": 6, ""formality"": 3, ""degree"": 5}",6.0,3.0,5.0,6.0
a bit,"Hello, I see that you have contributed quite a bit to the plot summaries in the [[List of Bewitched episodes]] article.","{""is_modifier"": true, ""softens_harshness"": 6, ""formality"": 4, ""degree"": 5}",6.0,4.0,5.0,6.0
quite a bit,"Hello, I see that you have contributed quite a bit to the plot summaries in the [[List of Bewitched episodes]] article.","{""is_modifier"": true, ""softens_harshness"": 6, ""formality"": 4, ""degree"": 5}",6.0,4.0,5.0,6.0
quite,"Hello, I see that you have contributed quite a bit to the plot summaries in the [[List of Bewitched episodes]] article.","{""is_modifier"": true, ""softens_harshness"": 5, ""formality"": 6, ""degree"": 5}",5.0,6.0,5.0,5.0
pretty,::::::At least the pic of Paul Reed is pretty good.,"{""is_modifier"": true, ""softens_harshness"": 6, ""formality"": 3, ""degree"": 4}",6.0,3.0,4.0,6.0
really,":We really apologise for our mistake, so kindly please give us the chance to be unblocked as of from now we will do genueine editing without the use of any AI chatbot, ","{""is_modifier"": true, ""softens_harshness"": 7, ""formality"": 4, ""degree"": 4}",7.0,4.0,4.0,7.0
very,"::::Meanwhile, all of my edits have neutral refrences and you know very well.","{""is_modifier"": true, ""softens_harshness"": 4, ""formality"": 5, ""degree"": 5}",4.0,5.0,5.0,4.0
very,":::::""Meanwhile, all of my edits have neutral refrences and you know very well.","{""is_modifier"": true, ""softens_harshness"": 4, ""formality"": 5, ""degree"": 5}",4.0,5.0,5.0,4.0
somewhat, I'm the one who produced most of those references and the only thing you have been doing is picking and choosing only those that somewhat align with your agenda while outright deleting the others!,"{""is_modifier"": true, ""softens_harshness"": 4, ""formality"": 6, ""degree"": 5}",4.0,6.0,5.0,4.0
very,  That is usually very challenging for people in your position to do.,"{""is_modifier"": true, ""softens_harshness"": 4, ""formality"": 5, ""degree"": 5}",4.0,5.0,5.0,4.0
a bit," The main difference to an article is that general public are unlikely to come across this page, because it isn't indexed in the search engines, and finding it even using Wikipedia's own search function takes a bit of extra effort.","{""is_modifier"": true, ""softens_harshness"": 7, ""formality"": 3, ""degree"": 4}",7.0,3.0,4.0,7.0
a bit," I can also delete the rejection notice from top of the page, so it looks a bit nicer.","{""is_modifier"": true, ""softens_harshness"": 7, ""formality"": 3, ""degree"": 5}",7.0,3.0,5.0,7.0
very," You are, of course, very welcome to start making contributions to the encyclopaedia, in line with Wikipedia [[Wikipedia:Policies and guidelines|policies and guidelines]], if you are interested in doing so, but if you are interested in writing a personal web page, then there are many web sites which provide that sort of service, but Wikipedia is not one of them.","{""is_modifier"": true, ""softens_harshness"": 8, ""formality"": 6, ""degree"": 5}",8.0,6.0,5.0,8.0
very,"It's very important that contributors understand and follow these practices, as policy requires that people who persistently do not must be [[Wikipedia:Blocking policy|blocked]] from editing.","{""is_modifier"": true, ""softens_harshness"": 4, ""formality"": 5, ""degree"": 5}",4.0,5.0,5.0,4.0
a bit, Given it seems like it'll take a bit of time for those to be at full steam I've gotten a past audio clip of him speaking before the House as a witness that should work until we have an audio file for him where his speaking abilities are back to his prior levels.,"{""is_modifier"": true, ""softens_harshness"": 7, ""formality"": 4, ""degree"": 5}",7.0,4.0,5.0,7.0
a little,"I did a little poking around, and wanted to clarify something to you.","{""is_modifier"": true, ""softens_harshness"": 8, ""formality"": 3, ""degree"": 4}",8.0,3.0,4.0,8.0
quite," Quite a lot of senators and representatives have YouTube channels run by their respective offices, so you can find replacement links from there as well.","{""is_modifier"": true, ""softens_harshness"": 5, ""formality"": 6, ""degree"": 4}",5.0,6.0,4.0,5.0
really, I really appreciate the information.,"{""is_modifier"": true, ""softens_harshness"": 6, ""formality"": 4, ""degree"": 5}",6.0,4.0,5.0,6.0
very," If you think there is a tendency towards non-objectivity in the entry, I would be very happy if you could help me.","{""is_modifier"": true, ""softens_harshness"": 6, ""formality"": 5, ""degree"": 5}",6.0,5.0,5.0,6.0
largely,"::Apart from adding more references, you seem to have largely ignored the advice above, even reinstating a YouTube link.","{""is_modifier"": true, ""softens_harshness"": 6, ""formality"": 6, ""degree"": 4}",6.0,6.0,4.0,6.0
largely," Your text is largely on the lines of ""He wrote this.","{""is_modifier"": true, ""softens_harshness"": 7, ""formality"": 6, ""degree"": 4}",7.0,6.0,4.0,7.0
very,":::First of all, the value of the entry is due to the fact that Rabbi Raphael Deloya publishes his opinions on independent 'third-party' websites, on very famous media sites, such as ""Arutz Sheva"" Srugim, ""Kipa"", therefore there is intrinsic value in knowing his biography, meaning the background from which he comes, and his work.","{""is_modifier"": true, ""softens_harshness"": 5, ""formality"": 4, ""degree"": 5}",5.0,4.0,5.0,5.0
very, Very nice judgment from you.,"{""is_modifier"": true, ""softens_harshness"": 5, ""formality"": 5, ""degree"": 5}",5.0,5.0,5.0,5.0
very,"-- Template:uw-vandalism2 --><b>[[User:Yoshi24517|<span style=""color:#00c700;font-family:'Rockwell'"">Yoshi24517</span>]] ([[User talk:Yoshi24517|<span style=""color:black;font-family:'Rockwell'"">Chat</span>]]) (<span style=""color:red;font-family:'Rockwell'"">Very Busy</span>)</b> 18:39, 27 January 2025 (UTC)","{""is_modifier"": true, ""softens_harshness"": 5, ""formality"": 5, ""degree"": 5}",5.0,5.0,5.0,5.0
very, I am obviously still very new to editing but I am trying my best.,"{""is_modifier"": true, ""softens_harshness"": 5, ""formality"": 5, ""degree"": 5}",5.0,5.0,5.0,5.0
very," I noticed that you made a comment on the page [[:Wikipedia:Articles for deletion/Muhammad in Hinduism]] that didn't seem very [[Wikipedia:Civility|civil]], so it may have been removed.","{""is_modifier"": true, ""softens_harshness"": 7, ""formality"": 5, ""degree"": 4}",7.0,5.0,4.0,7.0
very,"If you're writing about yourself, that means that you did not take this [[:File:Mustapha Ayoola Ishola, Senator 2027 Ogun West Senatorial District, 11th Senate.png|very professional looking image of yourself]] as you are claiming.","{""is_modifier"": true, ""softens_harshness"": 4, ""formality"": 5, ""degree"": 5}",4.0,5.0,5.0,4.0
mostly," Labour Party is not very good with paying for publicity and newspaper publications, and we did our campaign mostly on a door-to-door and community-engagement basis.","{""is_modifier"": true, ""softens_harshness"": 5, ""formality"": 5, ""degree"": 5}",5.0,5.0,5.0,5.0
very," Labour Party is not very good with paying for publicity and newspaper publications, and we did our campaign mostly on a door-to-door and community-engagement basis.","{""is_modifier"": true, ""softens_harshness"": 7, ""formality"": 5, ""degree"": 4}",7.0,5.0,4.0,7.0
very," First, you clearly stated that you are not interested in me winning my campaign, which is a very rude statement, and now, anyone that tries to write my biography is a puppet?","{""is_modifier"": true, ""softens_harshness"": 2, ""formality"": 5, ""degree"": 5}",2.0,5.0,5.0,2.0
extremely, This is significant for an extremely small town such as this.,"{""is_modifier"": true, ""softens_harshness"": 5, ""formality"": 6, ""degree"": 5}",5.0,6.0,5.0,5.0
really,"[[File:Information.svg|25px|alt=Information icon]] Before adding a category to an article, as you did to [[:Eternal Father, Strong to Save]], please make sure that the subject of the article really belongs in the category that you specified according to Wikipedia's [[Wikipedia:Categorization|categorization guidelines]].","{""is_modifier"": true, ""softens_harshness"": 4, ""formality"": 4, ""degree"": 2}",4.0,4.0,2.0,4.0
really," Maybe it's somebody flailing around trying to say something whose true meaning they don't really appreciate, that will end a conversation they're uncomfortable with.","{""is_modifier"": true, ""softens_harshness"": 7, ""formality"": 4, ""degree"": 3}",7.0,4.0,3.0,7.0
really, Because I really want you all of you stop it.,"{""is_modifier"": true, ""softens_harshness"": 4, ""formality"": 4, ""degree"": 5}",4.0,4.0,5.0,4.0
very,:@[[User:TheAstorPastor|TheAstorPastor]] I am very sorry that I broke through your policies.,"{""is_modifier"": true, ""softens_harshness"": 7, ""formality"": 5, ""degree"": 5}",7.0,5.0,5.0,7.0
very,"-- Template:uw-vandalism2 --><b>[[User:Yoshi24517|<span style=""color:#00c700;font-family:'Rockwell'"">Yoshi24517</span>]] ([[User talk:Yoshi24517|<span style=""color:black;font-family:'Rockwell'"">Chat</span>]]) (<span style=""color:red;font-family:'Rockwell'"">Very Busy</span>)</b> 20:02, 27 January 2025 (UTC)","{""is_modifier"": true, ""softens_harshness"": 5, ""formality"": 5, ""degree"": 5}",5.0,5.0,5.0,5.0
very,"-- Template:uw-vandalism3 --><b>[[User:Yoshi24517|<span style=""color:#00c700;font-family:'Rockwell'"">Yoshi24517</span>]] ([[User talk:Yoshi24517|<span style=""color:black;font-family:'Rockwell'"">Chat</span>]]) (<span style=""color:red;font-family:'Rockwell'"">Very Busy</span>)</b> 20:06, 27 January 2025 (UTC)","{""is_modifier"": true, ""softens_harshness"": 5, ""formality"": 5, ""degree"": 5}",5.0,5.0,5.0,5.0
very,"-- Template:uw-vandalism4 --> <b>[[User:Yoshi24517|<span style=""color:#00c700;font-family:'Rockwell'"">Yoshi24517</span>]] ([[User talk:Yoshi24517|<span style=""color:black;font-family:'Rockwell'"">Chat</span>]]) (<span style=""color:red;font-family:'Rockwell'"">Very Busy</span>)</b> 20:07, 27 January 2025 (UTC)","{""is_modifier"": true, ""softens_harshness"": 5, ""formality"": 5, ""degree"": 5}",5.0,5.0,5.0,5.0
very,:Chuks Joseph very much deserves to have a page on Wikipedia.,"{""is_modifier"": true, ""softens_harshness"": 5, ""formality"": 6, ""degree"": 5}",5.0,6.0,5.0,5.0
very,:: The problem is the way that a number of surely unconnected IP editors are reverting the addition of the same text: which is poorly worded to give a ''very'' [[WP:POV]] impression.,"{""is_modifier"": true, ""softens_harshness"": 3, ""formality"": 4, ""degree"": 5}",3.0,4.0,5.0,3.0
very," This same wording (or very close to it) was also widespread across right-wing Twitter at the time of the vote, being used deliberately as a slur on Labour MPs.","{""is_modifier"": true, ""softens_harshness"": 5, ""formality"": 5, ""degree"": 5}",5.0,5.0,5.0,5.0
really,:: The fix is to re-word it and to make clear what the vote was really about.,"{""is_modifier"": true, ""softens_harshness"": 5, ""formality"": 4, ""degree"": 2}",5.0,4.0,2.0,5.0
very,"  However we don't include every vote an MP makes, this was an unimportant vote, and this was an MP voting in a very uninteresting way, just in line with a strong party whip that was (AFAIK) unanimously supported.","{""is_modifier"": true, ""softens_harshness"": 4, ""formality"": 5, ""degree"": 5}",4.0,5.0,5.0,4.0
rather," However, I see it as just rather childish bluster, and not a serious threat, and for a new editor I think it better to not come in with the heavy guns right away.","{""is_modifier"": true, ""softens_harshness"": 7, ""formality"": 7, ""degree"": 4}",7.0,7.0,4.0,7.0
fairly," I have given them a 24 hour edit-warring block, which I regard as fairly minimal, in the hope that they will get the message.","{""is_modifier"": true, ""softens_harshness"": 7, ""formality"": 6, ""degree"": 4}",7.0,6.0,4.0,7.0
very, Just wanted to check because I know it’s against policy and some people can get very nervous when they see threats like that.,"{""is_modifier"": true, ""softens_harshness"": 4, ""formality"": 5, ""degree"": 5}",4.0,5.0,5.0,4.0
really," I know from my own experience that such threats can be frightening, even if they are completely empty threats, as I had an unpleasant experience some years ago, but I really don't think there's any need to be worried about this.","{""is_modifier"": true, ""softens_harshness"": 7, ""formality"": 4, ""degree"": 2}",7.0,4.0,2.0,7.0
very," Anyway, maybe you can imagine how discomforting it was, getting a notification of someone taking serious steps towards legal action, not just the usual empty bluster, which very carefully stopped short of saying there was nothing to worry about.","{""is_modifier"": true, ""softens_harshness"": 4, ""formality"": 5, ""degree"": 5}",4.0,5.0,5.0,4.0
very," To answer your question, you are very clearly harassing others and frankly behaving in a manner that illustrates that you are not here to build an encyclopedia.","{""is_modifier"": true, ""softens_harshness"": 2, ""formality"": 5, ""degree"": 4}",2.0,5.0,4.0,2.0
really, It is really serious.,"{""is_modifier"": true, ""softens_harshness"": 3, ""formality"": 4, ""degree"": 5}",3.0,4.0,5.0,3.0
really," I see no prospect of the editor doing any constructive editing, and although the problems centre on editing the article, as discussed above there are some really objectionable talk page edits too.","{""is_modifier"": true, ""softens_harshness"": 2, ""formality"": 4, ""degree"": 4}",2.0,4.0,4.0,2.0
really, I believe no one would really go that far but let's be cautious regardless.,"{""is_modifier"": true, ""softens_harshness"": 6, ""formality"": 4, ""degree"": 2}",6.0,4.0,2.0,6.0
partially,": Incidentally, I don't think page protection would have been a reasonable option, since only one editor was concerned; if we were going to take action only in relation to the one page, then it had to be Isabelle's method of partially blocking the account.","{""is_modifier"": true, ""softens_harshness"": 7, ""formality"": 6, ""degree"": 5}",7.0,6.0,5.0,7.0
a bit," I find that he did not comprehend or understand that part, and some of his parts about working with the police to write crime on wikipedia is a bit hard considering that we are not working in that field.","{""is_modifier"": true, ""softens_harshness"": 8, ""formality"": 4, ""degree"": 4}",8.0,4.0,4.0,8.0
very," My name is Matthew Chenoweth wright, the creator of enuminous and archimedes, and AI researcher and a writer, and I would like to very politely object to and ask that you remove the block for my username, and allow for me to continue with this account?","{""is_modifier"": true, ""softens_harshness"": 8, ""formality"": 7, ""degree"": 5}",8.0,7.0,5.0,8.0
very," Being repeatedly attacked and threatened is very disturbing, even if one is confident that the threats are completely empty, and if there's even the slightest concern that the threats may come to something, it can be extremely disturbing.","{""is_modifier"": true, ""softens_harshness"": 3, ""formality"": 5, ""degree"": 5}",3.0,5.0,5.0,3.0
extremely," Being repeatedly attacked and threatened is very disturbing, even if one is confident that the threats are completely empty, and if there's even the slightest concern that the threats may come to something, it can be extremely disturbing.","{""is_modifier"": true, ""softens_harshness"": 3, ""formality"": 5, ""degree"": 5}",3.0,5.0,5.0,3.0
very," However, Isabelle Belato decided on a partial block, and so I left it at that for the time being, again expecting to totally indef-block very soon.","{""is_modifier"": true, ""softens_harshness"": 5, ""formality"": 5, ""degree"": 5}",5.0,5.0,5.0,5.0
really," When I posted my last message on their talk page, although as always I hoped for the best, I expected the worst, and intended that this was really their last chance.","{""is_modifier"": true, ""softens_harshness"": 4, ""formality"": 4, ""degree"": 2}",4.0,4.0,2.0,4.0
really,: I don't really know what it is that you are asking for.,"{""is_modifier"": true, ""softens_harshness"": 8, ""formality"": 4, ""degree"": 3}",8.0,4.0,3.0,8.0
kind of," I just want to mention it wasn't for blocking {{noping|Allenogs1}} that I ""thanked"" you (thanking people for blocks would be kind of crass) — but for the good way you put it.","{""is_modifier"": true, ""softens_harshness"": 8, ""formality"": 3, ""degree"": 3}",8.0,3.0,3.0,8.0
a little," Certainly their editing so far has not been constructive, but I'm not sure whether its mainly a matter of a good faith new editor who just needs a little experience and some advice, or whether there are bigger problems.","{""is_modifier"": true, ""softens_harshness"": 8, ""formality"": 4, ""degree"": 4}",8.0,4.0,4.0,8.0
sort of, I am not sure if this is some sort of AI bot or what.,"{""is_modifier"": true, ""softens_harshness"": 6, ""formality"": 4, ""degree"": 0}",6.0,4.0,0.0,6.0
really,": {{ping|Allenogs1}} I really didn't know what to make of this when I saw it, but having thought sbout it and checked the editing history again, I think it looks like SEO.","{""is_modifier"": true, ""softens_harshness"": 6, ""formality"": 4, ""degree"": 3}",6.0,4.0,3.0,6.0
kind of," I hadn't thought of it being some kind of AI bot, but now you've suggested it, I think it could well be.","{""is_modifier"": true, ""softens_harshness"": 6, ""formality"": 4, ""degree"": 0}",6.0,4.0,0.0,6.0
really," If, despite those considerations, you still think it should be renamed, that would certainly not be an uncontroversial move, so it really should be approached via a requested move.","{""is_modifier"": true, ""softens_harshness"": 4, ""formality"": 4, ""degree"": 3}",4.0,4.0,3.0,4.0
reasonably,"::: Having been a Wikipedia administrator since 2010, I believe that I have a reasonably good idea of what the deletion policy is, and I don't think it says that pages packed full of marketing speak and glowing encomiums of their subjects are immune to deletion provided they are in draftspace.","{""is_modifier"": true, ""softens_harshness"": 7, ""formality"": 6, ""degree"": 4}",7.0,6.0,4.0,7.0
very," It seems very unlikely that, after lying peacefully for about a year, the page suddenly started attracting loads of people, all from the same part of the world, and all posting exactly the same kind of nonsense, so it looks to me as though it may be all or almost all one person, doing a prodigious amount of IP hopping, & maybe using proxies too.","{""is_modifier"": true, ""softens_harshness"": 4, ""formality"": 5, ""degree"": 5}",4.0,5.0,5.0,4.0
fairly, I also saw that a few of the IP addresses are subject to fairly long range blocks.,"{""is_modifier"": true, ""softens_harshness"": 6, ""formality"": 5, ""degree"": 4}",6.0,5.0,4.0,6.0
pretty,"About the gratuitous asterisks, as best I can tell, it is a style of markup that more often than not is a pretty big indicator that the work is AI generated.","{""is_modifier"": true, ""softens_harshness"": 6, ""formality"": 2, ""degree"": 4}",6.0,2.0,4.0,6.0
quite," I first noticed that they were a promotion-only account since they were quite insistent in publishing the Roberts article (which is a clear indication of a single purpose account), even though the page was deleted previously under G11, they kept insisting.","{""is_modifier"": true, ""softens_harshness"": 4, ""formality"": 7, ""degree"": 4}",4.0,7.0,4.0,4.0
quite, I then searched further and noticed that their username matched the name of one of their companies (which made it quite obvious that they were in fact related to the subject in question).,"{""is_modifier"": true, ""softens_harshness"": 4, ""formality"": 6, ""degree"": 5}",4.0,6.0,5.0,4.0
very,": {{ping|Kylemahar902}} Yes, I saw that SPI, and didn't ""pick it up"", as you call it, because I was very unsure what to do about it.","{""is_modifier"": true, ""softens_harshness"": 6, ""formality"": 5, ""degree"": 5}",6.0,5.0,5.0,6.0
very," However, prompted by your message here, I've looked at it again, more thoroughly, and posted a message which you may think is not much more than a long and extended way of saying ""I'm very unsure what to do about it"".","{""is_modifier"": true, ""softens_harshness"": 5, ""formality"": 5, ""degree"": 5}",5.0,5.0,5.0,5.0
a bit," I got curious, and I started digging into this a bit more.","{""is_modifier"": true, ""softens_harshness"": 6, ""formality"": 4, ""degree"": 5}",6.0,4.0,5.0,6.0
a bit, I think we may have uncovered a bit of a rabbit hole here.,"{""is_modifier"": true, ""softens_harshness"": 8, ""formality"": 4, ""degree"": 3}",8.0,4.0,3.0,8.0
a little," Perhaps I might have been a bit presumptuous to assume you were involved with this issue, however it is a little odd to see a brand new account linking someone's website in a passage of their article as you did at Lynda Weinman, and making substantial contributions with primary sources to Airstream.","{""is_modifier"": true, ""softens_harshness"": 8, ""formality"": 4, ""degree"": 4}",8.0,4.0,4.0,8.0
a bit," Perhaps I might have been a bit presumptuous to assume you were involved with this issue, however it is a little odd to see a brand new account linking someone's website in a passage of their article as you did at Lynda Weinman, and making substantial contributions with primary sources to Airstream.","{""is_modifier"": true, ""softens_harshness"": 8, ""formality"": 4, ""degree"": 4}",8.0,4.0,4.0,8.0
very," That was not very nice of me, and I apologize.","{""is_modifier"": true, ""softens_harshness"": 7, ""formality"": 5, ""degree"": 5}",7.0,5.0,5.0,7.0
really,: {{ping|Peperoday}} I find it really difficult to know what to say to help in this situation.,"{""is_modifier"": true, ""softens_harshness"": 4, ""formality"": 4, ""degree"": 5}",4.0,4.0,5.0,4.0
mostly, They made 500 edits rapidly with mostly minor edits like adding templates.,"{""is_modifier"": true, ""softens_harshness"": 5, ""formality"": 5, ""degree"": 5}",5.0,5.0,5.0,5.0
very,I'd be very thankful if you would look into this.,"{""is_modifier"": true, ""softens_harshness"": 7, ""formality"": 6, ""degree"": 5}",7.0,6.0,5.0,7.0
quite," That may seem like making unnecessary work, but the article was quite short, and when I posted ""Abubaker Abed"" into Google I immediately hit plenty of sources, from which it would be easy to create a new article with more content than the deleted one.","{""is_modifier"": true, ""softens_harshness"": 6, ""formality"": 7, ""degree"": 5}",6.0,7.0,5.0,6.0
very, I'd be very thankful for some more detailed feedback and help.,"{""is_modifier"": true, ""softens_harshness"": 6, ""formality"": 6, ""degree"": 5}",6.0,6.0,5.0,6.0
really," A large part of the reason why I didn't is that I really don't know what I can say that is likely to help you, but I'll say a few things which I hope may clarify things for you.","{""is_modifier"": true, ""softens_harshness"": 6, ""formality"": 4, ""degree"": 4}",6.0,4.0,4.0,6.0
very,") Very often the writer would remove the particular examples I mentioned, and sometimes one or two other very similar ones, but leave the rest just as promotional as ever.","{""is_modifier"": true, ""softens_harshness"": 5, ""formality"": 5, ""degree"": 5}",5.0,5.0,5.0,5.0
very," If one or both of those applies to you, you may find it very difficult, or even impossible, to create an article in the way required for Wikipedia, no matter what advice or help you are given.","{""is_modifier"": true, ""softens_harshness"": 4, ""formality"": 5, ""degree"": 5}",4.0,5.0,5.0,4.0
pretty," I very much doubt it, because if he did satisfy the notability guidelines my searches would pretty certainly have produced some evidence, but I am perfectly willing to be proved wrong.","{""is_modifier"": true, ""softens_harshness"": 7, ""formality"": 3, ""degree"": 4}",7.0,3.0,4.0,7.0
very," I very much doubt it, because if he did satisfy the notability guidelines my searches would pretty certainly have produced some evidence, but I am perfectly willing to be proved wrong.","{""is_modifier"": true, ""softens_harshness"": 5, ""formality"": 5, ""degree"": 5}",5.0,5.0,5.0,5.0
very,"::::::Re Brian Solis draft, I appreciate your feedback very much.","{""is_modifier"": true, ""softens_harshness"": 5, ""formality"": 6, ""degree"": 5}",5.0,6.0,5.0,5.0
really," Not just in the ""they're really handy at a lot of points in the AfC process"" kind of way I mentioned to you earlier, but also with noticing and dealing with these patterns on your own.","{""is_modifier"": true, ""softens_harshness"": 5, ""formality"": 4, ""degree"": 4}",5.0,4.0,4.0,5.0
slightly," That said, I fully agree with what Asilvering said above; if you had the admin tools, and did nothing except look at deleted revisions at AfC, you'd still be an immense asset as an admin, and possibly slightly more likely to find situations like this before they get out of hand.","{""is_modifier"": true, ""softens_harshness"": 6, ""formality"": 5, ""degree"": 5}",6.0,5.0,5.0,6.0
mostly, This is a mostly a volunteer run site so backlogs happen.,"{""is_modifier"": true, ""softens_harshness"": 5, ""formality"": 5, ""degree"": 5}",5.0,5.0,5.0,5.0
quite,":::[https://en.wikipedia.org/w/index.php?title=Special%3AContributions&target=181.213.16.0%2F20&namespace=all&tagfilter=&start=&end=&limit=50 They have quite the fixation,] don't they?","{""is_modifier"": true, ""softens_harshness"": 6, ""formality"": 7, ""degree"": 4}",6.0,7.0,4.0,6.0
very,": You have evidently put a considerable amount of work into creating the draft, and the prospect of that work being likely to come to nothing must be very discouraging.","{""is_modifier"": true, ""softens_harshness"": 5, ""formality"": 5, ""degree"": 5}",5.0,5.0,5.0,5.0
very, It was in a very bad shape before.,"{""is_modifier"": true, ""softens_harshness"": 0, ""formality"": 5, ""degree"": 5}",0.0,5.0,5.0,0.0
quite," There's COI editing mixed into the editing history, intertwined with the other editing so much as to make untangling it look like quite a task.","{""is_modifier"": true, ""softens_harshness"": 6, ""formality"": 6, ""degree"": 4}",6.0,6.0,4.0,6.0
partially," Within the last 5 years alone there have been several occasions where asbestos was an active health hazard; windows were closed, air conditioning disabled, and barriers in place for weeks as construction occurred releasing asbestos powder into the air, a hole has been punched in a wall and two roofs have partially caved in resulting in temporary classroom evacuation and closure.","{""is_modifier"": true, ""softens_harshness"": 7, ""formality"": 6, ""degree"": 5}",7.0,6.0,5.0,7.0
mostly," [[Undetectable.ai]] History shows that the page has been nominated for deletion, but did not receive much larger objective discussion by mostly amateur nominators.","{""is_modifier"": true, ""softens_harshness"": 6, ""formality"": 5, ""degree"": 5}",6.0,5.0,5.0,6.0
partially,"* [https://en.wikipedia.org/w/index.php?title=Undetectable.ai&diff=1278198450&oldid=1217994890 cur][https://en.wikipedia.org/w/index.php?title=Undetectable.ai&diff=prev&oldid=1217994890 prev] <bdi>[https://en.wikipedia.org/w/index.php?title=Undetectable.ai&oldid=1217994890 03:47, 9 April 2024]</bdi> [[User:Sesame119|<bdi>Sesame119</bdi>]] [[User talk:Sesame119|talk]] [[Special:Contributions/Sesame119|contribs]]  12,654 bytes '''+1,489'''  I created a controversies section, partially taken from an existing page on actor Devan Leos who is also the CMO of Undetectable AI using sources that were already approved for that page.","{""is_modifier"": true, ""softens_harshness"": 7, ""formality"": 6, ""degree"": 5}",7.0,6.0,5.0,7.0
really,: There's really far more there than I am willing  to delve into.,"{""is_modifier"": true, ""softens_harshness"": 5, ""formality"": 4, ""degree"": 4}",5.0,4.0,4.0,5.0
really, If it really is a case of fraudsters abusing Wikipedia then possibly reporting at [[Wikipedia:Administrators' noticeboard/Incidents]] may be justified.,"{""is_modifier"": true, ""softens_harshness"": 6, ""formality"": 4, ""degree"": 2}",6.0,4.0,2.0,6.0
very," A very large proportion of those edits removed content without explanation, or added unsourced content without explanation, or both.","{""is_modifier"": true, ""softens_harshness"": 4, ""formality"": 5, ""degree"": 5}",4.0,5.0,5.0,4.0
somewhat," The reason I suspected they might be the same is because both users had added somewhat dubious ""by whom"" tags to articles, and I have come across other similar misuses of this tag by the blocked user before.","{""is_modifier"": true, ""softens_harshness"": 8, ""formality"": 6, ""degree"": 4}",8.0,6.0,4.0,8.0
relatively,"Hello, in December 2011, you fully protected these pages in response to IP vandalism/tinkering (see their page histories), which is a relatively unusual action.","{""is_modifier"": true, ""softens_harshness"": 6, ""formality"": 6, ""degree"": 4}",6.0,6.0,4.0,6.0
largely," The impetus for this request was my [https://en.wikipedia.org/w/index.php?title=Special:Log/Graham87&type=&user=Graham87&dir=prev&offset=20250326073210%7C168740288&limit=3 importation of old edits] to the sexism page and its talk page, and then my subsequent discovery that [[Talk:Sexism/Archive 1]] has some missing/out-of-order text, largely because of [[Special:Diff/8327017|this IP vandalism edit in December 2004]] and the [[Special:Diff/10074492|subsequent incomplete attempt to fix it]].","{""is_modifier"": true, ""softens_harshness"": 6, ""formality"": 7, ""degree"": 5}",6.0,7.0,5.0,6.0
rather,": {{ping|Graham87}} More than 13 years later I can't remember what prompted me to do that, but it was in my early days as an administrator, and I rather think that at the time I thought that archives should never be edited, so they might as well be fully protected.","{""is_modifier"": true, ""softens_harshness"": 7, ""formality"": 8, ""degree"": 3}",7.0,8.0,3.0,7.0
very,::Thanks very much; all fair enough.,"{""is_modifier"": true, ""softens_harshness"": 6, ""formality"": 6, ""degree"": 5}",6.0,6.0,5.0,6.0
very," It is, however, a very blunt instrument, as it targets all newcomer tasks, and also it points users to the top of the article regardless where improvement is needed.","{""is_modifier"": true, ""softens_harshness"": 3, ""formality"": 4, ""degree"": 5}",3.0,4.0,5.0,3.0
really," So I try to use it sparingly, but sometimes it's really needed.","{""is_modifier"": true, ""softens_harshness"": 4, ""formality"": 4, ""degree"": 5}",4.0,4.0,5.0,4.0
very," I know very little about how the newcomer task process works, but what I do know encourages me to think that the whole thing is well meant but misguided, and does far more harm than good.","{""is_modifier"": true, ""softens_harshness"": 6, ""formality"": 5, ""degree"": 5}",6.0,5.0,5.0,6.0
very, The original draft was in very poor condition—I had to practically rewrite it from nothing.,"{""is_modifier"": true, ""softens_harshness"": 0, ""formality"": 5, ""degree"": 5}",0.0,5.0,5.0,0.0
very, It is about very famous music media figure from Women in Music.,"{""is_modifier"": true, ""softens_harshness"": 5, ""formality"": 5, ""degree"": 5}",5.0,5.0,5.0,5.0
very, {{tq|When dealing with new users I am a very strong believer in avoiding the use of opaque acronyms.,"{""is_modifier"": true, ""softens_harshness"": 5, ""formality"": 5, ""degree"": 5}",5.0,5.0,5.0,5.0
very," ''""Treating employees like family was installed in Jayco from the very beginning""''.","{""is_modifier"": true, ""softens_harshness"": 5, ""formality"": 5, ""degree"": 1}",5.0,5.0,1.0,5.0
a bit," Seemed a bit awkward telling an admin what speedy deletion is and how it works, even if it's the generic warn.","{""is_modifier"": true, ""softens_harshness"": 7, ""formality"": 4, ""degree"": 5}",7.0,4.0,5.0,7.0
really,: {{ping|Polygnotus}} I am really sorry not to have responded.,"{""is_modifier"": true, ""softens_harshness"": 7, ""formality"": 4, ""degree"": 5}",7.0,4.0,5.0,7.0
a little, Wikipedia user pages are for editors who are active in working for the project to give a little information about themselves ''in connection with their work for the encyclopaedia''; they are not places to post any other kind of material.,"{""is_modifier"": true, ""softens_harshness"": 7, ""formality"": 4, ""degree"": 5}",7.0,4.0,5.0,7.0
a bit, I'm sure you can appreciate that there's a bit of a learning curb here for new users.,"{""is_modifier"": true, ""softens_harshness"": 8, ""formality"": 4, ""degree"": 4}",8.0,4.0,4.0,8.0
really," My confusion really stems from being denied notability of the artist, yet providing many sources which prove the notability.","{""is_modifier"": true, ""softens_harshness"": 4, ""formality"": 4, ""degree"": 2}",4.0,4.0,2.0,4.0
very," There has in fact been a very small amount of vandalism, such as [https://en.wikipedia.org/w/index.php?title=Home_appliance&diff=prev&oldid=1057755464 this], but not enough to be a significant factor in the protection.","{""is_modifier"": true, ""softens_harshness"": 7, ""formality"": 5, ""degree"": 5}",7.0,5.0,5.0,7.0
mostly," In that time 93% of the edits were made up of, one the one hand, unconstructive editing (mostly spam, but also some vandalism and other unhelpful editing) and, on the other hand, editors wasting time on reverting that unconstructive editing; 7% of the edits were constructive edits by autoconfirmed editors, so that it would not have been stopped by semiprotection; 0% were useful edits that would have been stopped by semiprotection.","{""is_modifier"": true, ""softens_harshness"": 5, ""formality"": 5, ""degree"": 5}",5.0,5.0,5.0,5.0
very," As I said, those statistics apply to the year before I applied protection, but the situation was very similar before that, as Johnuniq had said more than a year before when he applied protection which he said was because of ""Persistent spamming"".","{""is_modifier"": true, ""softens_harshness"": 5, ""formality"": 5, ""degree"": 5}",5.0,5.0,5.0,5.0
fairly,"Hallo, you deleted [[Polytechnic University (Dawei)]] as ""Mass deletion of pages added by Yuzy Okkotsu1: block evasion by AungKaung932"", but I'm fairly sure that this is an article I spent quite some time improving, adding sources and its history, uploading its logo, creating incoming redirects (the deletion of which is what has alerted me to the deletion, as I didn't add this article to my watchlist), etc.","{""is_modifier"": true, ""softens_harshness"": 7, ""formality"": 5, ""degree"": 5}",7.0,5.0,5.0,7.0
quite,"Hallo, you deleted [[Polytechnic University (Dawei)]] as ""Mass deletion of pages added by Yuzy Okkotsu1: block evasion by AungKaung932"", but I'm fairly sure that this is an article I spent quite some time improving, adding sources and its history, uploading its logo, creating incoming redirects (the deletion of which is what has alerted me to the deletion, as I didn't add this article to my watchlist), etc.","{""is_modifier"": true, ""softens_harshness"": 6, ""formality"": 7, ""degree"": 4}",6.0,7.0,4.0,6.0
mostly," I was introduced to editing by the late Andrew Cooper, library staff, who edited prolifically, mostly on opera, as [[User:GuillaumeTell]]!","{""is_modifier"": true, ""softens_harshness"": 5, ""formality"": 5, ""degree"": 5}",5.0,5.0,5.0,5.0
really, We really don't want any high priority lint errors in Wikipedia.,"{""is_modifier"": true, ""softens_harshness"": 4, ""formality"": 3, ""degree"": 5}",4.0,3.0,5.0,4.0
very," For example, centering is necessarily a block-level task, as this hypothetical markup <code><nowiki>Thank <center>you</center> very much</nowiki></code> is absurd, you can't center a word in the middle of a sentence.","{""is_modifier"": true, ""softens_harshness"": 5, ""formality"": 5, ""degree"": 5}",5.0,5.0,5.0,5.0
very," I've been needing to be very direct recently with some people in my life who've asked for my knowledge and then don't take it, and then return to me wondering why things still aren't working for them, so some of that leaked in to my tone after seeing these issues had returned.","{""is_modifier"": true, ""softens_harshness"": 2, ""formality"": 5, ""degree"": 5}",2.0,5.0,5.0,2.0
pretty," For this, @[[User:Jonesey95|Jonesey95]] took the intent of keeping the display identical, and I took the intent of author as the deciding factor since that seemed pretty straight forward.","{""is_modifier"": true, ""softens_harshness"": 6, ""formality"": 3, ""degree"": 4}",6.0,3.0,4.0,6.0
rather,"{{ping|Zinnober9|Anomalocaris|Jonesey95}} Well, there are numerous points above that I have thoughts about and could comment on, but it seems unlikely that there's any point in dwelling any more on this rather trivial matter, which has already generated more heat than it is worth.","{""is_modifier"": true, ""softens_harshness"": 7, ""formality"": 7, ""degree"": 4}",7.0,7.0,4.0,7.0
very,"I think this is a very plausible misspelling of ""conjunction"" (c.","{""is_modifier"": true, ""softens_harshness"": 6, ""formality"": 5, ""degree"": 5}",6.0,5.0,5.0,6.0
fairly," I did a fairly quick check, and the really obvious problem that I saw was one IP editor edit warring to repeatedly add non-neutral content, so I've partially blocked the IP range from that article.","{""is_modifier"": true, ""softens_harshness"": 6, ""formality"": 5, ""degree"": 4}",6.0,5.0,4.0,6.0
partially," I did a fairly quick check, and the really obvious problem that I saw was one IP editor edit warring to repeatedly add non-neutral content, so I've partially blocked the IP range from that article.","{""is_modifier"": true, ""softens_harshness"": 7, ""formality"": 6, ""degree"": 5}",7.0,6.0,5.0,7.0
really," I did a fairly quick check, and the really obvious problem that I saw was one IP editor edit warring to repeatedly add non-neutral content, so I've partially blocked the IP range from that article.","{""is_modifier"": true, ""softens_harshness"": 4, ""formality"": 4, ""degree"": 5}",4.0,4.0,5.0,4.0
very," The definition of the criterion says ""sufficiently identical"", which is not very helpful: how sufficient is sufficient?","{""is_modifier"": true, ""softens_harshness"": 7, ""formality"": 5, ""degree"": 4}",7.0,5.0,4.0,7.0
really," Anyway, because of that range of opinions, unless the content really is virtually identical I am almost always willing to restore a page that I have G4 deleted on request, though I reserve the right to immediately take it back to a deletion discussion if I think it reasonable to do so.","{""is_modifier"": true, ""softens_harshness"": 5, ""formality"": 4, ""degree"": 2}",5.0,4.0,2.0,5.0
very,"  Since you're an experienced contributor, I would be very grateful if you could take a moment to review the draft and provide your feedback or suggestions before I move forward with submission.","{""is_modifier"": true, ""softens_harshness"": 7, ""formality"": 6, ""degree"": 5}",7.0,6.0,5.0,7.0
pretty," Pretty stupid of them to tell us, so that we can take precautions.","{""is_modifier"": true, ""softens_harshness"": 6, ""formality"": 3, ""degree"": 5}",6.0,3.0,5.0,6.0
very," If that is true then it was done in a very subtle way, because it isn't at all obvious to me that the original versions of the articles, as created by Mmns21, were mocking anyone.","{""is_modifier"": true, ""softens_harshness"": 5, ""formality"": 5, ""degree"": 5}",5.0,5.0,5.0,5.0
very,*:Thank you very much for your detailed and thoughtful response regarding the deletion request for the articles [[Ćaci u školu]] and [[Ćaciland Protest Camp]].,"{""is_modifier"": true, ""softens_harshness"": 6, ""formality"": 6, ""degree"": 5}",6.0,6.0,5.0,6.0
very,"*:I was very careful in my approach, aiming to use a wide variety of original sources to ensure transparency, a practice I value highly.","{""is_modifier"": true, ""softens_harshness"": 5, ""formality"": 5, ""degree"": 5}",5.0,5.0,5.0,5.0
very, Your response has been very reassuring.,"{""is_modifier"": true, ""softens_harshness"": 6, ""formality"": 5, ""degree"": 5}",6.0,5.0,5.0,6.0
really," I'm really not trying to be difficult, but why are these new sources being ignored when they now establish [[WP:N]]?","{""is_modifier"": true, ""softens_harshness"": 7, ""formality"": 4, ""degree"": 1}",7.0,4.0,1.0,7.0
pretty," It's a pretty big new development, plus other news stories like this one or this one.","{""is_modifier"": true, ""softens_harshness"": 6, ""formality"": 3, ""degree"": 4}",6.0,3.0,4.0,6.0
very," It is very insightful, and I appreciate your attention to detail.","{""is_modifier"": true, ""softens_harshness"": 5, ""formality"": 5, ""degree"": 5}",5.0,5.0,5.0,5.0
very," On behalf of the [[WP:Birthday Committee|Birthday Committee]], I'd like to wish you a very happy  anniversary of your [https://en.wikipedia.org/wiki/Special:Log?type=rights&page=User%3AJBW successful request for adminship].","{""is_modifier"": true, ""softens_harshness"": 5, ""formality"": 5, ""degree"": 5}",5.0,5.0,5.0,5.0
very,"|style=""text-align:left; width: 100%"" |Wishing <b>[[User:JBW|JBW]]</b> a very [https://en.wikipedia.org/wiki/Special:Log?type=rights&page=User%3AJBW '''happy adminship anniversary'''] on behalf of the '''[[WP:BDC|Wikipedia Birthday Committee]]'''!","{""is_modifier"": true, ""softens_harshness"": 5, ""formality"": 5, ""degree"": 5}",5.0,5.0,5.0,5.0
a bit," However, I'm afraid it's one of those cases where the best that can be hoped for is making things a bit more difficult for the vandal, perhaps limiting the damage until they get bored and go away.","{""is_modifier"": true, ""softens_harshness"": 7, ""formality"": 3, ""degree"": 4}",7.0,3.0,4.0,7.0
very," However, someone's personal web page (very likely yours) is not a reliable source, and when that page cites the Wikipedia article as a source too, citing it as a source in the Wikipedia article is just silly.","{""is_modifier"": true, ""softens_harshness"": 4, ""formality"": 5, ""degree"": 5}",4.0,5.0,5.0,4.0
slightly," In fact the first creation of [[Lemon tree hotels]] was speedily deleted as promotional, but the person who had created it just created it again under the slightly different title [[Lemon Tree Hotels]], and it escaped being deleted again.","{""is_modifier"": true, ""softens_harshness"": 5, ""formality"": 5, ""degree"": 5}",5.0,5.0,5.0,5.0
very," However, my advice is that if you do decide to do that then you should wait until you have more experience of editing Wikipedia, and in particular more experience of AfDs, because new editors taking articles to AfD very often don't get anywhere because they don't know what kind of thing is likely to work.","{""is_modifier"": true, ""softens_harshness"": 5, ""formality"": 5, ""degree"": 5}",5.0,5.0,5.0,5.0
really,"::And all this resources which used the A------- Gulf are really new contents, (the oldest one is after WW2), there were news papers, TV, Radio and everything already!","{""is_modifier"": true, ""softens_harshness"": 5, ""formality"": 3, ""degree"": 4}",5.0,3.0,4.0,5.0
really, It really helps the speedy deletion process to have them emptied.,"{""is_modifier"": true, ""softens_harshness"": 6, ""formality"": 4, ""degree"": 4}",6.0,4.0,4.0,6.0
really," Although I didn't really notice there was a discussion, I saw it after it was deleted.","{""is_modifier"": true, ""softens_harshness"": 7, ""formality"": 3, ""degree"": 3}",7.0,3.0,3.0,7.0
very,":And even you can search in block 1 at user Alirana24 talk page I have also mentioned this account very early their to reply to JBW [[User:M. Ali Rana|M. Ali Rana]] ([[User talk:M. Ali Rana|talk]]) 20:17, 14 July 2025 (UTC)","{""is_modifier"": true, ""softens_harshness"": 5, ""formality"": 5, ""degree"": 5}",5.0,5.0,5.0,5.0
very,": {{Ping|Doug Weller}} At a very quick glance it looks as though you may be right, but I don't have time to check now.","{""is_modifier"": true, ""softens_harshness"": 5, ""formality"": 5, ""degree"": 5}",5.0,5.0,5.0,5.0
really, I would really appreciate your guidance on whether the topic might still be eligible for inclusion if written or submitted differently — perhaps by a third party or through suggested improvements.,"{""is_modifier"": true, ""softens_harshness"": 6, ""formality"": 4, ""degree"": 4}",6.0,4.0,4.0,6.0
very,Thank you very much for your time and for all the work you do for the Wikipedia community.,"{""is_modifier"": true, ""softens_harshness"": 5, ""formality"": 6, ""degree"": 5}",5.0,6.0,5.0,5.0
very, They don't seem very meaningful.,"{""is_modifier"": true, ""softens_harshness"": 7, ""formality"": 5, ""degree"": 5}",7.0,5.0,5.0,7.0
extremely,"::When the articles is as contentious as a biographical article on a controversial figure like Jeffrey Sachs, freely editing the article without regard to consensus is extremely damaging.","{""is_modifier"": true, ""softens_harshness"": 0, ""formality"": 5, ""degree"": 5}",0.0,5.0,5.0,0.0
rather,"* The article you mention is more than just rather similar to its earlier incarnation; there is a substantial amount of text which is identical, to an extent that would be impossible unless the new account had access to a copy of the old version.","{""is_modifier"": true, ""softens_harshness"": 7, ""formality"": 7, ""degree"": 4}",7.0,7.0,4.0,7.0
pretty," That alone would be enough to make me pretty damned certain that this is a new sockpuppet, but.","{""is_modifier"": true, ""softens_harshness"": 6, ""formality"": 3, ""degree"": 5}",6.0,3.0,5.0,6.0
very," That is '''particularly '''important in the case of a user talk page, because barring very exceptional circumstances a user talk page can't be deleted if its history has any valid content at all.","{""is_modifier"": true, ""softens_harshness"": 5, ""formality"": 4, ""degree"": 4}",5.0,4.0,4.0,5.0
very," As I [[Special:PermanentLink/1304676476#Renaming_accounts_with_no_history|explained to FlightTime]], renaming such accounts is fine, as renames don't take up very many technical resources anymore; you can't register multiple accounts with the same email address; and renaming preserves user preferences.","{""is_modifier"": true, ""softens_harshness"": 5, ""formality"": 5, ""degree"": 4}",5.0,5.0,4.0,5.0
very," On behalf of the [[WP:Birthday Committee|Birthday Committee]], I'd like to wish you a very happy  anniversary of the day you made [https://en.wikipedia.org/w/index.php?title=Special:Contributions/JBW&dir=prev&limit=1 your first edit] and became a Wikipedian!","{""is_modifier"": true, ""softens_harshness"": 5, ""formality"": 5, ""degree"": 5}",5.0,5.0,5.0,5.0
extremely," The history makes it look extremely likely that they will jump back into any IP address they have used before if their recent ones are blocked, and the risk of collateral damage is virtually nil, as nobody else has edited on the range that I blocked for well over four years.","{""is_modifier"": true, ""softens_harshness"": 4, ""formality"": 5, ""degree"": 5}",4.0,5.0,5.0,4.0
kind of," Sorry, but it's kind of funny!","{""is_modifier"": true, ""softens_harshness"": 8, ""formality"": 3, ""degree"": 4}",8.0,3.0,4.0,8.0
rather,": {{ping|Yowashi}} OK, it took me rather longer to get back to this than I expected.","{""is_modifier"": true, ""softens_harshness"": 7, ""formality"": 8, ""degree"": 4}",7.0,8.0,4.0,7.0
very," (2) In the case of a person who persistently makes unconstructive edits to just one article or two articles, article protection is often very effective in stopping them.","{""is_modifier"": true, ""softens_harshness"": 4, ""formality"": 5, ""degree"": 5}",4.0,5.0,5.0,4.0
very, Protecting certain articles is very unlikely to make them go away; it may very well just make them move on to other articles.,"{""is_modifier"": true, ""softens_harshness"": 4, ""formality"": 5, ""degree"": 5}",4.0,5.0,5.0,4.0
very,*I still stand my views that we should not have this category and I still do not think it would fit the very narrow reasons why we allow categories.,"{""is_modifier"": true, ""softens_harshness"": 4, ""formality"": 5, ""degree"": 5}",4.0,5.0,5.0,4.0
partially,": {{u|Skywatcher68}} Since there's been no constructive editing on any page, and blocking them from that article would be very likely to just move them onto other pages to vandalise, I've blocked totally rather than partially.","{""is_modifier"": true, ""softens_harshness"": 5, ""formality"": 7, ""degree"": 5}",5.0,7.0,5.0,5.0
very,": {{u|Skywatcher68}} Since there's been no constructive editing on any page, and blocking them from that article would be very likely to just move them onto other pages to vandalise, I've blocked totally rather than partially.","{""is_modifier"": true, ""softens_harshness"": 4, ""formality"": 5, ""degree"": 4}",4.0,5.0,4.0,4.0
very, Please feel very welcome to tell me if you see any more of the same.,"{""is_modifier"": true, ""softens_harshness"": 7, ""formality"": 5, ""degree"": 5}",7.0,5.0,5.0,7.0
very,::Thank you very much!,"{""is_modifier"": true, ""softens_harshness"": 5, ""formality"": 6, ""degree"": 5}",5.0,6.0,5.0,5.0
relatively, Two relatively short blocks haven't helped.,"{""is_modifier"": true, ""softens_harshness"": 6, ""formality"": 7, ""degree"": 4}",6.0,7.0,4.0,6.0
very," Most of the editing seemed to me to be unhelpful, but probably done in good faith, and it seemed very likely that they honestly didn't realise what was wrong with what they were doing.","{""is_modifier"": true, ""softens_harshness"": 6, ""formality"": 5, ""degree"": 4}",6.0,5.0,4.0,6.0
really,":: Sorry to impose that on you, which you didn't want and probably didn't need, but the persistent use of that message, without even bothering to add a few words of explanation to it, is one of the things which really irritate me, and I just felt compelled to mention it.","{""is_modifier"": true, ""softens_harshness"": 4, ""formality"": 4, ""degree"": 4}",4.0,4.0,4.0,4.0
really,::{{tq|[S]ince you evidently like such pointless redirects}}: I don't really care about {{tl|R from sort name}}s one way or the other.,"{""is_modifier"": true, ""softens_harshness"": 7, ""formality"": 4, ""degree"": 2}",7.0,4.0,2.0,7.0
rather," I blame recent lack of sleep, which has left me rather on edge and irritable.","{""is_modifier"": true, ""softens_harshness"": 7, ""formality"": 7, ""degree"": 5}",7.0,7.0,5.0,7.0
very,::I'm very disappointed you seem not to understand such a basic policy as speedy deletion (see also the section directly above).,"{""is_modifier"": true, ""softens_harshness"": 2, ""formality"": 5, ""degree"": 5}",2.0,5.0,5.0,2.0
very,"-- Template:uw-vandalism3 --><b>[[User:Yoshi24517|<span style=""color:#00c700;font-family:'Rockwell'"">Yoshi24517</span>]] ([[User talk:Yoshi24517|<span style=""color:black;font-family:'Rockwell'"">Chat</span>]]) (<span style=""color:red;font-family:'Rockwell'"">Very Busy</span>)</b> 20:00, 27 January 2025 (UTC)","{""is_modifier"": true, ""softens_harshness"": 5, ""formality"": 5, ""degree"": 5}",5.0,5.0,5.0,5.0
quite," Only two cases are mentioned (both still ongoing) that are quite ordinary in the activity of a lawyer, specially the second.","{""is_modifier"": true, ""softens_harshness"": 7, ""formality"": 7, ""degree"": 4}",7.0,7.0,4.0,7.0
very," You have to prove this subject is notable by the [[Wikipedia:Notability|general notability guideline]] or the [[Wikipedia:Notability (people)|people notability basic criteria]], at the very least.","{""is_modifier"": true, ""softens_harshness"": 5, ""formality"": 5, ""degree"": 0}",5.0,5.0,0.0,5.0
very,"-- Template:uw-unsourced2 --> <b>[[User:Yoshi24517|<span style=""color:#00c700;font-family:'Rockwell'"">Yoshi24517</span>]] ([[User talk:Yoshi24517|<span style=""color:black;font-family:'Rockwell'"">Chat</span>]]) (<span style=""color:red;font-family:'Rockwell'"">Very Busy</span>)</b> 18:31, 27 January 2025 (UTC)","{""is_modifier"": true, ""softens_harshness"": 5, ""formality"": 5, ""degree"": 5}",5.0,5.0,5.0,5.0
very,"-- Template:uw-vandalism3 --><b>[[User:Yoshi24517|<span style=""color:#00c700;font-family:'Rockwell'"">Yoshi24517</span>]] ([[User talk:Yoshi24517|<span style=""color:black;font-family:'Rockwell'"">Chat</span>]]) (<span style=""color:red;font-family:'Rockwell'"">Very Busy</span>)</b> 18:35, 27 January 2025 (UTC)","{""is_modifier"": true, ""softens_harshness"": 5, ""formality"": 5, ""degree"": 5}",5.0,5.0,5.0,5.0
very,"-- Template:uw-vandalism4 --> <b>[[User:Yoshi24517|<span style=""color:#00c700;font-family:'Rockwell'"">Yoshi24517</span>]] ([[User talk:Yoshi24517|<span style=""color:black;font-family:'Rockwell'"">Chat</span>]]) (<span style=""color:red;font-family:'Rockwell'"">Very Busy</span>)</b> 18:45, 27 January 2025 (UTC)","{""is_modifier"": true, ""softens_harshness"": 5, ""formality"": 5, ""degree"": 5}",5.0,5.0,5.0,5.0
very,"-- Template:uw-vandalism2 --><b>[[User:Yoshi24517|<span style=""color:#00c700;font-family:'Rockwell'"">Yoshi24517</span>]] ([[User talk:Yoshi24517|<span style=""color:black;font-family:'Rockwell'"">Chat</span>]]) (<span style=""color:red;font-family:'Rockwell'"">Very Busy</span>)</b> 18:41, 27 January 2025 (UTC)","{""is_modifier"": true, ""softens_harshness"": 5, ""formality"": 5, ""degree"": 5}",5.0,5.0,5.0,5.0
extremely,":The word ""dalit"" is considered extremely offensive, especially by the Buddhists of India.","{""is_modifier"": true, ""softens_harshness"": 0, ""formality"": 5, ""degree"": 5}",0.0,5.0,5.0,0.0
very, Salmin Swaggz is a very big artist in Tanzania it's sad he didn't have a professional Wikipedia page.,"{""is_modifier"": true, ""softens_harshness"": 5, ""formality"": 5, ""degree"": 5}",5.0,5.0,5.0,5.0
very, I am not very experienced with this.,"{""is_modifier"": true, ""softens_harshness"": 7, ""formality"": 5, ""degree"": 5}",7.0,5.0,5.0,7.0
very,"-- Template:uw-test1 --><b>[[User:Yoshi24517|<span style=""color:#00c700;font-family:'Rockwell'"">Yoshi24517</span>]] ([[User talk:Yoshi24517|<span style=""color:black;font-family:'Rockwell'"">Chat</span>]]) (<span style=""color:red;font-family:'Rockwell'"">Very Busy</span>)</b> 18:16, 27 January 2025 (UTC)","{""is_modifier"": true, ""softens_harshness"": 5, ""formality"": 5, ""degree"": 5}",5.0,5.0,5.0,5.0
very,"-- Template:uw-test2 --><b>[[User:Yoshi24517|<span style=""color:#00c700;font-family:'Rockwell'"">Yoshi24517</span>]] ([[User talk:Yoshi24517|<span style=""color:black;font-family:'Rockwell'"">Chat</span>]]) (<span style=""color:red;font-family:'Rockwell'"">Very Busy</span>)</b> 18:19, 27 January 2025 (UTC)","{""is_modifier"": true, ""softens_harshness"": 5, ""formality"": 5, ""degree"": 5}",5.0,5.0,5.0,5.0
very,"-- Template:uw-delete1 --><b>[[User:Yoshi24517|<span style=""color:#00c700;font-family:'Rockwell'"">Yoshi24517</span>]] ([[User talk:Yoshi24517|<span style=""color:black;font-family:'Rockwell'"">Chat</span>]]) (<span style=""color:red;font-family:'Rockwell'"">Very Busy</span>)</b> 18:17, 27 January 2025 (UTC)","{""is_modifier"": true, ""softens_harshness"": 5, ""formality"": 5, ""degree"": 5}",5.0,5.0,5.0,5.0
very," <b>[[User:Yoshi24517|<span style=""color:#00c700;font-family:'Rockwell'"">Yoshi24517</span>]] ([[User talk:Yoshi24517|<span style=""color:black;font-family:'Rockwell'"">Chat</span>]]) (<span style=""color:red;font-family:'Rockwell'"">Very Busy</span>)</b> 18:19, 27 January 2025 (UTC)<!","{""is_modifier"": true, ""softens_harshness"": 5, ""formality"": 5, ""degree"": 5}",5.0,5.0,5.0,5.0
very,"-- Template:uw-delete3 --><b>[[User:Yoshi24517|<span style=""color:#00c700;font-family:'Rockwell'"">Yoshi24517</span>]] ([[User talk:Yoshi24517|<span style=""color:black;font-family:'Rockwell'"">Chat</span>]]) (<span style=""color:red;font-family:'Rockwell'"">Very Busy</span>)</b> 18:20, 27 January 2025 (UTC)","{""is_modifier"": true, ""softens_harshness"": 5, ""formality"": 5, ""degree"": 5}",5.0,5.0,5.0,5.0
extremely,"  If a source makes a small claim and presents two larger counter claims, the material it supports should present one claim and two counter claims instead of presenting the one claim as extremely large while excluding or downplaying the counter claims.","{""is_modifier"": true, ""softens_harshness"": 4, ""formality"": 5, ""degree"": 5}",4.0,5.0,5.0,4.0
very,"-- Template:uw-vandalism1 --><b>[[User:Yoshi24517|<span style=""color:#00c700;font-family:'Rockwell'"">Yoshi24517</span>]] ([[User talk:Yoshi24517|<span style=""color:black;font-family:'Rockwell'"">Chat</span>]]) (<span style=""color:red;font-family:'Rockwell'"">Very Busy</span>)</b> 18:18, 27 January 2025 (UTC)","{""is_modifier"": true, ""softens_harshness"": 5, ""formality"": 5, ""degree"": 5}",5.0,5.0,5.0,5.0
very,":i am very very sorry and I will refrain from all vandalism [[User:Kelce+Swift|Kelce+Swift]] ([[User talk:Kelce+Swift#top|talk]]) 20:14, 28 January 2025 (UTC)","{""is_modifier"": true, ""softens_harshness"": 7, ""formality"": 4, ""degree"": 5}",7.0,4.0,5.0,7.0
very,"-- Template:uw-test1 --><b>[[User:Yoshi24517|<span style=""color:#00c700;font-family:'Rockwell'"">Yoshi24517</span>]] ([[User talk:Yoshi24517|<span style=""color:black;font-family:'Rockwell'"">Chat</span>]]) (<span style=""color:red;font-family:'Rockwell'"">Very Busy</span>)</b> 18:21, 27 January 2025 (UTC)","{""is_modifier"": true, ""softens_harshness"": 5, ""formality"": 5, ""degree"": 5}",5.0,5.0,5.0,5.0
really,"::I’m just really wanting to check regarding the inclusion of the social media rep’s name from a privacy standpoint whether it should be left or the edit history suppressed, that’s all I’m concerned about - I simply don’t know either way :) [[User:Danners430|Danners430]] ([[User talk:Danners430|talk]]) 15:39, 15 November 2024 (UTC)","{""is_modifier"": true, ""softens_harshness"": 7, ""formality"": 3, ""degree"": 2}",7.0,3.0,2.0,7.0
relatively, I think I'll take the implicit hint and make the RFA live relatively soon.,"{""is_modifier"": true, ""softens_harshness"": 6, ""formality"": 6, ""degree"": 4}",6.0,6.0,4.0,6.0
a little, I was just thinking of you saying a little bit about my contributions from a technical angle (perhaps something from the technical village pump .,"{""is_modifier"": true, ""softens_harshness"": 8, ""formality"": 4, ""degree"": 4}",8.0,4.0,4.0,8.0
very,:::::::::Thanks very much for your latest comment there and I'm so sorry to put you through all that.,"{""is_modifier"": true, ""softens_harshness"": 6, ""formality"": 6, ""degree"": 5}",6.0,6.0,5.0,6.0
pretty,":As to the likelihood of a racehorse having an article: pretty much all winners of [[British Classic Races]] are going to be [[WP:GNG|notable]], since all the major mainstream newspapers cover these races.","{""is_modifier"": true, ""softens_harshness"": 6, ""formality"": 3, ""degree"": 4}",6.0,3.0,4.0,6.0
somewhat," Lately I have felt the pace upped somewhat, in my case by ai stuff.","{""is_modifier"": true, ""softens_harshness"": 7, ""formality"": 6, ""degree"": 5}",7.0,6.0,5.0,7.0
very," Your expertise, and your bookshelf, could be very helpful in upgrading some of the articles under consideration.","{""is_modifier"": true, ""softens_harshness"": 5, ""formality"": 5, ""degree"": 5}",5.0,5.0,5.0,5.0
a bit,"As the book isn't being cited, I'm a bit puzzled as to why you think the <nowiki>{{cite book}}</nowiki> template is appropriate?","{""is_modifier"": true, ""softens_harshness"": 8, ""formality"": 4, ""degree"": 4}",8.0,4.0,4.0,8.0
really," If I get really obsessed I shall buy it [https://www.ebay.co.uk/itm/166936123180?_skw=nottingham+towards+kirby-in-ashfield&epid=10046708448&itmmeta=01JJ31QFS1ZKJB6T1P0MQACM0G&hash=item26de2b172c:g:Bo4AAOSw6cRgip2T&itmprp=enc%3AAQAJAAAA4HoV3kP08IDx%2BKZ9MfhVJKlcZgmk1LZbNaqm%2BOIshCWkAuhOLSQfo2WLo5aEaeKFInXoblA6Z3mPD%2BHF3bP348JL98FsZIa4d3qQruBfcHiYauz7xVGabkCFum1bYzJczfDg7b%2F9NwDLVWsIfOtXWRCRqGDjwKp5uoL8XfemSK%2FrHLtDI82EN%2BF6qrekCR15o7T3v0oEyf0HYwTal0Eb3AKijCFQLwnN8eoxUPqn6x6EcP6mLC2WXPUrovk1qFmaOTtv%2F7VB%2B7WPUblzn2WdnQNM%2FaroerlT1sZO88H8rxbe%7Ctkp%3ABk9SR9T83eGQZQ online], pay the exorbitant shipping costs, and cite it myself!","{""is_modifier"": true, ""softens_harshness"": 5, ""formality"": 4, ""degree"": 5}",5.0,4.0,5.0,5.0
very, It’s one of the many odd quirks of Wikipedia - my grandfather was born in Annesley and likely travelled on that very line.,"{""is_modifier"": true, ""softens_harshness"": 5, ""formality"": 6, ""degree"": 0}",5.0,6.0,0.0,5.0
mostly," To celebrate: mostly flowers pics from vacation ;) --[[User:Gerda Arendt|Gerda Arendt]] ([[User talk:Gerda Arendt|talk]]) 09:00, 21 January 2025 (UTC)","{""is_modifier"": true, ""softens_harshness"": 5, ""formality"": 5, ""degree"": 5}",5.0,5.0,5.0,5.0
very," The report on Chivers occupation crossing (1976) blames the road driver, and in mentioning the 1970 accident, remarking that the two occurrences were <q>very similar</q>.","{""is_modifier"": true, ""softens_harshness"": 5, ""formality"": 5, ""degree"": 5}",5.0,5.0,5.0,5.0
really, I really do not understand how Categories work on here yet.,"{""is_modifier"": true, ""softens_harshness"": 4, ""formality"": 4, ""degree"": 5}",4.0,4.0,5.0,4.0
rather,":::::[[Template:Decade in nationality music category]] looks rather complicated, I wouldn't want to replicate that for comedy.","{""is_modifier"": true, ""softens_harshness"": 7, ""formality"": 7, ""degree"": 4}",7.0,7.0,4.0,7.0
a bit, None of this was intentional I was just trying to follow your advice and ensure compliance with [[WP:RFCBRIEF]] but rushed it a bit too much.,"{""is_modifier"": true, ""softens_harshness"": 7, ""formality"": 3, ""degree"": 4}",7.0,3.0,4.0,7.0
a bit,::::I’ve been struggling a bit with all the technical aspects and it’s been tricky organising the RfC while making sure everything was properly in place.,"{""is_modifier"": true, ""softens_harshness"": 8, ""formality"": 4, ""degree"": 4}",8.0,4.0,4.0,8.0
rather,""" which I thought was rather insulting.","{""is_modifier"": true, ""softens_harshness"": 7, ""formality"": 8, ""degree"": 4}",7.0,8.0,4.0,7.0
reasonably,"::Apologies, as the last time I asked for advice it went from reasonably innocent to pointy and personal attacks in the time it took to message yourself.","{""is_modifier"": true, ""softens_harshness"": 6, ""formality"": 6, ""degree"": 4}",6.0,6.0,4.0,6.0
quite,"::::No worries at all - we all have real lives :) Quite often things like these don’t go as rapid, so there’s time to leave a message on a talk page for advice… and others, like here, it’s all over in the space of an hour or so… [[User:Danners430|Danners430]] ([[User talk:Danners430|talk]]) 18:07, 19 March 2025 (UTC)","{""is_modifier"": true, ""softens_harshness"": 6, ""formality"": 6, ""degree"": 3}",6.0,6.0,3.0,6.0
mostly," - [[St. Martin, Idstein#Pachelbel|We sang]] works for (mostly) double choir by [[Johann Pachelbel|Pachelbel]], [[Johann Christoph Bach]], [[Johann Kuhnau|Kuhnau]]/[[Johann Sebastian Bach|Bach]], [[Charles Gounod|Gounod]] and [[Josef Rheinberger|Rheinberger]]!","{""is_modifier"": true, ""softens_harshness"": 5, ""formality"": 5, ""degree"": 5}",5.0,5.0,5.0,5.0
fairly,"Thanks for cleaning up my tables at [[Selby rail crash]], I admittedly have fairly limited experience with them so was relying on [[Help:Table]] quite heavily.","{""is_modifier"": true, ""softens_harshness"": 7, ""formality"": 6, ""degree"": 4}",7.0,6.0,4.0,7.0
quite,"Thanks for cleaning up my tables at [[Selby rail crash]], I admittedly have fairly limited experience with them so was relying on [[Help:Table]] quite heavily.","{""is_modifier"": true, ""softens_harshness"": 6, ""formality"": 6, ""degree"": 4}",6.0,6.0,4.0,6.0
slightly," You may need to adjust the ""contrast"" or ""brightness"" settings of your monitor to make it show up, but for me, it shows as the same shade of grey as the table background, which is a very slightly darker grey that the page background.","{""is_modifier"": true, ""softens_harshness"": 6, ""formality"": 5, ""degree"": 5}",6.0,5.0,5.0,6.0
very," You may need to adjust the ""contrast"" or ""brightness"" settings of your monitor to make it show up, but for me, it shows as the same shade of grey as the table background, which is a very slightly darker grey that the page background.","{""is_modifier"": true, ""softens_harshness"": 5, ""formality"": 5, ""degree"": 5}",5.0,5.0,5.0,5.0
quite, My CSS skills are quite limited!,"{""is_modifier"": true, ""softens_harshness"": 7, ""formality"": 7, ""degree"": 4}",7.0,7.0,4.0,7.0
pretty," I would have thought that having a ""Total"" cell on certain types of tables would be pretty common.","{""is_modifier"": true, ""softens_harshness"": 6, ""formality"": 3, ""degree"": 4}",6.0,3.0,4.0,6.0
pretty, is pretty standard .,"{""is_modifier"": true, ""softens_harshness"": 6, ""formality"": 3, ""degree"": 4}",6.0,3.0,4.0,6.0
very,"thank you for reverting the IP's edit on Vladimir Komarov, as it is a very important biography article on that Soviet Cosmonaut.","{""is_modifier"": true, ""softens_harshness"": 5, ""formality"": 5, ""degree"": 5}",5.0,5.0,5.0,5.0
quite,":For several years now, I have been following the RfC listings and how Legobot operates to maintain them, and fixed quite a large number of badly-constructed RfCs.","{""is_modifier"": true, ""softens_harshness"": 5, ""formality"": 6, ""degree"": 4}",5.0,6.0,4.0,5.0
quite," The effects of some of these screwups had spilled over into the RfC listings with, sometimes, quite horrendous consequences.","{""is_modifier"": true, ""softens_harshness"": 4, ""formality"": 6, ""degree"": 4}",4.0,6.0,4.0,4.0
very," On behalf of the [[WP:Birthday Committee|Birthday Committee]], I'd like to wish you a very happy  anniversary of the day you made [https://en.wikipedia.org/w/index.php?title=Special:Contributions/Redrose64&dir=prev&limit=1 your first edit] and became a Wikipedian!","{""is_modifier"": true, ""softens_harshness"": 5, ""formality"": 5, ""degree"": 5}",5.0,5.0,5.0,5.0
somewhat,"Regarding your [https://en.wikipedia.org/w/index.php?title=Slam-door_train&diff=prev&oldid=1290085014 revert], I did read the (somewhat poorly written) article and tried my best to add a short desc.","{""is_modifier"": true, ""softens_harshness"": 8, ""formality"": 6, ""degree"": 4}",8.0,6.0,4.0,8.0
really," It's only a minor issue on what line(s) Victoria tram stop is on, but I really want to know what the problem is.","{""is_modifier"": true, ""softens_harshness"": 4, ""formality"": 4, ""degree"": 4}",4.0,4.0,4.0,4.0
very,"|style=""vertical-align: middle; border-top: 1px solid gray;"" | Thanks for your assistance with template edits, I very much appreciate it.","{""is_modifier"": true, ""softens_harshness"": 5, ""formality"": 7, ""degree"": 5}",5.0,7.0,5.0,5.0
rather,The other is a rather confusing problem that even stumps me.,"{""is_modifier"": true, ""softens_harshness"": 7, ""formality"": 7, ""degree"": 4}",7.0,7.0,4.0,7.0
rather,"I figured I seen your work, or rather, what you did for the Cinderella III: A Twist in Time Soundtrack section of the [[Draft: I Still Believe (Hayden Panettiere song)|I Still Believe (Hayden Panettiere song) draft article]] on Wednesday, May 21st, 2025, at 07:15 A.","{""is_modifier"": true, ""softens_harshness"": 6, ""formality"": 8, ""degree"": 0}",6.0,8.0,0.0,6.0
a bit," There's also a bit of history about this infobox as some want it to be short and concentrate on the most essential info, while others are keen to expand it.","{""is_modifier"": true, ""softens_harshness"": 7, ""formality"": 4, ""degree"": 5}",7.0,4.0,5.0,7.0
very," Very often on mature articles, what seem like omissions are omitted for a reason.","{""is_modifier"": true, ""softens_harshness"": 5, ""formality"": 5, ""degree"": 5}",5.0,5.0,5.0,5.0
really,"::FWIW, it's not really acceptable to see the existing reasons established for why an article is the way it is (e.","{""is_modifier"": true, ""softens_harshness"": 8, ""formality"": 4, ""degree"": 3}",8.0,4.0,3.0,8.0
rather," First things first, if you are the actual widow of Michael Rainey, then you have a [[WP:COI|Conflict of Interest]] with the article subject and must not edit the article directly yourself but rather leave an [[WP:ER|edit request]] - please see [[WP:COIREQ|this page]] on information regarding how to.","{""is_modifier"": true, ""softens_harshness"": 6, ""formality"": 7, ""degree"": 0}",6.0,7.0,0.0,6.0
very,"-- Template:uw-vandalism3 --><b>[[User:Yoshi24517|<span style=""color:#00c700;font-family:'Rockwell'"">Yoshi24517</span>]] ([[User talk:Yoshi24517|<span style=""color:black;font-family:'Rockwell'"">Chat</span>]]) (<span style=""color:red;font-family:'Rockwell'"">Very Busy</span>)</b> 18:32, 27 January 2025 (UTC)","{""is_modifier"": true, ""softens_harshness"": 5, ""formality"": 5, ""degree"": 5}",5.0,5.0,5.0,5.0
very,"-- Template:uw-unsourced1 --> <b>[[User:Yoshi24517|<span style=""color:#00c700;font-family:'Rockwell'"">Yoshi24517</span>]] ([[User talk:Yoshi24517|<span style=""color:black;font-family:'Rockwell'"">Chat</span>]]) (<span style=""color:red;font-family:'Rockwell'"">Very Busy</span>)</b> 18:32, 27 January 2025 (UTC)","{""is_modifier"": true, ""softens_harshness"": 5, ""formality"": 5, ""degree"": 5}",5.0,5.0,5.0,5.0
very,"-- Template:uw-vandalism1 --><b>[[User:Yoshi24517|<span style=""color:#00c700;font-family:'Rockwell'"">Yoshi24517</span>]] ([[User talk:Yoshi24517|<span style=""color:black;font-family:'Rockwell'"">Chat</span>]]) (<span style=""color:red;font-family:'Rockwell'"">Very Busy</span>)</b> 18:32, 27 January 2025 (UTC)","{""is_modifier"": true, ""softens_harshness"": 5, ""formality"": 5, ""degree"": 5}",5.0,5.0,5.0,5.0
very,"-- Template:uw-delete1 --><b>[[User:Yoshi24517|<span style=""color:#00c700;font-family:'Rockwell'"">Yoshi24517</span>]] ([[User talk:Yoshi24517|<span style=""color:black;font-family:'Rockwell'"">Chat</span>]]) (<span style=""color:red;font-family:'Rockwell'"">Very Busy</span>)</b> 18:35, 27 January 2025 (UTC)","{""is_modifier"": true, ""softens_harshness"": 5, ""formality"": 5, ""degree"": 5}",5.0,5.0,5.0,5.0
very,"-- Template:uw-test1 --><b>[[User:Yoshi24517|<span style=""color:#00c700;font-family:'Rockwell'"">Yoshi24517</span>]] ([[User talk:Yoshi24517|<span style=""color:black;font-family:'Rockwell'"">Chat</span>]]) (<span style=""color:red;font-family:'Rockwell'"">Very Busy</span>)</b> 18:36, 27 January 2025 (UTC)","{""is_modifier"": true, ""softens_harshness"": 5, ""formality"": 5, ""degree"": 5}",5.0,5.0,5.0,5.0
very,"-- Template:uw-vandalism1 --><b>[[User:Yoshi24517|<span style=""color:#00c700;font-family:'Rockwell'"">Yoshi24517</span>]] ([[User talk:Yoshi24517|<span style=""color:black;font-family:'Rockwell'"">Chat</span>]]) (<span style=""color:red;font-family:'Rockwell'"">Very Busy</span>)</b> 18:36, 27 January 2025 (UTC)","{""is_modifier"": true, ""softens_harshness"": 5, ""formality"": 5, ""degree"": 5}",5.0,5.0,5.0,5.0
very,"-- Template:uw-test1 --><b>[[User:Yoshi24517|<span style=""color:#00c700;font-family:'Rockwell'"">Yoshi24517</span>]] ([[User talk:Yoshi24517|<span style=""color:black;font-family:'Rockwell'"">Chat</span>]]) (<span style=""color:red;font-family:'Rockwell'"">Very Busy</span>)</b> 18:41, 27 January 2025 (UTC)","{""is_modifier"": true, ""softens_harshness"": 5, ""formality"": 5, ""degree"": 5}",5.0,5.0,5.0,5.0
very,"-- Template:uw-vandalism1 --><b>[[User:Yoshi24517|<span style=""color:#00c700;font-family:'Rockwell'"">Yoshi24517</span>]] ([[User talk:Yoshi24517|<span style=""color:black;font-family:'Rockwell'"">Chat</span>]]) (<span style=""color:red;font-family:'Rockwell'"">Very Busy</span>)</b> 18:42, 27 January 2025 (UTC)","{""is_modifier"": true, ""softens_harshness"": 5, ""formality"": 5, ""degree"": 5}",5.0,5.0,5.0,5.0
very,"-- Template:uw-vandalism1 --><b>[[User:Yoshi24517|<span style=""color:#00c700;font-family:'Rockwell'"">Yoshi24517</span>]] ([[User talk:Yoshi24517|<span style=""color:black;font-family:'Rockwell'"">Chat</span>]]) (<span style=""color:red;font-family:'Rockwell'"">Very Busy</span>)</b> 18:44, 27 January 2025 (UTC)","{""is_modifier"": true, ""softens_harshness"": 5, ""formality"": 5, ""degree"": 5}",5.0,5.0,5.0,5.0
very,"-- Template:uw-unsourced2 --> <b>[[User:Yoshi24517|<span style=""color:#00c700;font-family:'Rockwell'"">Yoshi24517</span>]] ([[User talk:Yoshi24517|<span style=""color:black;font-family:'Rockwell'"">Chat</span>]]) (<span style=""color:red;font-family:'Rockwell'"">Very Busy</span>)</b> 18:53, 27 January 2025 (UTC)","{""is_modifier"": true, ""softens_harshness"": 5, ""formality"": 5, ""degree"": 5}",5.0,5.0,5.0,5.0
very,"-- Template:uw-vandalism1 --><b>[[User:Yoshi24517|<span style=""color:#00c700;font-family:'Rockwell'"">Yoshi24517</span>]] ([[User talk:Yoshi24517|<span style=""color:black;font-family:'Rockwell'"">Chat</span>]]) (<span style=""color:red;font-family:'Rockwell'"">Very Busy</span>)</b> 18:47, 27 January 2025 (UTC)","{""is_modifier"": true, ""softens_harshness"": 5, ""formality"": 5, ""degree"": 5}",5.0,5.0,5.0,5.0
very,"-- Template:uw-vandalism1 --><b>[[User:Yoshi24517|<span style=""color:#00c700;font-family:'Rockwell'"">Yoshi24517</span>]] ([[User talk:Yoshi24517|<span style=""color:black;font-family:'Rockwell'"">Chat</span>]]) (<span style=""color:red;font-family:'Rockwell'"">Very Busy</span>)</b> 18:49, 27 January 2025 (UTC)","{""is_modifier"": true, ""softens_harshness"": 5, ""formality"": 5, ""degree"": 5}",5.0,5.0,5.0,5.0
very,"-- Template:uw-vandalism2 --><b>[[User:Yoshi24517|<span style=""color:#00c700;font-family:'Rockwell'"">Yoshi24517</span>]] ([[User talk:Yoshi24517|<span style=""color:black;font-family:'Rockwell'"">Chat</span>]]) (<span style=""color:red;font-family:'Rockwell'"">Very Busy</span>)</b> 18:58, 27 January 2025 (UTC)","{""is_modifier"": true, ""softens_harshness"": 5, ""formality"": 5, ""degree"": 5}",5.0,5.0,5.0,5.0
very,"-- Template:uw-vandalism3 --><b>[[User:Yoshi24517|<span style=""color:#00c700;font-family:'Rockwell'"">Yoshi24517</span>]] ([[User talk:Yoshi24517|<span style=""color:black;font-family:'Rockwell'"">Chat</span>]]) (<span style=""color:red;font-family:'Rockwell'"">Very Busy</span>)</b> 19:02, 27 January 2025 (UTC)","{""is_modifier"": true, ""softens_harshness"": 5, ""formality"": 5, ""degree"": 5}",5.0,5.0,5.0,5.0
very,"-- Template:uw-vandalism1 --><b>[[User:Yoshi24517|<span style=""color:#00c700;font-family:'Rockwell'"">Yoshi24517</span>]] ([[User talk:Yoshi24517|<span style=""color:black;font-family:'Rockwell'"">Chat</span>]]) (<span style=""color:red;font-family:'Rockwell'"">Very Busy</span>)</b> 18:50, 27 January 2025 (UTC)","{""is_modifier"": true, ""softens_harshness"": 5, ""formality"": 5, ""degree"": 5}",5.0,5.0,5.0,5.0
very,"-- Template:uw-unsourced1 --> <b>[[User:Yoshi24517|<span style=""color:#00c700;font-family:'Rockwell'"">Yoshi24517</span>]] ([[User talk:Yoshi24517|<span style=""color:black;font-family:'Rockwell'"">Chat</span>]]) (<span style=""color:red;font-family:'Rockwell'"">Very Busy</span>)</b> 18:50, 27 January 2025 (UTC)","{""is_modifier"": true, ""softens_harshness"": 5, ""formality"": 5, ""degree"": 5}",5.0,5.0,5.0,5.0
very,"-- Template:uw-vandalism1 --><b>[[User:Yoshi24517|<span style=""color:#00c700;font-family:'Rockwell'"">Yoshi24517</span>]] ([[User talk:Yoshi24517|<span style=""color:black;font-family:'Rockwell'"">Chat</span>]]) (<span style=""color:red;font-family:'Rockwell'"">Very Busy</span>)</b> 18:53, 27 January 2025 (UTC)","{""is_modifier"": true, ""softens_harshness"": 5, ""formality"": 5, ""degree"": 5}",5.0,5.0,5.0,5.0
very,"-- Template:uw-unsourced1 --> <b>[[User:Yoshi24517|<span style=""color:#00c700;font-family:'Rockwell'"">Yoshi24517</span>]] ([[User talk:Yoshi24517|<span style=""color:black;font-family:'Rockwell'"">Chat</span>]]) (<span style=""color:red;font-family:'Rockwell'"">Very Busy</span>)</b> 18:53, 27 January 2025 (UTC)","{""is_modifier"": true, ""softens_harshness"": 5, ""formality"": 5, ""degree"": 5}",5.0,5.0,5.0,5.0
very,"-- Template:uw-vandalism4 --> <b>[[User:Yoshi24517|<span style=""color:#00c700;font-family:'Rockwell'"">Yoshi24517</span>]] ([[User talk:Yoshi24517|<span style=""color:black;font-family:'Rockwell'"">Chat</span>]]) (<span style=""color:red;font-family:'Rockwell'"">Very Busy</span>)</b> 03:49, 28 January 2025 (UTC)","{""is_modifier"": true, ""softens_harshness"": 5, ""formality"": 5, ""degree"": 5}",5.0,5.0,5.0,5.0
very,"-- Template:uw-delete1 --><b>[[User:Yoshi24517|<span style=""color:#00c700;font-family:'Rockwell'"">Yoshi24517</span>]] ([[User talk:Yoshi24517|<span style=""color:black;font-family:'Rockwell'"">Chat</span>]]) (<span style=""color:red;font-family:'Rockwell'"">Very Busy</span>)</b> 18:57, 27 January 2025 (UTC)","{""is_modifier"": true, ""softens_harshness"": 5, ""formality"": 5, ""degree"": 5}",5.0,5.0,5.0,5.0
very,"-- Template:uw-vandalism1 --><b>[[User:Yoshi24517|<span style=""color:#00c700;font-family:'Rockwell'"">Yoshi24517</span>]] ([[User talk:Yoshi24517|<span style=""color:black;font-family:'Rockwell'"">Chat</span>]]) (<span style=""color:red;font-family:'Rockwell'"">Very Busy</span>)</b> 18:57, 27 January 2025 (UTC)","{""is_modifier"": true, ""softens_harshness"": 5, ""formality"": 5, ""degree"": 5}",5.0,5.0,5.0,5.0
very,"-- Template:uw-vandalism2 --><b>[[User:Yoshi24517|<span style=""color:#00c700;font-family:'Rockwell'"">Yoshi24517</span>]] ([[User talk:Yoshi24517|<span style=""color:black;font-family:'Rockwell'"">Chat</span>]]) (<span style=""color:red;font-family:'Rockwell'"">Very Busy</span>)</b> 18:59, 27 January 2025 (UTC)","{""is_modifier"": true, ""softens_harshness"": 5, ""formality"": 5, ""degree"": 5}",5.0,5.0,5.0,5.0
very,"-- Template:uw-spam1 --><b>[[User:Yoshi24517|<span style=""color:#00c700;font-family:'Rockwell'"">Yoshi24517</span>]] ([[User talk:Yoshi24517|<span style=""color:black;font-family:'Rockwell'"">Chat</span>]]) (<span style=""color:red;font-family:'Rockwell'"">Very Busy</span>)</b> 18:58, 27 January 2025 (UTC)","{""is_modifier"": true, ""softens_harshness"": 5, ""formality"": 5, ""degree"": 5}",5.0,5.0,5.0,5.0
very,"-- Template:uw-spam2 --><b>[[User:Yoshi24517|<span style=""color:#00c700;font-family:'Rockwell'"">Yoshi24517</span>]] ([[User talk:Yoshi24517|<span style=""color:black;font-family:'Rockwell'"">Chat</span>]]) (<span style=""color:red;font-family:'Rockwell'"">Very Busy</span>)</b> 18:59, 27 January 2025 (UTC)","{""is_modifier"": true, ""softens_harshness"": 5, ""formality"": 5, ""degree"": 5}",5.0,5.0,5.0,5.0
very,"-- Template:uw-genre1 --> <b>[[User:Yoshi24517|<span style=""color:#00c700;font-family:'Rockwell'"">Yoshi24517</span>]] ([[User talk:Yoshi24517|<span style=""color:black;font-family:'Rockwell'"">Chat</span>]]) (<span style=""color:red;font-family:'Rockwell'"">Very Busy</span>)</b> 18:59, 27 January 2025 (UTC)","{""is_modifier"": true, ""softens_harshness"": 5, ""formality"": 5, ""degree"": 5}",5.0,5.0,5.0,5.0
very,"-- Template:uw-test1 --><b>[[User:Yoshi24517|<span style=""color:#00c700;font-family:'Rockwell'"">Yoshi24517</span>]] ([[User talk:Yoshi24517|<span style=""color:black;font-family:'Rockwell'"">Chat</span>]]) (<span style=""color:red;font-family:'Rockwell'"">Very Busy</span>)</b> 19:00, 27 January 2025 (UTC)","{""is_modifier"": true, ""softens_harshness"": 5, ""formality"": 5, ""degree"": 5}",5.0,5.0,5.0,5.0
very,"-- Template:uw-spam1 --><b>[[User:Yoshi24517|<span style=""color:#00c700;font-family:'Rockwell'"">Yoshi24517</span>]] ([[User talk:Yoshi24517|<span style=""color:black;font-family:'Rockwell'"">Chat</span>]]) (<span style=""color:red;font-family:'Rockwell'"">Very Busy</span>)</b> 19:00, 27 January 2025 (UTC)","{""is_modifier"": true, ""softens_harshness"": 5, ""formality"": 5, ""degree"": 5}",5.0,5.0,5.0,5.0
very,"-- Template:uw-spam2 --><b>[[User:Yoshi24517|<span style=""color:#00c700;font-family:'Rockwell'"">Yoshi24517</span>]] ([[User talk:Yoshi24517|<span style=""color:black;font-family:'Rockwell'"">Chat</span>]]) (<span style=""color:red;font-family:'Rockwell'"">Very Busy</span>)</b> 19:02, 27 January 2025 (UTC)","{""is_modifier"": true, ""softens_harshness"": 5, ""formality"": 5, ""degree"": 5}",5.0,5.0,5.0,5.0
very,"-- Template:uw-spam3 --><b>[[User:Yoshi24517|<span style=""color:#00c700;font-family:'Rockwell'"">Yoshi24517</span>]] ([[User talk:Yoshi24517|<span style=""color:black;font-family:'Rockwell'"">Chat</span>]]) (<span style=""color:red;font-family:'Rockwell'"">Very Busy</span>)</b> 19:06, 27 January 2025 (UTC)","{""is_modifier"": true, ""softens_harshness"": 5, ""formality"": 5, ""degree"": 5}",5.0,5.0,5.0,5.0
very,"-- Template:uw-spam4 --> <b>[[User:Yoshi24517|<span style=""color:#00c700;font-family:'Rockwell'"">Yoshi24517</span>]] ([[User talk:Yoshi24517|<span style=""color:black;font-family:'Rockwell'"">Chat</span>]]) (<span style=""color:red;font-family:'Rockwell'"">Very Busy</span>)</b> 19:11, 27 January 2025 (UTC)","{""is_modifier"": true, ""softens_harshness"": 5, ""formality"": 5, ""degree"": 5}",5.0,5.0,5.0,5.0
very,"-- Template:uw-unsourced1 --> <b>[[User:Yoshi24517|<span style=""color:#00c700;font-family:'Rockwell'"">Yoshi24517</span>]] ([[User talk:Yoshi24517|<span style=""color:black;font-family:'Rockwell'"">Chat</span>]]) (<span style=""color:red;font-family:'Rockwell'"">Very Busy</span>)</b> 19:02, 27 January 2025 (UTC)","{""is_modifier"": true, ""softens_harshness"": 5, ""formality"": 5, ""degree"": 5}",5.0,5.0,5.0,5.0
very,"-- Template:uw-vandalism1 --><b>[[User:Yoshi24517|<span style=""color:#00c700;font-family:'Rockwell'"">Yoshi24517</span>]] ([[User talk:Yoshi24517|<span style=""color:black;font-family:'Rockwell'"">Chat</span>]]) (<span style=""color:red;font-family:'Rockwell'"">Very Busy</span>)</b> 19:04, 27 January 2025 (UTC)","{""is_modifier"": true, ""softens_harshness"": 5, ""formality"": 5, ""degree"": 5}",5.0,5.0,5.0,5.0
very,"-- Template:uw-vandalism1 --><b>[[User:Yoshi24517|<span style=""color:#00c700;font-family:'Rockwell'"">Yoshi24517</span>]] ([[User talk:Yoshi24517|<span style=""color:black;font-family:'Rockwell'"">Chat</span>]]) (<span style=""color:red;font-family:'Rockwell'"">Very Busy</span>)</b> 19:05, 27 January 2025 (UTC)","{""is_modifier"": true, ""softens_harshness"": 5, ""formality"": 5, ""degree"": 5}",5.0,5.0,5.0,5.0
quite, I found quite a few more that deserved B class.,"{""is_modifier"": true, ""softens_harshness"": 5, ""formality"": 6, ""degree"": 5}",5.0,6.0,5.0,5.0
quite, Quite an impressive list.,"{""is_modifier"": true, ""softens_harshness"": 5, ""formality"": 6, ""degree"": 5}",5.0,6.0,5.0,5.0
very,"-- Template:uw-vandalism2 --><b>[[User:Yoshi24517|<span style=""color:#00c700;font-family:'Rockwell'"">Yoshi24517</span>]] ([[User talk:Yoshi24517|<span style=""color:black;font-family:'Rockwell'"">Chat</span>]]) (<span style=""color:red;font-family:'Rockwell'"">Very Busy</span>)</b> 19:13, 27 January 2025 (UTC)","{""is_modifier"": true, ""softens_harshness"": 5, ""formality"": 5, ""degree"": 5}",5.0,5.0,5.0,5.0
very,"-- Template:uw-vandalism2 --><b>[[User:Yoshi24517|<span style=""color:#00c700;font-family:'Rockwell'"">Yoshi24517</span>]] ([[User talk:Yoshi24517|<span style=""color:black;font-family:'Rockwell'"">Chat</span>]]) (<span style=""color:red;font-family:'Rockwell'"">Very Busy</span>)</b> 19:12, 27 January 2025 (UTC)","{""is_modifier"": true, ""softens_harshness"": 5, ""formality"": 5, ""degree"": 5}",5.0,5.0,5.0,5.0
very,"-- Template:uw-unsourced1 --> <b>[[User:Yoshi24517|<span style=""color:#00c700;font-family:'Rockwell'"">Yoshi24517</span>]] ([[User talk:Yoshi24517|<span style=""color:black;font-family:'Rockwell'"">Chat</span>]]) (<span style=""color:red;font-family:'Rockwell'"">Very Busy</span>)</b> 19:12, 27 January 2025 (UTC)","{""is_modifier"": true, ""softens_harshness"": 5, ""formality"": 5, ""degree"": 5}",5.0,5.0,5.0,5.0
very,"-- Template:uw-cluebotwarning1 -->  <b>[[User:Yoshi24517|<span style=""color:#00c700;font-family:'Rockwell'"">Yoshi24517</span>]] ([[User talk:Yoshi24517|<span style=""color:black;font-family:'Rockwell'"">Chat</span>]]) (<span style=""color:red;font-family:'Rockwell'"">Very Busy</span>)</b> 19:12, 27 January 2025 (UTC)","{""is_modifier"": true, ""softens_harshness"": 5, ""formality"": 5, ""degree"": 5}",5.0,5.0,5.0,5.0
very,"-- Template:uw-test1 --><b>[[User:Yoshi24517|<span style=""color:#00c700;font-family:'Rockwell'"">Yoshi24517</span>]] ([[User talk:Yoshi24517|<span style=""color:black;font-family:'Rockwell'"">Chat</span>]]) (<span style=""color:red;font-family:'Rockwell'"">Very Busy</span>)</b> 19:12, 27 January 2025 (UTC)","{""is_modifier"": true, ""softens_harshness"": 5, ""formality"": 5, ""degree"": 5}",5.0,5.0,5.0,5.0
mostly, To celebrate: mostly flowers pics from vacation ;) - How are you?,"{""is_modifier"": true, ""softens_harshness"": 5, ""formality"": 5, ""degree"": 5}",5.0,5.0,5.0,5.0
very,"-- Template:uw-vandalism1 --><b>[[User:Yoshi24517|<span style=""color:#00c700;font-family:'Rockwell'"">Yoshi24517</span>]] ([[User talk:Yoshi24517|<span style=""color:black;font-family:'Rockwell'"">Chat</span>]]) (<span style=""color:red;font-family:'Rockwell'"">Very Busy</span>)</b> 19:13, 27 January 2025 (UTC)","{""is_modifier"": true, ""softens_harshness"": 5, ""formality"": 5, ""degree"": 5}",5.0,5.0,5.0,5.0
very," If you work directly or indirectly for an organisation, or otherwise are acting on its behalf, you are very strongly discouraged from attempting to write an article at all.","{""is_modifier"": true, ""softens_harshness"": 3, ""formality"": 5, ""degree"": 5}",3.0,5.0,5.0,3.0
very,"-- Template:uw-vandalism1 --><b>[[User:Yoshi24517|<span style=""color:#00c700;font-family:'Rockwell'"">Yoshi24517</span>]] ([[User talk:Yoshi24517|<span style=""color:black;font-family:'Rockwell'"">Chat</span>]]) (<span style=""color:red;font-family:'Rockwell'"">Very Busy</span>)</b> 19:15, 27 January 2025 (UTC)","{""is_modifier"": true, ""softens_harshness"": 5, ""formality"": 5, ""degree"": 5}",5.0,5.0,5.0,5.0
very,"-- Template:uw-test1 --><b>[[User:Yoshi24517|<span style=""color:#00c700;font-family:'Rockwell'"">Yoshi24517</span>]] ([[User talk:Yoshi24517|<span style=""color:black;font-family:'Rockwell'"">Chat</span>]]) (<span style=""color:red;font-family:'Rockwell'"">Very Busy</span>)</b> 19:17, 27 January 2025 (UTC)","{""is_modifier"": true, ""softens_harshness"": 5, ""formality"": 5, ""degree"": 5}",5.0,5.0,5.0,5.0
very,"-- Template:uw-vandalism1 --><b>[[User:Yoshi24517|<span style=""color:#00c700;font-family:'Rockwell'"">Yoshi24517</span>]] ([[User talk:Yoshi24517|<span style=""color:black;font-family:'Rockwell'"">Chat</span>]]) (<span style=""color:red;font-family:'Rockwell'"">Very Busy</span>)</b> 19:17, 27 January 2025 (UTC)","{""is_modifier"": true, ""softens_harshness"": 5, ""formality"": 5, ""degree"": 5}",5.0,5.0,5.0,5.0
very,"-- Template:uw-vandalism2 --><b>[[User:Yoshi24517|<span style=""color:#00c700;font-family:'Rockwell'"">Yoshi24517</span>]] ([[User talk:Yoshi24517|<span style=""color:black;font-family:'Rockwell'"">Chat</span>]]) (<span style=""color:red;font-family:'Rockwell'"">Very Busy</span>)</b> 19:18, 27 January 2025 (UTC)","{""is_modifier"": true, ""softens_harshness"": 5, ""formality"": 5, ""degree"": 5}",5.0,5.0,5.0,5.0
very,"-- Template:uw-vandalism3 --><b>[[User:Yoshi24517|<span style=""color:#00c700;font-family:'Rockwell'"">Yoshi24517</span>]] ([[User talk:Yoshi24517|<span style=""color:black;font-family:'Rockwell'"">Chat</span>]]) (<span style=""color:red;font-family:'Rockwell'"">Very Busy</span>)</b> 19:19, 27 January 2025 (UTC)","{""is_modifier"": true, ""softens_harshness"": 4, ""formality"": 5, ""degree"": 5}",4.0,5.0,5.0,4.0
very,"-- Template:uw-vandalism2 --><b>[[User:Yoshi24517|<span style=""color:#00c700;font-family:'Rockwell'"">Yoshi24517</span>]] ([[User talk:Yoshi24517|<span style=""color:black;font-family:'Rockwell'"">Chat</span>]]) (<span style=""color:red;font-family:'Rockwell'"">Very Busy</span>)</b> 03:49, 28 January 2025 (UTC)","{""is_modifier"": true, ""softens_harshness"": 5, ""formality"": 5, ""degree"": 5}",5.0,5.0,5.0,5.0
very,"-- Template:uw-vandalism3 --><b>[[User:Yoshi24517|<span style=""color:#00c700;font-family:'Rockwell'"">Yoshi24517</span>]] ([[User talk:Yoshi24517|<span style=""color:black;font-family:'Rockwell'"">Chat</span>]]) (<span style=""color:red;font-family:'Rockwell'"">Very Busy</span>)</b> 03:49, 28 January 2025 (UTC)","{""is_modifier"": true, ""softens_harshness"": 5, ""formality"": 5, ""degree"": 5}",5.0,5.0,5.0,5.0
very,":Yes sir, I understand, it won’t happen again unless I find something that needs to be added, that lil mosey thing was told to me by my friend, I cried, and as his biggest fan, I felt it was my responsibility to inform the world that he was gone, but 2 hours later he told me it was a lie, so I went to take it down, but it was already gone, so I am very sorry.","{""is_modifier"": true, ""softens_harshness"": 7, ""formality"": 5, ""degree"": 5}",7.0,5.0,5.0,7.0
very,::@[[User:JBW|JBW]] they're a UA match and on the same range as what I'm guessing is an SEO firm or similar added to a very narrow interest in a biography which is a hallmark of UPE.,"{""is_modifier"": true, ""softens_harshness"": 5, ""formality"": 5, ""degree"": 5}",5.0,5.0,5.0,5.0
quite, I'm quite confident in this block.,"{""is_modifier"": true, ""softens_harshness"": 6, ""formality"": 6, ""degree"": 5}",6.0,6.0,5.0,6.0
very,"::::{{ping|Yamla}} {{ping|HJ Mitchell}} {{ping|JBW}} – I would be very grateful if one of you could kindly take a moment to review my final unblock appeal above, or let me know if there's another appropriate admin I should contact.","{""is_modifier"": true, ""softens_harshness"": 7, ""formality"": 6, ""degree"": 5}",7.0,6.0,5.0,7.0
very," Mark Whiteley**, a notable academic in vascular surgery — a field I personally find very interesting.","{""is_modifier"": true, ""softens_harshness"": 5, ""formality"": 5, ""degree"": 5}",5.0,5.0,5.0,5.0
very,"-- Template:uw-cluebotwarning1 -->  <b>[[User:Yoshi24517|<span style=""color:#00c700;font-family:'Rockwell'"">Yoshi24517</span>]] ([[User talk:Yoshi24517|<span style=""color:black;font-family:'Rockwell'"">Chat</span>]]) (<span style=""color:red;font-family:'Rockwell'"">Very Busy</span>)</b> 20:02, 27 January 2025 (UTC)","{""is_modifier"": true, ""softens_harshness"": 5, ""formality"": 5, ""degree"": 5}",5.0,5.0,5.0,5.0
a bit," As someone who is a bit of a perfectionist, I tend to work quickly and aim for high-quality results, but I understand now that I need to be more careful and deliberate, especially with sourcing and drafting.","{""is_modifier"": true, ""softens_harshness"": 8, ""formality"": 4, ""degree"": 4}",8.0,4.0,4.0,8.0
a bit," I know some of my drafts might not have been up to the usual standard, and I’m sorry if I rushed things a bit.","{""is_modifier"": true, ""softens_harshness"": 8, ""formality"": 4, ""degree"": 4}",8.0,4.0,4.0,8.0
really, you can look at the edits one week prior until today i really added some valuable information with their references its simply because this club will participate in the upcoming 2025 club world cup .,"{""is_modifier"": true, ""softens_harshness"": 5, ""formality"": 4, ""degree"": 2}",5.0,4.0,2.0,5.0
partially," I know I can do better, and I m definitely committed to improving the quality of my work : |accept = The blocking admin proposed a compromise solution to partially block you from article space but allow you to submit drafts, and it appears you eventually did agree to that, so I will implement it.","{""is_modifier"": true, ""softens_harshness"": 7, ""formality"": 6, ""degree"": 5}",7.0,6.0,5.0,7.0
really, that edit with -9520 the content got messed up and the Classico stats got removed and the visual of the tables got to how they were before i begin editing it they are not clear id really appreciate it  ,"{""is_modifier"": true, ""softens_harshness"": 7, ""formality"": 4, ""degree"": 4}",7.0,4.0,4.0,7.0
very, Some of the articles you've started are very under-referenced but look like topics we should probably have.,"{""is_modifier"": true, ""softens_harshness"": 3, ""formality"": 5, ""degree"": 5}",3.0,5.0,5.0,3.0
really, you can look at the edits one week prior until today i really added some valuable information with their references its simply because this club will participate in the upcoming [[2025 club world cup ]].,"{""is_modifier"": true, ""softens_harshness"": 5, ""formality"": 4, ""degree"": 3}",5.0,4.0,3.0,5.0
really, i do other articles but my focus is on that article i really wanted it to get a GA rate and get a protection.,"{""is_modifier"": true, ""softens_harshness"": 5, ""formality"": 4, ""degree"": 5}",5.0,4.0,5.0,5.0
really," all of this because this club will participate in the upcoming club world cup 2025 in the US, its really big event and i want to show the world what is this Great club.","{""is_modifier"": true, ""softens_harshness"": 5, ""formality"": 4, ""degree"": 5}",5.0,4.0,5.0,5.0
very, because that person has a french article in wikipedia and its legit and he is a very important person to the club's history Him and [[Hédi Kallel]].,"{""is_modifier"": true, ""softens_harshness"": 5, ""formality"": 5, ""degree"": 5}",5.0,5.0,5.0,5.0
really,  Due to my state that im blocked now maybe soon ill be unblocked i cant really do anything with the edits .,"{""is_modifier"": true, ""softens_harshness"": 8, ""formality"": 4, ""degree"": 2}",8.0,4.0,2.0,8.0
very,"::::: while in Africa, they already know Espérance it's a very popular club there.","{""is_modifier"": true, ""softens_harshness"": 5, ""formality"": 5, ""degree"": 5}",5.0,5.0,5.0,5.0
relatively, I can address the first relatively easily by changing the indefinite sitewide block to an indefinite partial block from article space.,"{""is_modifier"": true, ""softens_harshness"": 6, ""formality"": 7, ""degree"": 4}",6.0,7.0,4.0,6.0
really, The reason I’ve been focused on these new articles is that I really can’t stand seeing red links for important names in the [[Espérance Sportive de Tunis]] article.,"{""is_modifier"": true, ""softens_harshness"": 4, ""formality"": 4, ""degree"": 4}",4.0,4.0,4.0,4.0
a bit," It might sound a bit ridiculous, but as a perfectionist, I just can’t leave them hanging","{""is_modifier"": true, ""softens_harshness"": 8, ""formality"": 4, ""degree"": 5}",8.0,4.0,5.0,8.0
really,":::::::For creating new articles, I’m totally fine with the idea of working in draft space and having them reviewed before they’re published, as you suggested ,but I want to keep editing; it’s really important to me, and I’m serious about it.","{""is_modifier"": true, ""softens_harshness"": 5, ""formality"": 3, ""degree"": 5}",5.0,3.0,5.0,5.0
a little,:::: I think this may be getting a little ridiculous too but if I were you I'd just agree to accept the conditions.,"{""is_modifier"": true, ""softens_harshness"": 8, ""formality"": 4, ""degree"": 4}",8.0,4.0,4.0,8.0
a bit,":::::::However, I still feel a bit uncertain about the 6-month ban.","{""is_modifier"": true, ""softens_harshness"": 8, ""formality"": 4, ""degree"": 5}",8.0,4.0,5.0,8.0
really, It's really clear when you're switching between them.,"{""is_modifier"": true, ""softens_harshness"": 5, ""formality"": 4, ""degree"": 5}",5.0,4.0,5.0,5.0
a bit," However, I still feel a bit uncertain about the 6-month ban.","{""is_modifier"": true, ""softens_harshness"": 8, ""formality"": 4, ""degree"": 5}",8.0,4.0,5.0,8.0
pretty,::::::::::pretty clearly there’s a strong difference in grammar/spelling/punctuation/capitalisation/writing style between these two comments by you.,"{""is_modifier"": true, ""softens_harshness"": 7, ""formality"": 3, ""degree"": 4}",7.0,3.0,4.0,7.0
extremely,"Mejri_Fares, given the discussion above, I'm extremely concerned about your use of AI tools in writing.","{""is_modifier"": true, ""softens_harshness"": 2, ""formality"": 5, ""degree"": 5}",2.0,5.0,5.0,2.0
quite,"::It's quite clearly AI, though I cannot say precisely your process for assembling it.","{""is_modifier"": true, ""softens_harshness"": 6, ""formality"": 7, ""degree"": 3}",6.0,7.0,3.0,6.0
really," I really hope you'll take the advice and slow down because I fear that otherwise, you might not have your limited block lifted or face a more onerous restriction.","{""is_modifier"": true, ""softens_harshness"": 7, ""formality"": 4, ""degree"": 4}",7.0,4.0,4.0,7.0
really," Second, pages like [http://www.est.org.tn/presidents.php this] just really aren't helpful.","{""is_modifier"": true, ""softens_harshness"": 4, ""formality"": 3, ""degree"": 5}",4.0,3.0,5.0,4.0
kind of," Second, a source like [https://www.businessnews.com.tn/deces-de-mohamed-ben-ismail,520,81134,3 this one], ""Business News"", just does not contribute to notability because it is not a reliable secondary source--it seems to just be a kind of news and press release aggregator.","{""is_modifier"": true, ""softens_harshness"": 6, ""formality"": 4, ""degree"": 1}",6.0,4.0,1.0,6.0
a bit," I don't understand why you didn't look a bit farther in a news search, or why you didn't search for books.","{""is_modifier"": true, ""softens_harshness"": 7, ""formality"": 4, ""degree"": 5}",7.0,4.0,5.0,7.0
really,"::::Well, what I don't understand is that you churn out a dozen just really, really poor drafts, instead of trying to write a single decent one.","{""is_modifier"": true, ""softens_harshness"": 2, ""formality"": 3, ""degree"": 5}",2.0,3.0,5.0,2.0
partially,:::i just use this account since its partially blocked i use it in improving the drafts  that are now still pending.,"{""is_modifier"": true, ""softens_harshness"": 7, ""formality"": 5, ""degree"": 5}",7.0,5.0,5.0,7.0
partially,:::all i did was improving articles  the one mistake i did in this account was sending new articles very fast without reviewing  you blocked me then you showed a good heart and you made it partially and i swear since then i was improving my drafts.,"{""is_modifier"": true, ""softens_harshness"": 5, ""formality"": 6, ""degree"": 5}",5.0,6.0,5.0,5.0
very,:::all i did was improving articles  the one mistake i did in this account was sending new articles very fast without reviewing  you blocked me then you showed a good heart and you made it partially and i swear since then i was improving my drafts.,"{""is_modifier"": true, ""softens_harshness"": 5, ""formality"": 5, ""degree"": 5}",5.0,5.0,5.0,5.0
partially," i never evaded the block with this account, i was partially blocked i could talk in discussions.","{""is_modifier"": true, ""softens_harshness"": 7, ""formality"": 5, ""degree"": 5}",7.0,5.0,5.0,7.0
really,"  are you really saying this [[User:Mejri Fares|EL major]] ([[User talk:Mejri Fares|talk]]) 19:40, 8 February 2025 (UTC)","{""is_modifier"": true, ""softens_harshness"": 3, ""formality"": 4, ""degree"": 2}",3.0,4.0,2.0,3.0
really, and i really love contributing to wikipedia ?,"{""is_modifier"": true, ""softens_harshness"": 5, ""formality"": 4, ""degree"": 5}",5.0,4.0,5.0,5.0
really,":::::wow unbelievable people like you shouldn t have this kind of authority really you are speaking as if you know everything about me yet you have no idea how much I care about Wikipedia,, instead of assuming and dismissing me, maybe try acting like a human being and actually listening.","{""is_modifier"": true, ""softens_harshness"": 4, ""formality"": 4, ""degree"": 1}",4.0,4.0,1.0,4.0
really," I really should undo the latest ""unblock request"", but.","{""is_modifier"": true, ""softens_harshness"": 4, ""formality"": 4, ""degree"": 4}",4.0,4.0,4.0,4.0
very,"-- Template:uw-vandalism1 --><b>[[User:Yoshi24517|<span style=""color:#00c700;font-family:'Rockwell'"">Yoshi24517</span>]] ([[User talk:Yoshi24517|<span style=""color:black;font-family:'Rockwell'"">Chat</span>]]) (<span style=""color:red;font-family:'Rockwell'"">Very Busy</span>)</b> 20:02, 27 January 2025 (UTC)","{""is_modifier"": true, ""softens_harshness"": 5, ""formality"": 5, ""degree"": 5}",5.0,5.0,5.0,5.0
very,"-- Template:uw-vandalism2 --><b>[[User:Yoshi24517|<span style=""color:#00c700;font-family:'Rockwell'"">Yoshi24517</span>]] ([[User talk:Yoshi24517|<span style=""color:black;font-family:'Rockwell'"">Chat</span>]]) (<span style=""color:red;font-family:'Rockwell'"">Very Busy</span>)</b> 20:04, 27 January 2025 (UTC)","{""is_modifier"": true, ""softens_harshness"": 5, ""formality"": 5, ""degree"": 5}",5.0,5.0,5.0,5.0
very,"-- Template:uw-cluebotwarning1 -->  <b>[[User:Yoshi24517|<span style=""color:#00c700;font-family:'Rockwell'"">Yoshi24517</span>]] ([[User talk:Yoshi24517|<span style=""color:black;font-family:'Rockwell'"">Chat</span>]]) (<span style=""color:red;font-family:'Rockwell'"">Very Busy</span>)</b> 20:03, 27 January 2025 (UTC)","{""is_modifier"": true, ""softens_harshness"": 5, ""formality"": 5, ""degree"": 5}",5.0,5.0,5.0,5.0
very,"-- Template:uw-cluebotwarning1 -->  <b>[[User:Yoshi24517|<span style=""color:#00c700;font-family:'Rockwell'"">Yoshi24517</span>]] ([[User talk:Yoshi24517|<span style=""color:black;font-family:'Rockwell'"">Chat</span>]]) (<span style=""color:red;font-family:'Rockwell'"">Very Busy</span>)</b> 20:04, 27 January 2025 (UTC)","{""is_modifier"": true, ""softens_harshness"": 5, ""formality"": 5, ""degree"": 5}",5.0,5.0,5.0,5.0
very,"-- Template:uw-delete1 --><b>[[User:Yoshi24517|<span style=""color:#00c700;font-family:'Rockwell'"">Yoshi24517</span>]] ([[User talk:Yoshi24517|<span style=""color:black;font-family:'Rockwell'"">Chat</span>]]) (<span style=""color:red;font-family:'Rockwell'"">Very Busy</span>)</b> 20:04, 27 January 2025 (UTC)","{""is_modifier"": true, ""softens_harshness"": 5, ""formality"": 5, ""degree"": 5}",5.0,5.0,5.0,5.0
very,"-- Template:uw-vandalism1 --><b>[[User:Yoshi24517|<span style=""color:#00c700;font-family:'Rockwell'"">Yoshi24517</span>]] ([[User talk:Yoshi24517|<span style=""color:black;font-family:'Rockwell'"">Chat</span>]]) (<span style=""color:red;font-family:'Rockwell'"">Very Busy</span>)</b> 20:06, 27 January 2025 (UTC)","{""is_modifier"": true, ""softens_harshness"": 5, ""formality"": 5, ""degree"": 5}",5.0,5.0,5.0,5.0
very,"-- Template:uw-vandalism3 --><b>[[User:Yoshi24517|<span style=""color:#00c700;font-family:'Rockwell'"">Yoshi24517</span>]] ([[User talk:Yoshi24517|<span style=""color:black;font-family:'Rockwell'"">Chat</span>]]) (<span style=""color:red;font-family:'Rockwell'"">Very Busy</span>)</b> 20:07, 27 January 2025 (UTC)","{""is_modifier"": true, ""softens_harshness"": 5, ""formality"": 5, ""degree"": 5}",5.0,5.0,5.0,5.0
very,"-- Template:uw-delete1 --><b>[[User:Yoshi24517|<span style=""color:#00c700;font-family:'Rockwell'"">Yoshi24517</span>]] ([[User talk:Yoshi24517|<span style=""color:black;font-family:'Rockwell'"">Chat</span>]]) (<span style=""color:red;font-family:'Rockwell'"">Very Busy</span>)</b> 20:07, 27 January 2025 (UTC)","{""is_modifier"": true, ""softens_harshness"": 5, ""formality"": 5, ""degree"": 5}",5.0,5.0,5.0,5.0
very,"-- Template:uw-vandalism1 --><b>[[User:Yoshi24517|<span style=""color:#00c700;font-family:'Rockwell'"">Yoshi24517</span>]] ([[User talk:Yoshi24517|<span style=""color:black;font-family:'Rockwell'"">Chat</span>]]) (<span style=""color:red;font-family:'Rockwell'"">Very Busy</span>)</b> 20:08, 27 January 2025 (UTC)","{""is_modifier"": true, ""softens_harshness"": 5, ""formality"": 5, ""degree"": 5}",5.0,5.0,5.0,5.0
very,"-- Template:uw-test1 --><b>[[User:Yoshi24517|<span style=""color:#00c700;font-family:'Rockwell'"">Yoshi24517</span>]] ([[User talk:Yoshi24517|<span style=""color:black;font-family:'Rockwell'"">Chat</span>]]) (<span style=""color:red;font-family:'Rockwell'"">Very Busy</span>)</b> 20:08, 27 January 2025 (UTC)","{""is_modifier"": true, ""softens_harshness"": 5, ""formality"": 5, ""degree"": 5}",5.0,5.0,5.0,5.0
very,"-- Template:uw-cluebotwarning1 -->  <b>[[User:Yoshi24517|<span style=""color:#00c700;font-family:'Rockwell'"">Yoshi24517</span>]] ([[User talk:Yoshi24517|<span style=""color:black;font-family:'Rockwell'"">Chat</span>]]) (<span style=""color:red;font-family:'Rockwell'"">Very Busy</span>)</b> 20:08, 27 January 2025 (UTC)","{""is_modifier"": true, ""softens_harshness"": 5, ""formality"": 5, ""degree"": 5}",5.0,5.0,5.0,5.0
very,"-- Template:uw-unsourced1 --> <b>[[User:Yoshi24517|<span style=""color:#00c700;font-family:'Rockwell'"">Yoshi24517</span>]] ([[User talk:Yoshi24517|<span style=""color:black;font-family:'Rockwell'"">Chat</span>]]) (<span style=""color:red;font-family:'Rockwell'"">Very Busy</span>)</b> 20:08, 27 January 2025 (UTC)","{""is_modifier"": true, ""softens_harshness"": 5, ""formality"": 5, ""degree"": 5}",5.0,5.0,5.0,5.0
very,"-- Template:uw-npov1 --><b>[[User:Yoshi24517|<span style=""color:#00c700;font-family:'Rockwell'"">Yoshi24517</span>]] ([[User talk:Yoshi24517|<span style=""color:black;font-family:'Rockwell'"">Chat</span>]]) (<span style=""color:red;font-family:'Rockwell'"">Very Busy</span>)</b> 20:09, 27 January 2025 (UTC)","{""is_modifier"": true, ""softens_harshness"": 5, ""formality"": 5, ""degree"": 5}",5.0,5.0,5.0,5.0
very,"-- Template:uw-npov2 --><b>[[User:Yoshi24517|<span style=""color:#00c700;font-family:'Rockwell'"">Yoshi24517</span>]] ([[User talk:Yoshi24517|<span style=""color:black;font-family:'Rockwell'"">Chat</span>]]) (<span style=""color:red;font-family:'Rockwell'"">Very Busy</span>)</b> 20:16, 27 January 2025 (UTC)","{""is_modifier"": true, ""softens_harshness"": 5, ""formality"": 5, ""degree"": 5}",5.0,5.0,5.0,5.0
very,"-- Template:uw-vandalism1 --><b>[[User:Yoshi24517|<span style=""color:#00c700;font-family:'Rockwell'"">Yoshi24517</span>]] ([[User talk:Yoshi24517|<span style=""color:black;font-family:'Rockwell'"">Chat</span>]]) (<span style=""color:red;font-family:'Rockwell'"">Very Busy</span>)</b> 20:10, 27 January 2025 (UTC)","{""is_modifier"": true, ""softens_harshness"": 5, ""formality"": 5, ""degree"": 5}",5.0,5.0,5.0,5.0
very,"-- Template:uw-unsourced1 --> <b>[[User:Yoshi24517|<span style=""color:#00c700;font-family:'Rockwell'"">Yoshi24517</span>]] ([[User talk:Yoshi24517|<span style=""color:black;font-family:'Rockwell'"">Chat</span>]]) (<span style=""color:red;font-family:'Rockwell'"">Very Busy</span>)</b> 20:10, 27 January 2025 (UTC)","{""is_modifier"": true, ""softens_harshness"": 5, ""formality"": 5, ""degree"": 5}",5.0,5.0,5.0,5.0
very,"-- Template:uw-vandalism3 --><b>[[User:Yoshi24517|<span style=""color:#00c700;font-family:'Rockwell'"">Yoshi24517</span>]] ([[User talk:Yoshi24517|<span style=""color:black;font-family:'Rockwell'"">Chat</span>]]) (<span style=""color:red;font-family:'Rockwell'"">Very Busy</span>)</b> 20:12, 27 January 2025 (UTC)","{""is_modifier"": true, ""softens_harshness"": 4, ""formality"": 5, ""degree"": 5}",4.0,5.0,5.0,4.0
very,"-- Template:uw-unsourced1 --> <b>[[User:Yoshi24517|<span style=""color:#00c700;font-family:'Rockwell'"">Yoshi24517</span>]] ([[User talk:Yoshi24517|<span style=""color:black;font-family:'Rockwell'"">Chat</span>]]) (<span style=""color:red;font-family:'Rockwell'"">Very Busy</span>)</b> 20:11, 27 January 2025 (UTC)","{""is_modifier"": true, ""softens_harshness"": 5, ""formality"": 5, ""degree"": 5}",5.0,5.0,5.0,5.0
very,"-- Template:uw-unsourced2 --> <b>[[User:Yoshi24517|<span style=""color:#00c700;font-family:'Rockwell'"">Yoshi24517</span>]] ([[User talk:Yoshi24517|<span style=""color:black;font-family:'Rockwell'"">Chat</span>]]) (<span style=""color:red;font-family:'Rockwell'"">Very Busy</span>)</b> 20:17, 27 January 2025 (UTC)","{""is_modifier"": true, ""softens_harshness"": 5, ""formality"": 5, ""degree"": 5}",5.0,5.0,5.0,5.0
very," <b>[[User:Yoshi24517|<span style=""color:#00c700;font-family:'Rockwell'"">Yoshi24517</span>]] ([[User talk:Yoshi24517|<span style=""color:black;font-family:'Rockwell'"">Chat</span>]]) (<span style=""color:red;font-family:'Rockwell'"">Very Busy</span>)</b> 20:13, 27 January 2025 (UTC)","{""is_modifier"": true, ""softens_harshness"": 5, ""formality"": 5, ""degree"": 5}",5.0,5.0,5.0,5.0
very," <b>[[User:Yoshi24517|<span style=""color:#00c700;font-family:'Rockwell'"">Yoshi24517</span>]] ([[User talk:Yoshi24517|<span style=""color:black;font-family:'Rockwell'"">Chat</span>]]) (<span style=""color:red;font-family:'Rockwell'"">Very Busy</span>)</b> 20:13, 27 January 2025 (UTC)<!","{""is_modifier"": true, ""softens_harshness"": 5, ""formality"": 5, ""degree"": 5}",5.0,5.0,5.0,5.0
very,"-- Template:uw-vandalism1 --><b>[[User:Yoshi24517|<span style=""color:#00c700;font-family:'Rockwell'"">Yoshi24517</span>]] ([[User talk:Yoshi24517|<span style=""color:black;font-family:'Rockwell'"">Chat</span>]]) (<span style=""color:red;font-family:'Rockwell'"">Very Busy</span>)</b> 20:17, 27 January 2025 (UTC)","{""is_modifier"": true, ""softens_harshness"": 5, ""formality"": 5, ""degree"": 5}",5.0,5.0,5.0,5.0
very,"-- Template:uw-delete1 --><b>[[User:Yoshi24517|<span style=""color:#00c700;font-family:'Rockwell'"">Yoshi24517</span>]] ([[User talk:Yoshi24517|<span style=""color:black;font-family:'Rockwell'"">Chat</span>]]) (<span style=""color:red;font-family:'Rockwell'"">Very Busy</span>)</b> 20:23, 27 January 2025 (UTC)","{""is_modifier"": true, ""softens_harshness"": 5, ""formality"": 5, ""degree"": 5}",5.0,5.0,5.0,5.0
very,"-- Template:uw-vandalism1 --><b>[[User:Yoshi24517|<span style=""color:#00c700;font-family:'Rockwell'"">Yoshi24517</span>]] ([[User talk:Yoshi24517|<span style=""color:black;font-family:'Rockwell'"">Chat</span>]]) (<span style=""color:red;font-family:'Rockwell'"">Very Busy</span>)</b> 20:23, 27 January 2025 (UTC)","{""is_modifier"": true, ""softens_harshness"": 5, ""formality"": 5, ""degree"": 5}",5.0,5.0,5.0,5.0
very,"-- Template:uw-test1 --><b>[[User:Yoshi24517|<span style=""color:#00c700;font-family:'Rockwell'"">Yoshi24517</span>]] ([[User talk:Yoshi24517|<span style=""color:black;font-family:'Rockwell'"">Chat</span>]]) (<span style=""color:red;font-family:'Rockwell'"">Very Busy</span>)</b> 20:23, 27 January 2025 (UTC)","{""is_modifier"": true, ""softens_harshness"": 5, ""formality"": 5, ""degree"": 5}",5.0,5.0,5.0,5.0
very, It's a very famous painting I chose as my username with its own page mentioning nothing of what you say re: being used by terrorists [[Et in Arcadia ego (Poussin)|here]].,"{""is_modifier"": true, ""softens_harshness"": 5, ""formality"": 5, ""degree"": 5}",5.0,5.0,5.0,5.0
mostly,"This is a very serious escalation in response to my saying below that I think parts of the article may have been written by the article's subject and appear promotional (with the latter of which users @Qflib @Bmm29 and @Nhinchey all seem to agree to different extents, with a similar discussion taking place after I sought help from more experienced Wikipedians who mostly agreed [[Wikipedia_talk:Articles_for_deletion|here]], and then when some other editor I don't know also [[Wikipedia:Articles for deletion/Charles Read (historian)|nominated this article for deletion]], in which discussion I didn't even participate.","{""is_modifier"": true, ""softens_harshness"": 6, ""formality"": 5, ""degree"": 5}",6.0,5.0,5.0,6.0
very,"This is a very serious escalation in response to my saying below that I think parts of the article may have been written by the article's subject and appear promotional (with the latter of which users @Qflib @Bmm29 and @Nhinchey all seem to agree to different extents, with a similar discussion taking place after I sought help from more experienced Wikipedians who mostly agreed [[Wikipedia_talk:Articles_for_deletion|here]], and then when some other editor I don't know also [[Wikipedia:Articles for deletion/Charles Read (historian)|nominated this article for deletion]], in which discussion I didn't even participate.","{""is_modifier"": true, ""softens_harshness"": 3, ""formality"": 5, ""degree"": 5}",3.0,5.0,5.0,3.0
very,"Reporting my edits to the UK police because of my username is simply bizarre, and indeed adds to the impression that all of this has a personal feel, rather than an encyclopaedic one, which was the very core of my initial concern.","{""is_modifier"": true, ""softens_harshness"": 4, ""formality"": 7, ""degree"": 2}",4.0,7.0,2.0,4.0
pretty," I am pretty new to deletion procedures, but I'm pretty sure it qualifies for [[WP:PROD]].","{""is_modifier"": true, ""softens_harshness"": 7, ""formality"": 3, ""degree"": 4}",7.0,3.0,4.0,7.0
very,"-- Template:uw-delete1 --><b>[[User:Yoshi24517|<span style=""color:#00c700;font-family:'Rockwell'"">Yoshi24517</span>]] ([[User talk:Yoshi24517|<span style=""color:black;font-family:'Rockwell'"">Chat</span>]]) (<span style=""color:red;font-family:'Rockwell'"">Very Busy</span>)</b> 20:24, 27 January 2025 (UTC)","{""is_modifier"": true, ""softens_harshness"": 5, ""formality"": 5, ""degree"": 5}",5.0,5.0,5.0,5.0
very,"-- Template:uw-vandalism2 --><b>[[User:Yoshi24517|<span style=""color:#00c700;font-family:'Rockwell'"">Yoshi24517</span>]] ([[User talk:Yoshi24517|<span style=""color:black;font-family:'Rockwell'"">Chat</span>]]) (<span style=""color:red;font-family:'Rockwell'"">Very Busy</span>)</b> 20:29, 27 January 2025 (UTC)","{""is_modifier"": true, ""softens_harshness"": 5, ""formality"": 5, ""degree"": 5}",5.0,5.0,5.0,5.0
very,"-- Template:uw-vandalism1 --><b>[[User:Yoshi24517|<span style=""color:#00c700;font-family:'Rockwell'"">Yoshi24517</span>]] ([[User talk:Yoshi24517|<span style=""color:black;font-family:'Rockwell'"">Chat</span>]]) (<span style=""color:red;font-family:'Rockwell'"">Very Busy</span>)</b> 20:31, 27 January 2025 (UTC)","{""is_modifier"": true, ""softens_harshness"": 5, ""formality"": 5, ""degree"": 5}",5.0,5.0,5.0,5.0
very,"-- Template:uw-test1 --><b>[[User:Yoshi24517|<span style=""color:#00c700;font-family:'Rockwell'"">Yoshi24517</span>]] ([[User talk:Yoshi24517|<span style=""color:black;font-family:'Rockwell'"">Chat</span>]]) (<span style=""color:red;font-family:'Rockwell'"">Very Busy</span>)</b> 20:32, 27 January 2025 (UTC)","{""is_modifier"": true, ""softens_harshness"": 5, ""formality"": 5, ""degree"": 5}",5.0,5.0,5.0,5.0
very,"-- Template:uw-unsourced2 --> <b>[[User:Yoshi24517|<span style=""color:#00c700;font-family:'Rockwell'"">Yoshi24517</span>]] ([[User talk:Yoshi24517|<span style=""color:black;font-family:'Rockwell'"">Chat</span>]]) (<span style=""color:red;font-family:'Rockwell'"">Very Busy</span>)</b> 21:05, 27 January 2025 (UTC)","{""is_modifier"": true, ""softens_harshness"": 5, ""formality"": 5, ""degree"": 5}",5.0,5.0,5.0,5.0
very,"-- Template:uw-vandalism1 --><b>[[User:Yoshi24517|<span style=""color:#00c700;font-family:'Rockwell'"">Yoshi24517</span>]] ([[User talk:Yoshi24517|<span style=""color:black;font-family:'Rockwell'"">Chat</span>]]) (<span style=""color:red;font-family:'Rockwell'"">Very Busy</span>)</b> 20:32, 27 January 2025 (UTC)","{""is_modifier"": true, ""softens_harshness"": 5, ""formality"": 5, ""degree"": 5}",5.0,5.0,5.0,5.0
very,"-- Template:uw-vandalism1 --><b>[[User:Yoshi24517|<span style=""color:#00c700;font-family:'Rockwell'"">Yoshi24517</span>]] ([[User talk:Yoshi24517|<span style=""color:black;font-family:'Rockwell'"">Chat</span>]]) (<span style=""color:red;font-family:'Rockwell'"">Very Busy</span>)</b> 20:36, 27 January 2025 (UTC)","{""is_modifier"": true, ""softens_harshness"": 5, ""formality"": 5, ""degree"": 5}",5.0,5.0,5.0,5.0
very,"-- Template:uw-delete1 --><b>[[User:Yoshi24517|<span style=""color:#00c700;font-family:'Rockwell'"">Yoshi24517</span>]] ([[User talk:Yoshi24517|<span style=""color:black;font-family:'Rockwell'"">Chat</span>]]) (<span style=""color:red;font-family:'Rockwell'"">Very Busy</span>)</b> 20:38, 27 January 2025 (UTC)","{""is_modifier"": true, ""softens_harshness"": 5, ""formality"": 5, ""degree"": 5}",5.0,5.0,5.0,5.0
very,"-- Template:uw-vandalism1 --><b>[[User:Yoshi24517|<span style=""color:#00c700;font-family:'Rockwell'"">Yoshi24517</span>]] ([[User talk:Yoshi24517|<span style=""color:black;font-family:'Rockwell'"">Chat</span>]]) (<span style=""color:red;font-family:'Rockwell'"">Very Busy</span>)</b> 20:38, 27 January 2025 (UTC)","{""is_modifier"": true, ""softens_harshness"": 5, ""formality"": 5, ""degree"": 5}",5.0,5.0,5.0,5.0
very,"-- Template:uw-unsourced2 --> <b>[[User:Yoshi24517|<span style=""color:#00c700;font-family:'Rockwell'"">Yoshi24517</span>]] ([[User talk:Yoshi24517|<span style=""color:black;font-family:'Rockwell'"">Chat</span>]]) (<span style=""color:red;font-family:'Rockwell'"">Very Busy</span>)</b> 20:41, 27 January 2025 (UTC)","{""is_modifier"": true, ""softens_harshness"": 5, ""formality"": 5, ""degree"": 5}",5.0,5.0,5.0,5.0
very,"-- Template:uw-unsourced1 --> <b>[[User:Yoshi24517|<span style=""color:#00c700;font-family:'Rockwell'"">Yoshi24517</span>]] ([[User talk:Yoshi24517|<span style=""color:black;font-family:'Rockwell'"">Chat</span>]]) (<span style=""color:red;font-family:'Rockwell'"">Very Busy</span>)</b> 20:40, 27 January 2025 (UTC)","{""is_modifier"": true, ""softens_harshness"": 5, ""formality"": 5, ""degree"": 5}",5.0,5.0,5.0,5.0
very,"-- Template:uw-npov2 --><b>[[User:Yoshi24517|<span style=""color:#00c700;font-family:'Rockwell'"">Yoshi24517</span>]] ([[User talk:Yoshi24517|<span style=""color:black;font-family:'Rockwell'"">Chat</span>]]) (<span style=""color:red;font-family:'Rockwell'"">Very Busy</span>)</b> 21:06, 27 January 2025 (UTC)","{""is_modifier"": true, ""softens_harshness"": 5, ""formality"": 5, ""degree"": 5}",5.0,5.0,5.0,5.0
very,"-- Template:uw-npov1 --> <b>[[User:Yoshi24517|<span style=""color:#00c700;font-family:'Rockwell'"">Yoshi24517</span>]] ([[User talk:Yoshi24517|<span style=""color:black;font-family:'Rockwell'"">Chat</span>]]) (<span style=""color:red;font-family:'Rockwell'"">Very Busy</span>)</b> 20:40, 27 January 2025 (UTC)","{""is_modifier"": true, ""softens_harshness"": 5, ""formality"": 5, ""degree"": 5}",5.0,5.0,5.0,5.0
very,"-- Template:uw-delete1 --><b>[[User:Yoshi24517|<span style=""color:#00c700;font-family:'Rockwell'"">Yoshi24517</span>]] ([[User talk:Yoshi24517|<span style=""color:black;font-family:'Rockwell'"">Chat</span>]]) (<span style=""color:red;font-family:'Rockwell'"">Very Busy</span>)</b> 20:41, 27 January 2025 (UTC)","{""is_modifier"": true, ""softens_harshness"": 5, ""formality"": 5, ""degree"": 5}",5.0,5.0,5.0,5.0
a little,"Thanks again for recognizing my good faith in the AN/I a little over a week ago, and I'm sorry to see you've had a rough time since I took my break.","{""is_modifier"": true, ""softens_harshness"": 5, ""formality"": 4, ""degree"": 5}",5.0,4.0,5.0,5.0
a little,"If you'd like that, just let me know a little of your current background, intellectual taste, and technical comfort level.","{""is_modifier"": true, ""softens_harshness"": 8, ""formality"": 4, ""degree"": 5}",8.0,4.0,5.0,8.0
very," <b>[[User:Yoshi24517|<span style=""color:#00c700;font-family:'Rockwell'"">Yoshi24517</span>]] ([[User talk:Yoshi24517|<span style=""color:black;font-family:'Rockwell'"">Chat</span>]]) (<span style=""color:red;font-family:'Rockwell'"">Very Busy</span>)</b> 20:55, 27 January 2025 (UTC)</s>","{""is_modifier"": true, ""softens_harshness"": 5, ""formality"": 5, ""degree"": 5}",5.0,5.0,5.0,5.0
very,":Retracting this, as I was very clearly wrong.","{""is_modifier"": true, ""softens_harshness"": 4, ""formality"": 5, ""degree"": 5}",4.0,5.0,5.0,4.0
very," <b>[[User:Yoshi24517|<span style=""color:#00c700;font-family:'Rockwell'"">Yoshi24517</span>]] ([[User talk:Yoshi24517|<span style=""color:black;font-family:'Rockwell'"">Chat</span>]]) (<span style=""color:red;font-family:'Rockwell'"">Very Busy</span>)</b> 22:28, 27 January 2025 (UTC)","{""is_modifier"": true, ""softens_harshness"": 5, ""formality"": 5, ""degree"": 5}",5.0,5.0,5.0,5.0
very,"-- Template:uw-vandalism1 --><b>[[User:Yoshi24517|<span style=""color:#00c700;font-family:'Rockwell'"">Yoshi24517</span>]] ([[User talk:Yoshi24517|<span style=""color:black;font-family:'Rockwell'"">Chat</span>]]) (<span style=""color:red;font-family:'Rockwell'"">Very Busy</span>)</b> 20:57, 27 January 2025 (UTC)","{""is_modifier"": true, ""softens_harshness"": 5, ""formality"": 5, ""degree"": 5}",5.0,5.0,5.0,5.0
very,"-- Template:uw-vandalism1 --><b>[[User:Yoshi24517|<span style=""color:#00c700;font-family:'Rockwell'"">Yoshi24517</span>]] ([[User talk:Yoshi24517|<span style=""color:black;font-family:'Rockwell'"">Chat</span>]]) (<span style=""color:red;font-family:'Rockwell'"">Very Busy</span>)</b> 20:59, 27 January 2025 (UTC)","{""is_modifier"": true, ""softens_harshness"": 5, ""formality"": 5, ""degree"": 5}",5.0,5.0,5.0,5.0
very,"-- Template:uw-vandalism2 --><b>[[User:Yoshi24517|<span style=""color:#00c700;font-family:'Rockwell'"">Yoshi24517</span>]] ([[User talk:Yoshi24517|<span style=""color:black;font-family:'Rockwell'"">Chat</span>]]) (<span style=""color:red;font-family:'Rockwell'"">Very Busy</span>)</b> 21:02, 27 January 2025 (UTC)","{""is_modifier"": true, ""softens_harshness"": 5, ""formality"": 5, ""degree"": 5}",5.0,5.0,5.0,5.0
very,"-- Template:uw-unsourced1 --> <b>[[User:Yoshi24517|<span style=""color:#00c700;font-family:'Rockwell'"">Yoshi24517</span>]] ([[User talk:Yoshi24517|<span style=""color:black;font-family:'Rockwell'"">Chat</span>]]) (<span style=""color:red;font-family:'Rockwell'"">Very Busy</span>)</b> 21:03, 27 January 2025 (UTC)","{""is_modifier"": true, ""softens_harshness"": 5, ""formality"": 5, ""degree"": 5}",5.0,5.0,5.0,5.0
very,"-- Template:uw-vandalism1 --><b>[[User:Yoshi24517|<span style=""color:#00c700;font-family:'Rockwell'"">Yoshi24517</span>]] ([[User talk:Yoshi24517|<span style=""color:black;font-family:'Rockwell'"">Chat</span>]]) (<span style=""color:red;font-family:'Rockwell'"">Very Busy</span>)</b> 21:04, 27 January 2025 (UTC)","{""is_modifier"": true, ""softens_harshness"": 5, ""formality"": 5, ""degree"": 5}",5.0,5.0,5.0,5.0
very,"-- Template:uw-vandalism1 --><b>[[User:Yoshi24517|<span style=""color:#00c700;font-family:'Rockwell'"">Yoshi24517</span>]] ([[User talk:Yoshi24517|<span style=""color:black;font-family:'Rockwell'"">Chat</span>]]) (<span style=""color:red;font-family:'Rockwell'"">Very Busy</span>)</b> 21:05, 27 January 2025 (UTC)","{""is_modifier"": true, ""softens_harshness"": 5, ""formality"": 5, ""degree"": 5}",5.0,5.0,5.0,5.0
very," This has been very discouraging for me, as I only wish to contribute meaningful content while following Wikipedia’s guidelines.","{""is_modifier"": true, ""softens_harshness"": 3, ""formality"": 5, ""degree"": 5}",3.0,5.0,5.0,3.0
very,:::::Thank you very much for this information.,"{""is_modifier"": true, ""softens_harshness"": 5, ""formality"": 6, ""degree"": 5}",5.0,6.0,5.0,5.0
quite," You can try to [[WP:YFA|create your own article]], but it's quite difficult!","{""is_modifier"": true, ""softens_harshness"": 7, ""formality"": 6, ""degree"": 4}",7.0,6.0,4.0,7.0
very,"-- Template:uw-vandalism1 --><b>[[User:Yoshi24517|<span style=""color:#00c700;font-family:'Rockwell'"">Yoshi24517</span>]] ([[User talk:Yoshi24517|<span style=""color:black;font-family:'Rockwell'"">Chat</span>]]) (<span style=""color:red;font-family:'Rockwell'"">Very Busy</span>)</b> 22:32, 27 January 2025 (UTC)","{""is_modifier"": true, ""softens_harshness"": 5, ""formality"": 5, ""degree"": 5}",5.0,5.0,5.0,5.0
very,"-- Template:uw-vandalism2 --><b>[[User:Yoshi24517|<span style=""color:#00c700;font-family:'Rockwell'"">Yoshi24517</span>]] ([[User talk:Yoshi24517|<span style=""color:black;font-family:'Rockwell'"">Chat</span>]]) (<span style=""color:red;font-family:'Rockwell'"">Very Busy</span>)</b> 22:34, 27 January 2025 (UTC)","{""is_modifier"": true, ""softens_harshness"": 5, ""formality"": 5, ""degree"": 5}",5.0,5.0,5.0,5.0
very,"-- Template:uw-spam1 --><b>[[User:Yoshi24517|<span style=""color:#00c700;font-family:'Rockwell'"">Yoshi24517</span>]] ([[User talk:Yoshi24517|<span style=""color:black;font-family:'Rockwell'"">Chat</span>]]) (<span style=""color:red;font-family:'Rockwell'"">Very Busy</span>)</b> 22:40, 27 January 2025 (UTC)","{""is_modifier"": true, ""softens_harshness"": 5, ""formality"": 5, ""degree"": 5}",5.0,5.0,5.0,5.0
very,"-- Template:uw-unsourced1 --> <b>[[User:Yoshi24517|<span style=""color:#00c700;font-family:'Rockwell'"">Yoshi24517</span>]] ([[User talk:Yoshi24517|<span style=""color:black;font-family:'Rockwell'"">Chat</span>]]) (<span style=""color:red;font-family:'Rockwell'"">Very Busy</span>)</b> 22:41, 27 January 2025 (UTC)","{""is_modifier"": true, ""softens_harshness"": 5, ""formality"": 5, ""degree"": 5}",5.0,5.0,5.0,5.0
very,"-- Template:uw-vandalism1 --><b>[[User:Yoshi24517|<span style=""color:#00c700;font-family:'Rockwell'"">Yoshi24517</span>]] ([[User talk:Yoshi24517|<span style=""color:black;font-family:'Rockwell'"">Chat</span>]]) (<span style=""color:red;font-family:'Rockwell'"">Very Busy</span>)</b> 22:42, 27 January 2025 (UTC)","{""is_modifier"": true, ""softens_harshness"": 5, ""formality"": 5, ""degree"": 5}",5.0,5.0,5.0,5.0
very,"-- Template:uw-unsourced1 --> <b>[[User:Yoshi24517|<span style=""color:#00c700;font-family:'Rockwell'"">Yoshi24517</span>]] ([[User talk:Yoshi24517|<span style=""color:black;font-family:'Rockwell'"">Chat</span>]]) (<span style=""color:red;font-family:'Rockwell'"">Very Busy</span>)</b> 22:45, 27 January 2025 (UTC)","{""is_modifier"": true, ""softens_harshness"": 5, ""formality"": 5, ""degree"": 5}",5.0,5.0,5.0,5.0
very,"-- Template:uw-vandalism2 --><b>[[User:Yoshi24517|<span style=""color:#00c700;font-family:'Rockwell'"">Yoshi24517</span>]] ([[User talk:Yoshi24517|<span style=""color:black;font-family:'Rockwell'"">Chat</span>]]) (<span style=""color:red;font-family:'Rockwell'"">Very Busy</span>)</b> 22:49, 27 January 2025 (UTC)","{""is_modifier"": true, ""softens_harshness"": 5, ""formality"": 5, ""degree"": 5}",5.0,5.0,5.0,5.0
very,"-- Template:uw-spam1 --><b>[[User:Yoshi24517|<span style=""color:#00c700;font-family:'Rockwell'"">Yoshi24517</span>]] ([[User talk:Yoshi24517|<span style=""color:black;font-family:'Rockwell'"">Chat</span>]]) (<span style=""color:red;font-family:'Rockwell'"">Very Busy</span>)</b> 22:46, 27 January 2025 (UTC)","{""is_modifier"": true, ""softens_harshness"": 5, ""formality"": 5, ""degree"": 5}",5.0,5.0,5.0,5.0
very,"-- Template:uw-vandalism1 --><b>[[User:Yoshi24517|<span style=""color:#00c700;font-family:'Rockwell'"">Yoshi24517</span>]] ([[User talk:Yoshi24517|<span style=""color:black;font-family:'Rockwell'"">Chat</span>]]) (<span style=""color:red;font-family:'Rockwell'"">Very Busy</span>)</b> 22:48, 27 January 2025 (UTC)","{""is_modifier"": true, ""softens_harshness"": 5, ""formality"": 5, ""degree"": 5}",5.0,5.0,5.0,5.0
very,"-- Template:uw-test1 --><b>[[User:Yoshi24517|<span style=""color:#00c700;font-family:'Rockwell'"">Yoshi24517</span>]] ([[User talk:Yoshi24517|<span style=""color:black;font-family:'Rockwell'"">Chat</span>]]) (<span style=""color:red;font-family:'Rockwell'"">Very Busy</span>)</b> 22:48, 27 January 2025 (UTC)","{""is_modifier"": true, ""softens_harshness"": 5, ""formality"": 5, ""degree"": 5}",5.0,5.0,5.0,5.0
very,"-- Template:uw-vandalism3 --><b>[[User:Yoshi24517|<span style=""color:#00c700;font-family:'Rockwell'"">Yoshi24517</span>]] ([[User talk:Yoshi24517|<span style=""color:black;font-family:'Rockwell'"">Chat</span>]]) (<span style=""color:red;font-family:'Rockwell'"">Very Busy</span>)</b> 22:50, 27 January 2025 (UTC)","{""is_modifier"": true, ""softens_harshness"": 5, ""formality"": 5, ""degree"": 5}",5.0,5.0,5.0,5.0
very,"-- Template:uw-vandalism4 --> <b>[[User:Yoshi24517|<span style=""color:#00c700;font-family:'Rockwell'"">Yoshi24517</span>]] ([[User talk:Yoshi24517|<span style=""color:black;font-family:'Rockwell'"">Chat</span>]]) (<span style=""color:red;font-family:'Rockwell'"">Very Busy</span>)</b> 22:52, 27 January 2025 (UTC)","{""is_modifier"": true, ""softens_harshness"": 5, ""formality"": 5, ""degree"": 5}",5.0,5.0,5.0,5.0
very,"-- Template:uw-vandalism1 --><b>[[User:Yoshi24517|<span style=""color:#00c700;font-family:'Rockwell'"">Yoshi24517</span>]] ([[User talk:Yoshi24517|<span style=""color:black;font-family:'Rockwell'"">Chat</span>]]) (<span style=""color:red;font-family:'Rockwell'"">Very Busy</span>)</b> 22:49, 27 January 2025 (UTC)","{""is_modifier"": true, ""softens_harshness"": 5, ""formality"": 5, ""degree"": 5}",5.0,5.0,5.0,5.0
very,"-- Template:uw-vandalism2 --><b>[[User:Yoshi24517|<span style=""color:#00c700;font-family:'Rockwell'"">Yoshi24517</span>]] ([[User talk:Yoshi24517|<span style=""color:black;font-family:'Rockwell'"">Chat</span>]]) (<span style=""color:red;font-family:'Rockwell'"">Very Busy</span>)</b> 22:51, 27 January 2025 (UTC)","{""is_modifier"": true, ""softens_harshness"": 5, ""formality"": 5, ""degree"": 5}",5.0,5.0,5.0,5.0
very,"-- Template:uw-coi --> <b>[[User:Yoshi24517|<span style=""color:#00c700;font-family:'Rockwell'"">Yoshi24517</span>]] ([[User talk:Yoshi24517|<span style=""color:black;font-family:'Rockwell'"">Chat</span>]]) (<span style=""color:red;font-family:'Rockwell'"">Very Busy</span>)</b> 22:51, 27 January 2025 (UTC)","{""is_modifier"": true, ""softens_harshness"": 5, ""formality"": 5, ""degree"": 5}",5.0,5.0,5.0,5.0
very,"-- Template:uw-vandalism2 --><b>[[User:Yoshi24517|<span style=""color:#00c700;font-family:'Rockwell'"">Yoshi24517</span>]] ([[User talk:Yoshi24517|<span style=""color:black;font-family:'Rockwell'"">Chat</span>]]) (<span style=""color:red;font-family:'Rockwell'"">Very Busy</span>)</b> 22:55, 27 January 2025 (UTC)","{""is_modifier"": true, ""softens_harshness"": 5, ""formality"": 5, ""degree"": 5}",5.0,5.0,5.0,5.0
very,"-- Template:uw-vandalism3 --><b>[[User:Yoshi24517|<span style=""color:#00c700;font-family:'Rockwell'"">Yoshi24517</span>]] ([[User talk:Yoshi24517|<span style=""color:black;font-family:'Rockwell'"">Chat</span>]]) (<span style=""color:red;font-family:'Rockwell'"">Very Busy</span>)</b> 22:57, 27 January 2025 (UTC)","{""is_modifier"": true, ""softens_harshness"": 5, ""formality"": 5, ""degree"": 5}",5.0,5.0,5.0,5.0
a little,* Wikipedia user pages are for editors who are active in working for the project to give a little information about themselves ''in connection with their work for the encyclopaedia''; they are not places to post any other kind of material.,"{""is_modifier"": true, ""softens_harshness"": 6, ""formality"": 4, ""degree"": 5}",6.0,4.0,5.0,6.0
rather," I think the use of the term {{Xt|single}} here by journalists is due to the rather unusual release, since it's the debut of ''the'' Katy Perry the world knows to this day, and it's an EP of the same name and probably a significant minority noticed, apart from this the song, this release has 2 additional tracks, which shouldn't be surprising considering the title track's music video (and of course its lyrical layer, which for obvious reasons aroused interest).","{""is_modifier"": true, ""softens_harshness"": 7, ""formality"": 7, ""degree"": 4}",7.0,7.0,4.0,7.0
really," The very fact this video exists causes people to misuse the word {{Xt|single}} in a different meaning than it should be used, which is what others point out when a song is really a single (at least on Wikipedia :P).","{""is_modifier"": true, ""softens_harshness"": 5, ""formality"": 4, ""degree"": 3}",5.0,4.0,3.0,5.0
very," The very fact this video exists causes people to misuse the word {{Xt|single}} in a different meaning than it should be used, which is what others point out when a song is really a single (at least on Wikipedia :P).","{""is_modifier"": true, ""softens_harshness"": 4, ""formality"": 6, ""degree"": 0}",4.0,6.0,0.0,4.0
very, This seems to be very common.,"{""is_modifier"": true, ""softens_harshness"": 5, ""formality"": 5, ""degree"": 5}",5.0,5.0,5.0,5.0
quite," I’m not quite sure why the message ended up on my talk page, but you can make your request on the talk page for the list of best-selling music artists.","{""is_modifier"": true, ""softens_harshness"": 7, ""formality"": 6, ""degree"": 4}",7.0,6.0,4.0,7.0
very,"-- Template:uw-vandalism1 --><b>[[User:Yoshi24517|<span style=""color:#00c700;font-family:'Rockwell'"">Yoshi24517</span>]] ([[User talk:Yoshi24517|<span style=""color:black;font-family:'Rockwell'"">Chat</span>]]) (<span style=""color:red;font-family:'Rockwell'"">Very Busy</span>)</b> 22:58, 27 January 2025 (UTC)","{""is_modifier"": true, ""softens_harshness"": 5, ""formality"": 5, ""degree"": 5}",5.0,5.0,5.0,5.0
very,"-- Template:uw-unsourced1 --> <b>[[User:Yoshi24517|<span style=""color:#00c700;font-family:'Rockwell'"">Yoshi24517</span>]] ([[User talk:Yoshi24517|<span style=""color:black;font-family:'Rockwell'"">Chat</span>]]) (<span style=""color:red;font-family:'Rockwell'"">Very Busy</span>)</b> 22:58, 27 January 2025 (UTC)","{""is_modifier"": true, ""softens_harshness"": 5, ""formality"": 5, ""degree"": 5}",5.0,5.0,5.0,5.0
very,"-- Template:uw-test1 --><b>[[User:Yoshi24517|<span style=""color:#00c700;font-family:'Rockwell'"">Yoshi24517</span>]] ([[User talk:Yoshi24517|<span style=""color:black;font-family:'Rockwell'"">Chat</span>]]) (<span style=""color:red;font-family:'Rockwell'"">Very Busy</span>)</b> 22:58, 27 January 2025 (UTC)","{""is_modifier"": true, ""softens_harshness"": 5, ""formality"": 5, ""degree"": 5}",5.0,5.0,5.0,5.0
very,"-- Template:uw-vandalism1 --><b>[[User:Yoshi24517|<span style=""color:#00c700;font-family:'Rockwell'"">Yoshi24517</span>]] ([[User talk:Yoshi24517|<span style=""color:black;font-family:'Rockwell'"">Chat</span>]]) (<span style=""color:red;font-family:'Rockwell'"">Very Busy</span>)</b> 22:59, 27 January 2025 (UTC)","{""is_modifier"": true, ""softens_harshness"": 5, ""formality"": 5, ""degree"": 5}",5.0,5.0,5.0,5.0
very,"-- Template:uw-vandalism1 --><b>[[User:Yoshi24517|<span style=""color:#00c700;font-family:'Rockwell'"">Yoshi24517</span>]] ([[User talk:Yoshi24517|<span style=""color:black;font-family:'Rockwell'"">Chat</span>]]) (<span style=""color:red;font-family:'Rockwell'"">Very Busy</span>)</b> 23:05, 27 January 2025 (UTC)","{""is_modifier"": true, ""softens_harshness"": 5, ""formality"": 5, ""degree"": 5}",5.0,5.0,5.0,5.0
very,"-- Template:uw-vandalism2 --><b>[[User:Yoshi24517|<span style=""color:#00c700;font-family:'Rockwell'"">Yoshi24517</span>]] ([[User talk:Yoshi24517|<span style=""color:black;font-family:'Rockwell'"">Chat</span>]]) (<span style=""color:red;font-family:'Rockwell'"">Very Busy</span>)</b> 23:07, 27 January 2025 (UTC)","{""is_modifier"": true, ""softens_harshness"": 5, ""formality"": 5, ""degree"": 5}",5.0,5.0,5.0,5.0
very,"-- Template:uw-vandalism3 --><b>[[User:Yoshi24517|<span style=""color:#00c700;font-family:'Rockwell'"">Yoshi24517</span>]] ([[User talk:Yoshi24517|<span style=""color:black;font-family:'Rockwell'"">Chat</span>]]) (<span style=""color:red;font-family:'Rockwell'"">Very Busy</span>)</b> 23:12, 27 January 2025 (UTC)","{""is_modifier"": true, ""softens_harshness"": 5, ""formality"": 5, ""degree"": 5}",5.0,5.0,5.0,5.0
very,"-- Template:uw-test1 --><b>[[User:Yoshi24517|<span style=""color:#00c700;font-family:'Rockwell'"">Yoshi24517</span>]] ([[User talk:Yoshi24517|<span style=""color:black;font-family:'Rockwell'"">Chat</span>]]) (<span style=""color:red;font-family:'Rockwell'"">Very Busy</span>)</b> 23:05, 27 January 2025 (UTC)","{""is_modifier"": true, ""softens_harshness"": 5, ""formality"": 5, ""degree"": 5}",5.0,5.0,5.0,5.0
very,:Thank you very much for the warm welcome [[User:Ozzie10aaaa|Ozzie10aaaa]]!,"{""is_modifier"": true, ""softens_harshness"": 5, ""formality"": 6, ""degree"": 5}",5.0,6.0,5.0,5.0
a bit," Glad to have been lucky enough to be assigned a mentor who knows their way around, it's a bit intimidating for a newbie like me!","{""is_modifier"": true, ""softens_harshness"": 8, ""formality"": 4, ""degree"": 4}",8.0,4.0,4.0,8.0
very,"-- Template:uw-unsourced1 --> <b>[[User:Yoshi24517|<span style=""color:#00c700;font-family:'Rockwell'"">Yoshi24517</span>]] ([[User talk:Yoshi24517|<span style=""color:black;font-family:'Rockwell'"">Chat</span>]]) (<span style=""color:red;font-family:'Rockwell'"">Very Busy</span>)</b> 23:12, 27 January 2025 (UTC)","{""is_modifier"": true, ""softens_harshness"": 5, ""formality"": 5, ""degree"": 5}",5.0,5.0,5.0,5.0
